PRAGMA defer_foreign_keys=TRUE;
CREATE TABLE stores (
  id INTEGER PRIMARY KEY AUTOINCREMENT,
  name TEXT NOT NULL,
  subdomain TEXT NOT NULL UNIQUE,
  custom_domain TEXT UNIQUE,
  plan_type TEXT DEFAULT 'free',
  logo TEXT,
  theme TEXT DEFAULT 'default',
  currency TEXT DEFAULT 'USD',
  is_active INTEGER DEFAULT 1,
  created_at INTEGER DEFAULT (unixepoch()),
  updated_at INTEGER DEFAULT (unixepoch())
, mode TEXT DEFAULT 'store', featured_product_id INTEGER REFERENCES products(id), landing_config TEXT, theme_config TEXT, `default_language` text DEFAULT 'en', `notification_email` text, `email_notifications_enabled` integer DEFAULT true, `low_stock_threshold` integer DEFAULT 10, `favicon` text, `social_links` text, `font_family` text DEFAULT 'inter', `footer_config` text, `custom_domain_request` text, `custom_domain_status` text DEFAULT 'none', `custom_domain_requested_at` integer, `subscription_status` text DEFAULT 'active', `usage_limits` text, business_info TEXT, `cloudflare_hostname_id` text, `ssl_status` text DEFAULT 'pending', `dns_verified` integer DEFAULT false, onboarding_status TEXT DEFAULT 'pending_plan', setup_step INTEGER DEFAULT 0, `custom_privacy_policy` text, `custom_terms_of_service` text, `custom_refund_policy` text, courier_settings text, payment_transaction_id TEXT, payment_status TEXT DEFAULT 'none', payment_submitted_at INTEGER, payment_amount REAL, payment_phone TEXT, is_customer_ai_enabled INTEGER DEFAULT 0, ai_bot_persona TEXT, `subscription_payment_method` text, `subscription_start_date` integer, `subscription_end_date` integer, `admin_note` text, `shipping_config` text, `facebook_pixel_id` text, `deleted_at` integer, `google_analytics_id` text, `facebook_access_token` text, monthly_visitor_count INTEGER DEFAULT 0, visitor_count_reset_at INTEGER, manual_payment_config TEXT, ai_agent_request_status TEXT DEFAULT 'none', ai_agent_requested_at INTEGER, landing_config_draft TEXT, `ai_plan` text, ai_credits INTEGER DEFAULT 50, custom_google_client_id TEXT, custom_google_client_secret TEXT, homepage_builder_page_id TEXT, store_enabled INTEGER DEFAULT 1, home_entry TEXT DEFAULT 'store_home');
INSERT INTO "stores" VALUES(1,'Demo Store','demo',NULL,'pro',NULL,'default','USD',1,1767543335,1768037698,'store',NULL,NULL,NULL,'en',NULL,1,10,NULL,NULL,'inter',NULL,NULL,'none',NULL,'active',NULL,NULL,NULL,'pending',0,'completed',0,NULL,NULL,NULL,NULL,NULL,'none',NULL,NULL,NULL,0,NULL,NULL,NULL,NULL,NULL,NULL,NULL,1768037698,NULL,NULL,7,1768250078,NULL,'none',NULL,NULL,NULL,50,NULL,NULL,NULL,1,'store_home');
INSERT INTO "stores" VALUES(2,'Fashion Hub','fashion',NULL,'starter',NULL,'default','USD',1,1767543335,1768037700,'store',NULL,NULL,NULL,'en',NULL,1,10,NULL,NULL,'inter',NULL,NULL,'none',NULL,'active',NULL,NULL,NULL,'pending',0,'completed',0,NULL,NULL,NULL,NULL,NULL,'none',NULL,NULL,NULL,0,NULL,NULL,NULL,NULL,NULL,NULL,NULL,1768037700,NULL,NULL,0,NULL,NULL,'none',NULL,NULL,NULL,50,NULL,NULL,NULL,1,'store_home');
INSERT INTO "stores" VALUES(3,'Tech Shop','tech','techshop.example.com','enterprise',NULL,'default','USD',1,1767543335,1768037705,'store',NULL,NULL,NULL,'en',NULL,1,10,NULL,NULL,'inter',NULL,NULL,'none',NULL,'active',NULL,NULL,NULL,'pending',0,'completed',0,NULL,NULL,NULL,NULL,NULL,'none',NULL,NULL,NULL,0,NULL,NULL,NULL,NULL,NULL,NULL,NULL,1768037705,NULL,NULL,0,NULL,NULL,'none',NULL,NULL,NULL,50,NULL,NULL,NULL,1,'store_home');
INSERT INTO "stores" VALUES(4,'Test Store 123','teststore123',NULL,'starter',NULL,'default','BDT',1,1767609120,1768037679,'landing',NULL,NULL,NULL,'en',NULL,1,10,NULL,NULL,'inter',NULL,NULL,'none',NULL,'active',NULL,NULL,NULL,'pending',0,'completed',0,NULL,NULL,NULL,NULL,NULL,'none',NULL,NULL,NULL,0,NULL,NULL,NULL,NULL,NULL,NULL,NULL,1768037679,NULL,NULL,0,NULL,NULL,'none',NULL,NULL,NULL,50,NULL,NULL,NULL,1,'store_home');
INSERT INTO "stores" VALUES(5,'DC Store','dc-store',NULL,'starter',NULL,'default','BDT',1,1767609662,1768884976,'landing',21,'{"templateId":"premium-bd","headline":"বাসমতি চাল ","subheadline":"সেরা মানের বাসমতি চাল ","ctaText":"Buy Now","ctaSubtext":"Best product guarantee","urgencyText":"Limited time offer","videoUrl":"","sectionOrder":["hero","cta","features","video","testimonials","faq","trust","gallery","benefits","comparison","social","delivery","guarantee","custom"],"hiddenSections":[],"whatsappEnabled":true,"whatsappNumber":"01739416661","whatsappMessage":"","callEnabled":false,"callNumber":"","guaranteeText":"১০০% সন্তুষ্টির গ্যারান্টি। পছন্দ না হলে ৭ দিনের মধ্যে ফেরত।","testimonials":[],"faq":[],"features":[{"icon":"✅","title":"প্রিমিয়াম কোয়ালিটি","description":"সেরা মানের উপাদান দিয়ে তৈরি"},{"icon":"🚚","title":"দ্রুত ডেলিভারি","description":"২-৩ কার্যদিবসের মধ্যে ডেলিভারি"},{"icon":"💯","title":"সন্তুষ্টির গ্যারান্টি","description":"পছন্দ না হলে সম্পূর্ণ টাকা ফেরত"},{"icon":"🔒","title":"নিরাপদ পেমেন্ট","description":"আপনার পেমেন্ট ১০০% নিরাপদ"}],"countdownEnabled":true,"countdownEndTime":"2026-01-30T13:52","showStockCounter":true,"lowStockThreshold":10,"showSocialProof":true,"socialProofInterval":15,"primaryColor":"#54559c","accentColor":"#c8baa2","backgroundColor":"#ffffff","textColor":"#111827","borderColor":"#e5e7eb","typography":{"headingSize":"medium","bodySize":"medium","lineHeight":"normal","letterSpacing":"normal"},"galleryImages":[],"benefits":[],"orderFormVariant":"full-width","trustBadges":[],"customSections":[],"fontFamily":"hind-siliguri","landingLanguage":"bn"}','{"storeTemplateId":"starter-store","primaryColor":"#1a1a1a","accentColor":"#c9a961","backgroundColor":"#faf9f7","textColor":"#1a1a1a","sections":[{"id":"hero-1768322503373","type":"hero","settings":{"heading":"Welcome to Our Store","subheading":"Discover our premium collection","primaryAction":{"label":"Shop Now","url":"/#products"},"alignment":"center","layout":"standard"}},{"id":"modern-hero-1768322513158","type":"modern-hero","settings":{"heading":"Premium Quality Products","subheading":"Discover our amazing collection...","primaryAction":{"label":"Shop Now","url":"/products"},"secondaryAction":{"label":"Browse Categories","url":"/about"},"image":""}},{"id":"rich-text-1768322518959","type":"rich-text","settings":{"heading":"Our Story","text":"Share your brand story here.","alignment":"center"}},{"id":"modern-features-1768323137024","type":"modern-features","settings":{"heading":"Why Choose Us?","subheading":"We''re committed to providing the best shopping experience","features":[{"icon":"✨","title":"Premium Quality","description":"Highest quality standards."},{"icon":"⚡","title":"Fast Delivery","description":"24-48 hours delivery."},{"icon":"💬","title":"24/7 Support","description":"Always ready to help."}]}},{"id":"product-scroll-1768323150023","type":"product-scroll","settings":{"heading":"Featured Products","limit":10,"mode":"default"}},{"id":"product-grid-1768323196140","type":"product-grid","settings":{"heading":"Featured Products","productCount":8,"paddingTop":"large","paddingBottom":"large","addToCartText":"Add to Bag","showWishlist":true}},{"id":"features-1768323211291","type":"features","settings":{"heading":"Why Choose Us","backgroundColor":"white"}}],"borderColor":"#e5e7eb","typography":{"headingSize":"medium","bodySize":"medium","lineHeight":"normal","letterSpacing":"normal"},"bannerUrl":"","bannerText":"","customCSS":"","headerLayout":"centered","headerShowSearch":true,"headerShowCart":true,"footerDescription":"","copyrightText":"","footerColumns":[],"floatingWhatsappEnabled":true,"floatingCallEnabled":true,"checkoutStyle":"standard","productSections":[{"id":"p-header","type":"product-header","settings":{}},{"id":"p-gallery","type":"product-gallery","settings":{}},{"id":"p-info","type":"product-info","settings":{}},{"id":"p-reviews","type":"product-reviews","settings":{}}]}','en',NULL,1,10,NULL,'{"facebook":"","instagram":"","whatsapp":""}','baloo-da',NULL,NULL,'none',NULL,'active',NULL,'{"phone":"","email":"","address":""}',NULL,'pending',0,'completed',0,NULL,NULL,NULL,NULL,NULL,'none',NULL,NULL,NULL,1,NULL,NULL,NULL,NULL,NULL,NULL,NULL,NULL,NULL,NULL,214,1768071517,NULL,'approved',NULL,'{"templateId":"minimal-light","headline":"বাসমতি চাল ","subheadline":"সেরা মানের বাসমতি চাল ","ctaText":"Buy Now","ctaSubtext":"Best product guarantee","urgencyText":"Limited time offer","videoUrl":"","sectionOrder":["hero","problem-solution","showcase","pricing","how-to-order","cta","features","video","testimonials","faq","trust","gallery","benefits","comparison","social","delivery","guarantee","custom"],"hiddenSections":[],"whatsappEnabled":true,"whatsappNumber":"01739416661","whatsappMessage":"","callEnabled":true,"callNumber":"01739416661","guaranteeText":"১০০% সন্তুষ্টির গ্যারান্টি। পছন্দ না হলে ৭ দিনের মধ্যে ফেরত।","testimonials":[],"faq":[],"features":[{"icon":"✅","title":"প্রিমিয়াম কোয়ালিটি","description":"সেরা মানের উপাদান দিয়ে তৈরি"},{"icon":"🚚","title":"দ্রুত ডেলিভারি","description":"২-৩ কার্যদিবসের মধ্যে ডেলিভারি"},{"icon":"💯","title":"সন্তুষ্টির গ্যারান্টি","description":"পছন্দ না হলে সম্পূর্ণ টাকা ফেরত"},{"icon":"🔒","title":"নিরাপদ পেমেন্ট","description":"আপনার পেমেন্ট ১০০% নিরাপদ"}],"countdownEnabled":true,"countdownEndTime":"2026-01-30T13:52","showStockCounter":true,"lowStockThreshold":10,"showSocialProof":true,"socialProofInterval":15,"primaryColor":"#54559c","accentColor":"#c8baa2","backgroundColor":"#ffffff","textColor":"#111827","borderColor":"#e5e7eb","typography":{"headingSize":"medium","bodySize":"medium","lineHeight":"normal","letterSpacing":"normal"},"galleryImages":[],"benefits":[],"orderFormVariant":"full-width","trustBadges":[],"customSections":[],"pricingData":{"features":["প্রিমিয়াম প্রোডাক্ট (১ পিস)","ফ্রি গিফট আইটেম","প্রিমিয়াম প্যাকেজিং","ঢাকায় ফ্রি ডেলিভারি","১ বছর ওয়ারেন্টি","৭ দিনে রিটার্ন গ্যারান্টি"]},"showcaseData":{"features":["প্রিমিয়াম কোয়ালিটি ম্যাটেরিয়াল","দীর্ঘ স্থায়িত্ব ও টেকসই ডিজাইন","ব্যবহার করা সহজ","১ বছরের ওয়ারেন্টি","ফ্রি গাইডলাইন ভিডিও"]},"howToOrderData":{"steps":[{"title":"ফর্ম পূরণ করুন","description":"উপরের অর্ডার ফর্মে আপনার নাম, ফোন ও ঠিকানা দিন"},{"title":"কল কনফার্মেশন","description":"আমাদের টিম আপনাকে কল করে অর্ডার কনফার্ম করবে"},{"title":"দ্রুত ডেলিভারি","description":"ঢাকায় ২৪ ঘণ্টায়, সারাদেশে ৩-৫ দিনে ডেলিভারি"},{"title":"টাকা দিন","description":"প্রোডাক্ট হাতে পেয়ে চেক করে টাকা দিন"}]},"fontFamily":"hind-siliguri","landingLanguage":"bn"}','standard',50,NULL,NULL,NULL,1,'store_home');
INSERT INTO "stores" VALUES(6,'Black Pearl','blackpearl',NULL,'free',NULL,'default','BDT',1,1767624212,1767624212,'landing',NULL,NULL,NULL,'en',NULL,1,10,NULL,NULL,'inter',NULL,NULL,'none',NULL,'active',NULL,NULL,NULL,'pending',0,'completed',0,NULL,NULL,NULL,NULL,NULL,'none',NULL,NULL,NULL,0,NULL,NULL,NULL,NULL,NULL,NULL,NULL,NULL,NULL,NULL,2,1768037623,NULL,'none',NULL,NULL,NULL,50,NULL,NULL,NULL,1,'store_home');
INSERT INTO "stores" VALUES(7,'IT STORE SCH','itstoresch',NULL,'free',NULL,'default','BDT',1,1767655069,1767655069,'landing',NULL,NULL,NULL,'en',NULL,1,10,NULL,NULL,'inter',NULL,NULL,'none',NULL,'active',NULL,NULL,NULL,'pending',0,'completed',0,NULL,NULL,NULL,NULL,NULL,'none',NULL,NULL,NULL,0,NULL,NULL,NULL,NULL,NULL,NULL,NULL,NULL,NULL,NULL,0,NULL,NULL,'none',NULL,NULL,NULL,50,NULL,NULL,NULL,1,'store_home');
INSERT INTO "stores" VALUES(8,'iu','iu',NULL,'free',NULL,'default','BDT',1,1767679970,1767679970,'landing',NULL,NULL,NULL,'en',NULL,1,10,NULL,NULL,'inter',NULL,NULL,'none',NULL,'active',NULL,NULL,NULL,'pending',0,'completed',0,NULL,NULL,NULL,NULL,NULL,'none',NULL,NULL,NULL,0,NULL,NULL,NULL,NULL,NULL,NULL,NULL,NULL,NULL,NULL,0,NULL,NULL,'none',NULL,NULL,NULL,50,NULL,NULL,NULL,1,'store_home');
INSERT INTO "stores" VALUES(9,'AI Test Store','ai-test-store',NULL,'free',NULL,'default','BDT',1,1767682537,1767682537,'landing',NULL,NULL,NULL,'en',NULL,1,10,NULL,NULL,'inter',NULL,NULL,'none',NULL,'active',NULL,NULL,NULL,'pending',0,'completed',0,NULL,NULL,NULL,NULL,NULL,'none',NULL,NULL,NULL,0,NULL,NULL,NULL,NULL,NULL,NULL,NULL,NULL,NULL,NULL,0,NULL,NULL,'none',NULL,NULL,NULL,50,NULL,NULL,NULL,1,'store_home');
INSERT INTO "stores" VALUES(10,'My Store','ami-basmoti-chal-bik-store',NULL,'premium',NULL,'default','BDT',1,1767701123,1767870735,'landing',NULL,NULL,NULL,'en',NULL,1,10,NULL,NULL,'inter',NULL,NULL,'none',NULL,'active',NULL,NULL,NULL,'pending',0,'pending_info',1,NULL,NULL,NULL,NULL,NULL,'none',NULL,NULL,NULL,0,NULL,NULL,NULL,NULL,NULL,NULL,NULL,NULL,NULL,NULL,0,NULL,NULL,'none',NULL,NULL,NULL,50,NULL,NULL,NULL,1,'store_home');
INSERT INTO "stores" VALUES(11,'Basmoti chal bikri Store','basmoti-chal-bikri-k-store',NULL,'premium',NULL,'default','BDT',1,1767701768,1767701769,'landing',NULL,'{"templateId":"modern-dark","headline":"Basmoti chal bikri kori","subheadline":"বাংলাদেশে সেরা কোয়ালিটি ও দ্রুত ডেলিভারি","ctaText":"এখনই অর্ডার করুন","ctaSubtext":"ক্যাশ অন ডেলিভারি","features":[{"icon":"✅","title":"প্রিমিয়াম কোয়ালিটি","description":"সেরা মানের পণ্য"},{"icon":"🚚","title":"দ্রুত ডেলিভারি","description":"২-৩ দিনে ডেলিভারি"},{"icon":"💳","title":"ক্যাশ অন ডেলিভারি","description":"পণ্য হাতে পেয়ে টাকা দিন"}],"testimonials":[{"name":"সন্তুষ্ট ক্রেতা","text":"অনেক ভালো প্রোডাক্ট, দ্রুত ডেলিভারি!"}],"urgencyText":"সীমিত সময়ের অফার!","guaranteeText":"১০০% সন্তুষ্টির গ্যারান্টি"}',NULL,'en',NULL,1,10,NULL,NULL,'inter',NULL,NULL,'none',NULL,'active',NULL,NULL,NULL,'pending',0,'completed',4,NULL,NULL,NULL,NULL,NULL,'none',NULL,NULL,NULL,0,NULL,NULL,NULL,NULL,NULL,NULL,NULL,NULL,NULL,NULL,0,NULL,NULL,'none',NULL,NULL,NULL,50,NULL,NULL,NULL,1,'store_home');
INSERT INTO "stores" VALUES(12,'Premium Basmati Store','basmati',NULL,'premium',NULL,'default','BDT',1,1767703106,1767756506,'landing',NULL,'{"templateId":"luxury","headline":"Premium Basmati rice","subheadline":"বাংলাদেশে সেরা কোয়ালিটি ও দ্রুত ডেলিভারি","ctaText":"এখনই অর্ডার করুন","ctaSubtext":"ক্যাশ অন ডেলিভারি","features":[{"icon":"✅","title":"প্রিমিয়াম কোয়ালিটি","description":"সেরা মানের পণ্য"},{"icon":"🚚","title":"দ্রুত ডেলিভারি","description":"২-৩ দিনে ডেলিভারি"},{"icon":"💳","title":"ক্যাশ অন ডেলিভারি","description":"পণ্য হাতে পেয়ে টাকা দিন"}],"testimonials":[{"name":"jin","text":" cxcvvd","imageUrl":"https://pub-bec31ee88a08441a8824ab94bb973c04.r2.dev/testimonials/1767729363072-koc96i.webp"}],"urgencyText":"সীমিত সময়ের অফার!","guaranteeText":"১০০% সন্তুষ্টির গ্যারান্টি","videoUrl":"","whatsappEnabled":true,"whatsappNumber":"8801739416661","countdownEnabled":false,"countdownText":"🔥 অফার শেষ হতে বাকি","showStockCounter":false,"showSocialProof":false,"socialProofInterval":15,"faq":[{"question":"ki","answer":"naker ghi"}]}','{"primaryColor":"#6366f1","accentColor":"#f59e0b","storeTemplateId":"artisan-market"}','en',NULL,1,10,NULL,NULL,'inter',NULL,NULL,'none',NULL,'active',NULL,NULL,NULL,'pending',0,'completed',4,NULL,NULL,NULL,NULL,NULL,'none',NULL,NULL,NULL,0,NULL,NULL,NULL,NULL,NULL,NULL,NULL,NULL,NULL,NULL,0,NULL,NULL,'none',NULL,NULL,NULL,50,NULL,NULL,NULL,1,'store_home');
INSERT INTO "stores" VALUES(13,'vasmati','vasmati',NULL,'free',NULL,'default','BDT',1,1767947341,1768037667,'landing',NULL,NULL,NULL,'en',NULL,1,10,NULL,NULL,'inter',NULL,NULL,'none',NULL,'active',NULL,NULL,NULL,'pending',0,'pending_plan',0,NULL,NULL,NULL,NULL,NULL,'none',NULL,NULL,NULL,0,NULL,NULL,NULL,NULL,NULL,NULL,NULL,1768037667,NULL,NULL,0,NULL,NULL,'none',NULL,NULL,NULL,50,NULL,NULL,NULL,1,'store_home');
INSERT INTO "stores" VALUES(14,'vasmati','vasmati01',NULL,'free',NULL,'default','BDT',1,1767947500,1767981428,'landing',18,'{"templateId":"modern-dark","headline":"সুস্বাদু খাবার ও স্ন্যাক্স","subheadline":"ফ্রেশ ও হাইজিনিক","ctaText":"এখনই অর্ডার করুন","ctaSubtext":"ক্যাশ অন ডেলিভারি","features":[{"icon":"🍽️","title":"ফ্রেশ প্রোডাক্ট","description":"প্রতিদিন তৈরি"},{"icon":"🚴","title":"হট ডেলিভারি","description":"গরম গরম পৌঁছে যাবে"},{"icon":"😋","title":"টেস্ট গ্যারান্টি","description":"মুখে লেগে যাবে"}],"testimonials":[{"name":"সন্তুষ্ট ক্রেতা","text":"অনেক ভালো প্রোডাক্ট, দ্রুত ডেলিভারি!"}],"urgencyText":"🔥 সীমিত সময়ের অফার!","guaranteeText":"১০০% সন্তুষ্টির গ্যারান্টি"}',NULL,'en',NULL,1,10,NULL,NULL,'inter',NULL,NULL,'none',NULL,'active',NULL,NULL,NULL,'pending',0,'completed',4,NULL,NULL,NULL,NULL,NULL,'none',NULL,NULL,NULL,0,NULL,NULL,NULL,NULL,NULL,NULL,NULL,NULL,NULL,NULL,0,NULL,NULL,'none',NULL,'{"templateId":"modern-dark","headline":"সুস্বাদু খাবার ও স্ন্যাক্স","subheadline":"ফ্রেশ ও হাইজিনিক","ctaText":"এখনই অর্ডার করুন","ctaSubtext":"ক্যাশ অন ডেলিভারি","urgencyText":"🔥 সীমিত সময়ের অফার!","videoUrl":"","sectionOrder":["hero","trust","features","gallery","video","benefits","comparison","testimonials","social","delivery","faq","guarantee","cta"],"hiddenSections":[],"whatsappEnabled":false,"whatsappNumber":"","whatsappMessage":"","callEnabled":false,"callNumber":"","guaranteeText":"১০০% সন্তুষ্টির গ্যারান্টি","testimonials":[],"faq":[],"features":[{"icon":"🍽️","title":"ফ্রেশ প্রোডাক্ট","description":"প্রতিদিন তৈরি"},{"icon":"🚴","title":"হট ডেলিভারি","description":"গরম গরম পৌঁছে যাবে"},{"icon":"😋","title":"টেস্ট গ্যারান্টি","description":"মুখে লেগে যাবে"}],"countdownEnabled":false,"countdownEndTime":"","showStockCounter":false,"lowStockThreshold":10,"showSocialProof":false,"socialProofInterval":15,"primaryColor":"#6366f1","accentColor":"#f59e0b","backgroundColor":"#ffffff","textColor":"#111827","borderColor":"#e5e7eb","typography":{"headingSize":"medium","bodySize":"medium","lineHeight":"normal","letterSpacing":"normal"},"galleryImages":[],"benefits":[],"orderFormVariant":"full-width","fontFamily":"inter","landingLanguage":"bn"}',NULL,50,NULL,NULL,NULL,1,'store_home');
INSERT INTO "stores" VALUES(15,'Gova pep','gova-pep',NULL,'free',NULL,'default','BDT',1,1768126099,1768127216,'landing',NULL,'{"templateId":"modern-dark","headline":"সেরা ইলেকট্রনিক্স প্রোডাক্ট","subheadline":"অরিজিনাল গ্যাজেট ও এক্সেসরিজ","ctaText":"এখনই অর্ডার করুন","ctaSubtext":"ক্যাশ অন ডেলিভারি","features":[{"icon":"✅","title":"১০০% অরিজিনাল","description":"ওয়ারেন্টি সহ"},{"icon":"🚚","title":"দ্রুত ডেলিভারি","description":"২-৩ দিনে ডেলিভারি"},{"icon":"🔧","title":"আফটার সেলস সার্ভিস","description":"ফ্রি টেকনিক্যাল সাপোর্ট"}],"testimonials":[{"name":"সন্তুষ্ট ক্রেতা","text":"অনেক ভালো প্রোডাক্ট, দ্রুত ডেলিভারি!"}],"urgencyText":"🔥 সীমিত সময়ের অফার!","guaranteeText":"১০০% সন্তুষ্টির গ্যারান্টি"}',NULL,'en',NULL,1,10,NULL,NULL,'inter',NULL,NULL,'none',NULL,'active',NULL,NULL,NULL,'pending',0,'completed',4,NULL,NULL,NULL,NULL,NULL,'none',NULL,NULL,NULL,0,NULL,NULL,NULL,NULL,NULL,NULL,NULL,NULL,NULL,NULL,5,1768126286,NULL,'none',NULL,'{"templateId":"organic","headline":"সেরা ইলেকট্রনিক্স প্রোডাক্ট","subheadline":"অরিজিনাল গ্যাজেট ও এক্সেসরিজ","ctaText":"এখনই অর্ডার করুন","ctaSubtext":"ক্যাশ অন ডেলিভারি","urgencyText":"🔥 সীমিত সময়ের অফার!","videoUrl":"","sectionOrder":["trust","hero","features","gallery","video","benefits","comparison","testimonials","social","delivery","faq","guarantee","cta"],"hiddenSections":[],"whatsappEnabled":false,"whatsappNumber":"","whatsappMessage":"","callEnabled":false,"callNumber":"","guaranteeText":"১০০% সন্তুষ্টির গ্যারান্টি","testimonials":[],"faq":[],"features":[{"icon":"✅","title":"১০০% অরিজিনাল","description":"ওয়ারেন্টি সহ"},{"icon":"🚚","title":"দ্রুত ডেলিভারি","description":"২-৩ দিনে ডেলিভারি"},{"icon":"🔧","title":"আফটার সেলস সার্ভিস","description":"ফ্রি টেকনিক্যাল সাপোর্ট"}],"countdownEnabled":false,"countdownEndTime":"","showStockCounter":false,"lowStockThreshold":10,"showSocialProof":false,"socialProofInterval":15,"primaryColor":"#6366f1","accentColor":"#f59e0b","backgroundColor":"#ffffff","textColor":"#111827","borderColor":"#e5e7eb","typography":{"headingSize":"medium","bodySize":"medium","lineHeight":"normal","letterSpacing":"normal"},"galleryImages":[],"benefits":[],"orderFormVariant":"full-width","fontFamily":"inter","landingLanguage":"bn"}',NULL,50,NULL,NULL,NULL,1,'store_home');
INSERT INTO "stores" VALUES(16,'jhj','jhj',NULL,'free',NULL,'default','BDT',1,1768566740,1768566740,'landing',NULL,'{"templateId":"modern-dark","headline":"categoryFashionHeadline","subheadline":"categoryFashionSubheadline","ctaText":"এখনই অর্ডার করুন","ctaSubtext":"ক্যাশ অন ডেলিভারি","features":[{"icon":"✨","title":"featurePremiumQuality","description":"descBestFabric"},{"icon":"🚚","title":"featureFastDelivery","description":"descTwoThreeDays"},{"icon":"💳","title":"featureCashOnDelivery","description":"descPayOnReceive"}],"testimonials":[{"name":"সন্তুষ্ট ক্রেতা","text":"অনেক ভালো প্রোডাক্ট, দ্রুত ডেলিভারি!"}],"urgencyText":"🔥 সীমিত সময়ের অফার!","guaranteeText":"১০০% সন্তুষ্টির গ্যারান্টি"}',NULL,'en',NULL,1,10,NULL,NULL,'inter',NULL,NULL,'none',NULL,'active',NULL,NULL,NULL,'pending',0,'completed',4,NULL,NULL,NULL,NULL,NULL,'none',NULL,NULL,NULL,0,NULL,NULL,NULL,NULL,NULL,NULL,NULL,NULL,NULL,NULL,0,NULL,NULL,'none',NULL,NULL,NULL,50,NULL,NULL,NULL,1,'store_home');
INSERT INTO "stores" VALUES(17,'Abesh','abesh',NULL,'free',NULL,'default','BDT',1,1768569271,1768569271,'landing',NULL,'{"templateId":"modern-dark","headline":"categoryFashionHeadline","subheadline":"categoryFashionSubheadline","ctaText":"এখনই অর্ডার করুন","ctaSubtext":"ক্যাশ অন ডেলিভারি","features":[{"icon":"✨","title":"featurePremiumQuality","description":"descBestFabric"},{"icon":"🚚","title":"featureFastDelivery","description":"descTwoThreeDays"},{"icon":"💳","title":"featureCashOnDelivery","description":"descPayOnReceive"}],"testimonials":[{"name":"সন্তুষ্ট ক্রেতা","text":"অনেক ভালো প্রোডাক্ট, দ্রুত ডেলিভারি!"}],"urgencyText":"🔥 সীমিত সময়ের অফার!","guaranteeText":"১০০% সন্তুষ্টির গ্যারান্টি"}',NULL,'en',NULL,1,10,NULL,NULL,'inter',NULL,NULL,'none',NULL,'active',NULL,NULL,NULL,'pending',0,'completed',4,NULL,NULL,NULL,NULL,NULL,'none',NULL,NULL,NULL,0,NULL,NULL,NULL,NULL,NULL,NULL,NULL,NULL,NULL,NULL,0,NULL,NULL,'none',NULL,NULL,NULL,50,NULL,NULL,NULL,1,'store_home');
CREATE TABLE products (
  id INTEGER PRIMARY KEY AUTOINCREMENT,
  store_id INTEGER NOT NULL REFERENCES stores(id) ON DELETE CASCADE,
  title TEXT NOT NULL,
  description TEXT,
  price REAL NOT NULL,
  compare_at_price REAL,
  inventory INTEGER DEFAULT 0,
  sku TEXT,
  image_url TEXT,
  images TEXT,
  category TEXT,
  tags TEXT,
  is_published INTEGER DEFAULT 1,
  created_at INTEGER DEFAULT (unixepoch()),
  updated_at INTEGER DEFAULT (unixepoch())
, seo_title TEXT, seo_description TEXT, seo_keywords TEXT, bundle_pricing TEXT);
INSERT INTO "products" VALUES(1,1,'Classic White T-Shirt','Premium cotton t-shirt for everyday wear',2999,3999,100,NULL,NULL,NULL,'Clothing',NULL,1,1767543335,1767543335,NULL,NULL,NULL,NULL);
INSERT INTO "products" VALUES(2,1,'Wireless Bluetooth Headphones','High-quality audio with noise cancellation',14999,NULL,50,NULL,NULL,NULL,'Electronics',NULL,1,1767543335,1767543335,NULL,NULL,NULL,NULL);
INSERT INTO "products" VALUES(3,1,'Leather Wallet','Genuine leather bifold wallet',4999,5999,75,NULL,NULL,NULL,'Accessories',NULL,1,1767543335,1767543335,NULL,NULL,NULL,NULL);
INSERT INTO "products" VALUES(4,1,'Running Shoes','Lightweight and comfortable running shoes',8999,11999,30,NULL,NULL,NULL,'Footwear',NULL,1,1767543335,1767543335,NULL,NULL,NULL,NULL);
INSERT INTO "products" VALUES(5,1,'Smartwatch','Track your fitness and stay connected',19999,NULL,25,NULL,NULL,NULL,'Electronics',NULL,1,1767543335,1767543335,NULL,NULL,NULL,NULL);
INSERT INTO "products" VALUES(6,2,'Summer Dress','Light and breezy summer dress',7999,NULL,40,NULL,NULL,NULL,'Dresses',NULL,1,1767543335,1767543335,NULL,NULL,NULL,NULL);
INSERT INTO "products" VALUES(7,2,'Denim Jacket','Classic denim jacket for all seasons',9999,NULL,35,NULL,NULL,NULL,'Outerwear',NULL,1,1767543335,1767543335,NULL,NULL,NULL,NULL);
INSERT INTO "products" VALUES(8,2,'Designer Sunglasses','UV protection with style',15999,NULL,20,NULL,NULL,NULL,'Accessories',NULL,1,1767543335,1767543335,NULL,NULL,NULL,NULL);
INSERT INTO "products" VALUES(9,3,'Mechanical Keyboard','RGB backlit mechanical keyboard',12999,NULL,45,NULL,NULL,NULL,'Peripherals',NULL,1,1767543335,1767543335,NULL,NULL,NULL,NULL);
INSERT INTO "products" VALUES(10,3,'Gaming Mouse','High-precision gaming mouse',7999,NULL,60,NULL,NULL,NULL,'Peripherals',NULL,1,1767543335,1767543335,NULL,NULL,NULL,NULL);
INSERT INTO "products" VALUES(11,3,'4K Monitor','27-inch 4K UHD monitor',39999,NULL,15,NULL,NULL,NULL,'Displays',NULL,1,1767543335,1767543335,NULL,NULL,NULL,NULL);
INSERT INTO "products" VALUES(12,3,'USB-C Hub','Multi-port USB-C hub',5999,NULL,80,NULL,NULL,NULL,'Accessories',NULL,1,1767543335,1767543335,NULL,NULL,NULL,NULL);
INSERT INTO "products" VALUES(13,6,'Mystry Gift','Gift your beloved.Every box have different type gift.',149900,NULL,52,NULL,'https://pub-bec31ee88a08441a8824ab94bb973c04.r2.dev/products/1767729141747-s08uuq.webp',NULL,'Other',NULL,1,1767624428,1767729145,NULL,NULL,NULL,NULL);
INSERT INTO "products" VALUES(14,11,'Delicious Food Item','Basmoti chal bikri kori',35000,NULL,0,NULL,NULL,NULL,NULL,NULL,1,1767701769,1767701769,NULL,NULL,NULL,NULL);
INSERT INTO "products" VALUES(15,12,'Basmati Rice','Premium basmati rice',25000,NULL,30,NULL,'https://pub-bec31ee88a08441a8824ab94bb973c04.r2.dev/products/1767729079992-pylcx3.webp',NULL,'Food & Beverages',NULL,1,1767703107,1767729083,NULL,NULL,NULL,NULL);
INSERT INTO "products" VALUES(18,14,'Delicious Food Item','সুস্বাদু খাবার',35000,NULL,0,NULL,NULL,NULL,NULL,NULL,1,1767947501,1767947501,NULL,NULL,NULL,NULL);
INSERT INTO "products" VALUES(19,15,'Quality Electronics','প্রিমিয়াম ইলেকট্রনিক্স আইটেম',250000,NULL,1000,NULL,NULL,NULL,'Electronics',NULL,1,1768126106,1768127494,NULL,NULL,NULL,NULL);
INSERT INTO "products" VALUES(20,17,'Premium Fashion Item','descStylishFashion',150000,NULL,100,NULL,NULL,NULL,NULL,NULL,1,1768569271,1768569271,NULL,NULL,NULL,NULL);
INSERT INTO "products" VALUES(21,5,'basmoti','<p style="text-align: center;">wrwr</p>',250,NULL,19,NULL,'https://pub-bec31ee88a08441a8824ab94bb973c04.r2.dev/products/1768647666663-ml9x4o.webp',NULL,'Other',NULL,1,1768647728,1768730450,NULL,NULL,NULL,'[{"qty":1,"price":250,"label":"১ kg"},{"qty":2,"price":490,"label":"২ kg","savings":10},{"qty":3,"price":700,"label":"৩ kg","savings":50}]');
INSERT INTO "products" VALUES(22,5,'Smartphone X',NULL,500,NULL,0,NULL,NULL,NULL,NULL,NULL,1,1768747558,1768747558,NULL,NULL,NULL,NULL);
CREATE TABLE orders (
  id INTEGER PRIMARY KEY AUTOINCREMENT,
  store_id INTEGER NOT NULL REFERENCES stores(id) ON DELETE CASCADE,
  customer_id INTEGER REFERENCES customers(id),
  order_number TEXT NOT NULL,
  customer_email TEXT NOT NULL,
  customer_name TEXT,
  shipping_address TEXT,
  billing_address TEXT,
  status TEXT DEFAULT 'pending',
  payment_status TEXT DEFAULT 'pending',
  subtotal REAL NOT NULL,
  tax REAL DEFAULT 0,
  shipping REAL DEFAULT 0,
  total REAL NOT NULL,
  notes TEXT,
  created_at INTEGER DEFAULT (unixepoch()),
  updated_at INTEGER DEFAULT (unixepoch())
, customer_phone TEXT, courier_provider text, courier_consignment_id text, courier_status text, payment_method TEXT DEFAULT 'cod', transaction_id TEXT, manual_payment_details TEXT, review_request_sent integer DEFAULT 0, review_request_sent_at integer, idempotency_key TEXT, `landing_page_id` integer REFERENCES saved_landing_configs(id), `utm_source` text, `utm_medium` text, `utm_campaign` text);
INSERT INTO "orders" VALUES(1,6,2,'ORD-MK24AH1Y-W2T','','Zisan','jyfjyf jyfjfhgfhgftrs5 4w y3wyrwy45',NULL,'cancelled','pending',149900,0,0,149900,NULL,1767675396,1767688232,'01739416661',NULL,NULL,NULL,'cod',NULL,NULL,0,NULL,NULL,NULL,NULL,NULL,NULL);
INSERT INTO "orders" VALUES(2,6,2,'ORD-MK24LH41-SUZ','','Zisan','yfjyfjyt 6ru65r uderawawe hgfjjk',NULL,'confirmed','pending',149900,0,0,149900,NULL,1767675909,1767688224,'01739416661',NULL,NULL,NULL,'cod',NULL,NULL,0,NULL,NULL,NULL,NULL,NULL,NULL);
INSERT INTO "orders" VALUES(3,6,NULL,'ORD-MK24Q4WD-RJU','','Test Customer','Test Address, Dhaka, Bangladesh',NULL,'processing','pending',149900,0,0,149900,NULL,1767676127,1767688199,'01712345678',NULL,NULL,NULL,'cod',NULL,NULL,0,NULL,NULL,NULL,NULL,NULL,NULL);
INSERT INTO "orders" VALUES(4,12,3,'ORD-MK2PGU4Z-FFF','','Rahmatullah Zisan',replace('Sabiha Manjil D.K.P Road\nBabe jannat madrasa','\n',char(10)),NULL,'delivered','pending',25000,0,12000,37000,NULL,1767710965,1767720016,'01739416661',NULL,NULL,NULL,'cod',NULL,NULL,0,NULL,NULL,NULL,NULL,NULL,NULL);
INSERT INTO "orders" VALUES(5,12,3,'ORD-MK2UVNKT-K8S','','Rahmatullah Zisan',replace('Sabiha Manjil D.K.P Road\nBabe jannat madrasa','\n',char(10)),NULL,'delivered','pending',25000,0,12000,37000,NULL,1767720054,1767720153,'01739416661',NULL,NULL,NULL,'cod',NULL,NULL,0,NULL,NULL,NULL,NULL,NULL,NULL);
INSERT INTO "orders" VALUES(6,5,1,'ORD-MK3UEYDD-CK7','','zisab','kuygkuyguy uygkuygkuyg',NULL,'delivered','pending',10000,0,6000,16000,NULL,1767779741,1768673414,'01739416661',NULL,NULL,NULL,'cod',NULL,NULL,0,NULL,NULL,NULL,NULL,NULL,NULL);
INSERT INTO "orders" VALUES(7,15,4,'ORD-MK9LEF8F-IJV','','Grover','asdasdasdsada',NULL,'confirmed','pending',250000,0,6000,256000,NULL,1768127397,1768127474,'1712345678',NULL,NULL,NULL,'cod',NULL,NULL,0,NULL,NULL,NULL,NULL,NULL,NULL);
INSERT INTO "orders" VALUES(8,5,5,'ORD-MKMG5OBJ-5SN','','Test User','Test Address, Dhaka',NULL,'confirmed','pending',500,0,60,560,NULL,1768904651,1768914783,'01700000000',NULL,NULL,NULL,'cod',NULL,'{"senderNumber":"","method":"cod"}',0,NULL,NULL,NULL,NULL,NULL,NULL);
INSERT INTO "orders" VALUES(9,5,6,'ORD-MKMLWEND-8DY','','Test Debug','Test Debug Address',NULL,'confirmed','pending',500,0,60,560,NULL,1768914296,1768914781,'01711111111',NULL,NULL,NULL,'cod',NULL,'{"senderNumber":"","method":"cod"}',0,NULL,NULL,NULL,NULL,NULL,NULL);
INSERT INTO "orders" VALUES(10,5,5,'ORD-MKMLZ0BQ-CLF','','zisan',replace('dkp road barguna\n','\n',char(10)),NULL,'confirmed','pending',250,0,60,310,'ok',1768914418,1768914779,'01700000000',NULL,NULL,NULL,'cod',NULL,'{"senderNumber":"","method":"cod"}',0,NULL,NULL,NULL,NULL,NULL,NULL);
INSERT INTO "orders" VALUES(11,5,5,'ORD-MKMM4QHX-CPT','','zisan','jjmhgfcmj road barguna',NULL,'confirmed','pending',250,0,60,310,NULL,1768914685,1768914774,'01700000000',NULL,NULL,NULL,'cod',NULL,'{"senderNumber":"","method":"cod"}',0,NULL,NULL,NULL,NULL,NULL,NULL);
CREATE TABLE order_items (
  id INTEGER PRIMARY KEY AUTOINCREMENT,
  order_id INTEGER NOT NULL REFERENCES orders(id) ON DELETE CASCADE,
  product_id INTEGER REFERENCES products(id),
  title TEXT NOT NULL,
  quantity INTEGER NOT NULL,
  price REAL NOT NULL,
  total REAL NOT NULL
, variant_id INTEGER, variant_title TEXT);
INSERT INTO "order_items" VALUES(1,2,13,'Mystry Gift',1,149900,149900,NULL,NULL);
INSERT INTO "order_items" VALUES(2,3,13,'Mystry Gift',1,149900,149900,NULL,NULL);
INSERT INTO "order_items" VALUES(3,4,15,'Basmati Rice',1,25000,25000,NULL,NULL);
INSERT INTO "order_items" VALUES(4,5,15,'Basmati Rice',1,25000,25000,NULL,NULL);
INSERT INTO "order_items" VALUES(5,6,NULL,'Test Product',1,10000,10000,NULL,NULL);
INSERT INTO "order_items" VALUES(6,7,19,'Quality Electronics (alu - Red,Blue)',1,250000,250000,7,'alu - Red,Blue');
INSERT INTO "order_items" VALUES(7,8,21,'basmoti',2,250,500,NULL,NULL);
INSERT INTO "order_items" VALUES(8,9,21,'basmoti',2,250,500,NULL,NULL);
INSERT INTO "order_items" VALUES(9,10,21,'basmoti',1,250,250,NULL,NULL);
INSERT INTO "order_items" VALUES(10,11,21,'basmoti',1,250,250,NULL,NULL);
CREATE TABLE d1_migrations(
		id         INTEGER PRIMARY KEY AUTOINCREMENT,
		name       TEXT UNIQUE,
		applied_at TIMESTAMP DEFAULT CURRENT_TIMESTAMP NOT NULL
);
INSERT INTO "d1_migrations" VALUES(1,'0001_initial_schema.sql','2026-01-04 16:52:24');
INSERT INTO "d1_migrations" VALUES(2,'0000_clever_spencer_smythe.sql','2026-01-05 08:42:37');
INSERT INTO "d1_migrations" VALUES(3,'0001_strong_thunderbolts.sql','2026-01-05 08:42:46');
INSERT INTO "d1_migrations" VALUES(4,'0002_true_james_howlett.sql','2026-01-05 08:42:47');
INSERT INTO "d1_migrations" VALUES(5,'0003_famous_nightshade.sql','2026-01-05 08:42:48');
INSERT INTO "d1_migrations" VALUES(6,'0004_email_campaigns.sql','2026-01-05 08:42:49');
INSERT INTO "d1_migrations" VALUES(7,'0004_silly_ser_duncan.sql','2026-01-05 08:42:51');
INSERT INTO "d1_migrations" VALUES(8,'0005_phase3_theme_customization.sql','2026-01-05 08:42:52');
INSERT INTO "d1_migrations" VALUES(9,'0005_theme_customization.sql','2026-01-05 08:42:53');
INSERT INTO "d1_migrations" VALUES(10,'0006_subscription_tiers.sql','2026-01-05 08:42:54');
INSERT INTO "d1_migrations" VALUES(11,'0006_certain_patriot.sql','2026-01-05 10:03:44');
INSERT INTO "d1_migrations" VALUES(12,'0007_cheerful_star_brand.sql','2026-01-05 14:27:32');
INSERT INTO "d1_migrations" VALUES(13,'0008_volatile_cyclops.sql','2026-01-06 08:01:08');
INSERT INTO "d1_migrations" VALUES(14,'0009_curvy_roxanne_simpson.sql','2026-01-06 08:01:33');
INSERT INTO "d1_migrations" VALUES(15,'0010_shiny_madame_hydra.sql','2026-01-06 09:15:51');
INSERT INTO "d1_migrations" VALUES(16,'0011_optimal_harrier.sql','2026-01-06 09:15:51');
INSERT INTO "d1_migrations" VALUES(17,'0012_ai_chatbot.sql','2026-01-07 01:31:53');
INSERT INTO "d1_migrations" VALUES(18,'0012_flowery_wendell_vaughn.sql','2026-01-07 09:47:24');
INSERT INTO "d1_migrations" VALUES(19,'0013_legal_onslaught.sql','2026-01-07 09:47:24');
INSERT INTO "d1_migrations" VALUES(20,'0014_customer_risk_score.sql','2026-01-07 09:47:25');
INSERT INTO "d1_migrations" VALUES(21,'0014_lovely_ender_wiggin.sql','2026-01-07 09:49:01');
INSERT INTO "d1_migrations" VALUES(22,'0015_yellow_black_crow.sql','2026-01-07 09:50:12');
INSERT INTO "d1_migrations" VALUES(23,'0015_fix_missing_columns.sql','2026-01-07 09:50:12');
INSERT INTO "d1_migrations" VALUES(24,'0016_add_all_missing_columns.sql','2026-01-07 09:50:13');
INSERT INTO "d1_migrations" VALUES(25,'0017_payment_tracking.sql','2026-01-07 09:50:13');
INSERT INTO "d1_migrations" VALUES(26,'0018_subscription_billing.sql','2026-01-07 09:50:13');
INSERT INTO "d1_migrations" VALUES(27,'0016_overjoyed_cammi.sql','2026-01-07 15:05:46');
INSERT INTO "d1_migrations" VALUES(28,'0017_add_google_analytics_id.sql','2026-01-07 15:05:46');
INSERT INTO "d1_migrations" VALUES(29,'0020_milky_reavers.sql','2026-01-08 14:57:50');
INSERT INTO "d1_migrations" VALUES(30,'0021_page_views.sql','2026-01-08 16:43:26');
INSERT INTO "d1_migrations" VALUES(31,'0005_marketing_leads.sql','2026-01-11 16:25:51');
INSERT INTO "d1_migrations" VALUES(32,'0022_admin_audit_rbac.sql','2026-01-11 16:25:51');
INSERT INTO "d1_migrations" VALUES(33,'0022_add_product_seo_fields.sql','2026-01-11 18:18:01');
INSERT INTO "d1_migrations" VALUES(34,'0022_visitor_tracking.sql','2026-01-11 18:19:10');
INSERT INTO "d1_migrations" VALUES(35,'0023_slimy_leper_queen.sql','2026-01-11 18:20:02');
INSERT INTO "d1_migrations" VALUES(36,'0024_hot_talkback.sql','2026-01-12 13:18:49');
INSERT INTO "d1_migrations" VALUES(37,'0024_backfill_payments.sql','2026-01-12 13:18:49');
INSERT INTO "d1_migrations" VALUES(38,'0025_tired_phantom_reporter.sql','2026-01-12 13:18:50');
INSERT INTO "d1_migrations" VALUES(39,'0026_audit_trails.sql','2026-01-12 13:18:50');
INSERT INTO "d1_migrations" VALUES(40,'0026_previous_ronan.sql','2026-01-12 13:18:50');
INSERT INTO "d1_migrations" VALUES(41,'0027_add_payment_columns.sql','2026-01-12 13:18:51');
INSERT INTO "d1_migrations" VALUES(42,'0027_loud_wolfsbane.sql','2026-01-12 13:18:51');
INSERT INTO "d1_migrations" VALUES(43,'0028_cute_bloodstrike.sql','2026-01-12 13:18:52');
INSERT INTO "d1_migrations" VALUES(44,'0028_landing_pages.sql','2026-01-12 13:18:52');
INSERT INTO "d1_migrations" VALUES(45,'0029_right_vermin.sql','2026-01-12 13:18:52');
INSERT INTO "d1_migrations" VALUES(46,'0031_gorgeous_psynapse.sql','2026-01-12 13:18:53');
INSERT INTO "d1_migrations" VALUES(47,'0032_bitter_karnak.sql','2026-01-12 13:18:53');
INSERT INTO "d1_migrations" VALUES(48,'0033_neat_logan.sql','2026-01-12 13:18:53');
INSERT INTO "d1_migrations" VALUES(49,'0034_salty_stryfe.sql','2026-01-12 13:18:54');
INSERT INTO "d1_migrations" VALUES(50,'manual_agent_tables.sql','2026-01-12 13:18:54');
INSERT INTO "d1_migrations" VALUES(51,'0030_greedy_polaris.sql','2026-01-12 13:18:55');
INSERT INTO "d1_migrations" VALUES(52,'0035_add_customer_segmentation.sql','2026-01-12 13:19:55');
INSERT INTO "d1_migrations" VALUES(53,'0036_add_merchant_ai_tables.sql','2026-01-16 11:35:03');
INSERT INTO "d1_migrations" VALUES(54,'0037_fix_ab_tests_schema.sql','2026-01-16 11:35:04');
INSERT INTO "d1_migrations" VALUES(55,'0038_curved_skin.sql','2026-01-16 11:36:00');
INSERT INTO "d1_migrations" VALUES(56,'0039_superb_silvermane.sql','2026-01-16 11:36:01');
INSERT INTO "d1_migrations" VALUES(57,'0040_add_phone_to_users.sql','2026-01-16 11:36:01');
INSERT INTO "d1_migrations" VALUES(58,'0040_mushy_network.sql','2026-01-16 11:36:01');
INSERT INTO "d1_migrations" VALUES(59,'0041_add_slug_status_to_products.sql','2026-01-16 11:36:02');
INSERT INTO "d1_migrations" VALUES(60,'0042_add_cache_tables.sql','2026-01-16 11:36:02');
INSERT INTO "d1_migrations" VALUES(61,'0042_glossy_supernaut.sql','2026-01-16 11:36:49');
INSERT INTO "d1_migrations" VALUES(62,'0043_rich_next_avengers.sql','2026-01-16 11:37:33');
INSERT INTO "d1_migrations" VALUES(63,'0044_mushy_shocker.sql','2026-01-16 11:37:34');
INSERT INTO "d1_migrations" VALUES(64,'0045_dashing_shiver_man.sql','2026-01-16 11:37:34');
INSERT INTO "d1_migrations" VALUES(65,'0046_page_builder_v2.sql','2026-01-16 11:37:34');
INSERT INTO "d1_migrations" VALUES(66,'0047_idempotency_webhook_dedupe.sql','2026-01-16 11:38:23');
INSERT INTO "d1_migrations" VALUES(67,'0048_page_builder_published_props.sql','2026-01-16 11:39:08');
INSERT INTO "d1_migrations" VALUES(68,'0049_inventory_reserve_system.sql','2026-01-16 11:40:02');
INSERT INTO "d1_migrations" VALUES(69,'0055_page_settings.sql','2026-01-16 11:40:03');
INSERT INTO "d1_migrations" VALUES(70,'0056_customer_email_optional.sql','2026-01-16 12:35:24');
INSERT INTO "d1_migrations" VALUES(71,'0057_customer_auth.sql','2026-01-16 12:51:12');
INSERT INTO "d1_migrations" VALUES(72,'0046_material_legion.sql','2026-01-19 11:31:15');
INSERT INTO "d1_migrations" VALUES(73,'0047_outgoing_overlord.sql','2026-01-19 11:31:15');
INSERT INTO "d1_migrations" VALUES(74,'0058_add_checkout_sessions.sql','2026-01-19 11:31:15');
INSERT INTO "d1_migrations" VALUES(75,'0058_store_template_system.sql','2026-01-19 11:31:15');
INSERT INTO "d1_migrations" VALUES(76,'0059_add_cart_tables.sql','2026-01-19 11:31:15');
INSERT INTO "d1_migrations" VALUES(77,'0060_convert_money_to_cents.sql','2026-01-19 11:31:15');
INSERT INTO "d1_migrations" VALUES(78,'0061_shop_domains.sql','2026-01-19 11:31:15');
INSERT INTO "d1_migrations" VALUES(79,'0062_locations.sql','2026-01-19 11:31:15');
CREATE TABLE users (
  id INTEGER PRIMARY KEY AUTOINCREMENT,
  email TEXT NOT NULL UNIQUE,
  password_hash TEXT NOT NULL,
  name TEXT,
  store_id INTEGER REFERENCES stores(id) ON DELETE CASCADE,
  role TEXT DEFAULT 'merchant',
  created_at INTEGER DEFAULT (unixepoch())
, phone TEXT);
INSERT INTO "users" VALUES(1,'rahmatullahzisan@gmail.com','auPpcPabJxvn96HYGni+T6KuY/zoUGbqth8z3JrXUWRSpv7oGDgUTP4RDv0SLkVT','Rahmatullah Zisan',5,'super_admin',1767609662,NULL);
INSERT INTO "users" VALUES(2,'binudini2@gmail.com','xKe+y1lzzE1WZP//nVBAFPWRqNwNzZu8T65BP92vv0+CKzguXwcIqq+xS6qeIhXg','Abida',6,'merchant',1767624213,NULL);
INSERT INTO "users" VALUES(3,'shawonahammed2011@gmail.com','a8ehNrokFo8B8xdbvJNdas9ImpScz2IsP5tb5ibBQz+7uaEnHBZD+lcGTRpOycnQ','SHAWON AHAMMED',7,'merchant',1767655072,NULL);
INSERT INTO "users" VALUES(4,'nazmulcomputer30@gmail.com','EXsTOGRLkyZETM/2N36qRZQyxb7AjfrOhFb1z1dUX49id9gKwrfMS2RQ3qr7FC6M','Nazmul Hasan',8,'merchant',1767679971,NULL);
INSERT INTO "users" VALUES(5,'testuserai5936@example.com','ZDzIUY95xI+YGJoQi2wWc4CwIvesaYl07Zsj9WbOmbHAjPVVUr1D2uaVV/4KddJi','Test User',9,'merchant',1767682537,NULL);
INSERT INTO "users" VALUES(6,'rahmatullahzisan02@gmail.com','Kz0ulclIFSDdzCYZ7gFzIKySvGZk8BiLgu6/gmG4jKFLbt7bEohZCje3SnkoFSz2','Premium Store',10,'merchant',1767701123,NULL);
INSERT INTO "users" VALUES(7,'test@gmail.com','efWbgo615sdzc4PiObZ1yQwQUvJ3BoGUPpZoG+cofyhdDdAzu+/0m8uzHs1vLD47','test',11,'merchant',1767701768,NULL);
INSERT INTO "users" VALUES(8,'test2@gmail.com','xfnE+PI3ldIk2SNFAgT4e9Iyqrn2SrctZtJcBY8t/R1Nq3n07ICzjNqLs3evxCG1','Zisan',12,'merchant',1767703107,NULL);
INSERT INTO "users" VALUES(9,'rahmatullahzisan01@gmail.com','H+YXp85rFcFcAkfj4YSn6d0wlSZCWuCzBu73I4yIlbhUdEVtIrFygVX1TboE3ykb','Rahmatullah Zisan',14,'merchant',1767947500,'01739416661');
INSERT INTO "users" VALUES(10,'govapep766@eubonus.com','xaPwqxgLkzvDGRiL5KoWhCYzW5pPQPUbaAPbqjCY98P2T01Pl2EL0Tr9wS9vt1ZP','Kalim Uddin',15,'merchant',1768126106,'01712345678');
INSERT INTO "users" VALUES(11,'gsges@gmail.com','CyW2OARKzzeaLUN0VOfY0mdd/G732DthZlKLBEDAAtlo5BcGUCmJ1X3plsT4x3Wu','chgc',16,'merchant',1768566740,'01739416661');
INSERT INTO "users" VALUES(12,'nurunnaharabida@gmail.com','Qd1btlZc1eaxJSlRTp0KvDD6yRD26Lj6GSOVmttQWNqGA0v6pbyamlXthYKhLPHJ','Abida Binu',17,'merchant',1768569271,'01903878929');
CREATE TABLE shipping_zones (id integer PRIMARY KEY AUTOINCREMENT NOT NULL, store_id integer NOT NULL, name text NOT NULL, regions text, rate real DEFAULT 0 NOT NULL, free_above real, estimated_days text, is_active integer DEFAULT true, created_at integer, FOREIGN KEY (store_id) REFERENCES stores(id) ON UPDATE no action ON DELETE cascade);
CREATE TABLE discounts (id integer PRIMARY KEY AUTOINCREMENT NOT NULL, store_id integer NOT NULL, code text NOT NULL, type text DEFAULT 'percentage', value real NOT NULL, min_order_amount real, max_discount_amount real, max_uses integer, used_count integer DEFAULT 0, per_customer_limit integer DEFAULT 1, starts_at integer, expires_at integer, is_active integer DEFAULT true, created_at integer, updated_at integer, `is_flash_sale` integer DEFAULT false, `flash_sale_end_time` integer, `show_on_homepage` integer DEFAULT false, `flash_sale_title` text, FOREIGN KEY (store_id) REFERENCES stores(id) ON UPDATE no action ON DELETE cascade);
CREATE TABLE shipments (id integer PRIMARY KEY AUTOINCREMENT NOT NULL, order_id integer NOT NULL, courier text, tracking_number text, status text DEFAULT 'pending', courier_data text, shipped_at integer, delivered_at integer, created_at integer, updated_at integer, FOREIGN KEY (order_id) REFERENCES orders(id) ON UPDATE no action ON DELETE cascade);
CREATE TABLE staff_invites (id integer PRIMARY KEY AUTOINCREMENT NOT NULL, store_id integer NOT NULL, email text NOT NULL, role text DEFAULT 'staff', token text NOT NULL UNIQUE, invited_by integer, expires_at integer, accepted_at integer, created_at integer, FOREIGN KEY (store_id) REFERENCES stores(id) ON UPDATE no action ON DELETE cascade, FOREIGN KEY (invited_by) REFERENCES users(id) ON UPDATE no action ON DELETE no action);
CREATE TABLE activity_logs (id integer PRIMARY KEY AUTOINCREMENT NOT NULL, store_id integer NOT NULL, user_id integer, action text NOT NULL, entity_type text, entity_id integer, details text, ip_address text, created_at integer, FOREIGN KEY (store_id) REFERENCES stores(id) ON UPDATE no action ON DELETE cascade, FOREIGN KEY (user_id) REFERENCES users(id) ON UPDATE no action ON DELETE no action);
INSERT INTO "activity_logs" VALUES(1,12,1,'store_suspended','store',12,'{"adminEmail":"rahmatullahzisan@gmail.com","previousStatus":true,"newStatus":false}',NULL,1767754224);
INSERT INTO "activity_logs" VALUES(2,12,1,'store_unsuspended','store',12,'{"adminEmail":"rahmatullahzisan@gmail.com","previousStatus":false,"newStatus":true}',NULL,1767754228);
INSERT INTO "activity_logs" VALUES(3,12,1,'store_suspended','store',12,'{"adminEmail":"rahmatullahzisan@gmail.com","previousStatus":true,"newStatus":false}',NULL,1767755823);
INSERT INTO "activity_logs" VALUES(4,12,1,'store_unsuspended','store',12,'{"adminEmail":"rahmatullahzisan@gmail.com","previousStatus":false,"newStatus":true}',NULL,1767755825);
INSERT INTO "activity_logs" VALUES(5,12,1,'store_suspended','store',12,'{"adminEmail":"rahmatullahzisan@gmail.com","previousStatus":true,"newStatus":false}',NULL,1767756502);
INSERT INTO "activity_logs" VALUES(6,12,1,'store_unsuspended','store',12,'{"adminEmail":"rahmatullahzisan@gmail.com","previousStatus":false,"newStatus":true}',NULL,1767756503);
INSERT INTO "activity_logs" VALUES(7,12,1,'store_suspended','store',12,'{"adminEmail":"rahmatullahzisan@gmail.com","previousStatus":true,"newStatus":false}',NULL,1767756504);
INSERT INTO "activity_logs" VALUES(8,12,1,'store_unsuspended','store',12,'{"adminEmail":"rahmatullahzisan@gmail.com","previousStatus":false,"newStatus":true}',NULL,1767756506);
INSERT INTO "activity_logs" VALUES(9,5,1,'stock_change','product',16,'{"productTitle":"Test Product","before":10,"after":30,"change":20}',NULL,1767787117);
INSERT INTO "activity_logs" VALUES(10,10,1,'store_suspended','store',10,'{"adminEmail":"rahmatullahzisan@gmail.com","previousStatus":true,"newStatus":false}',NULL,1767870732);
INSERT INTO "activity_logs" VALUES(11,10,1,'store_unsuspended','store',10,'{"adminEmail":"rahmatullahzisan@gmail.com","previousStatus":false,"newStatus":true}',NULL,1767870735);
INSERT INTO "activity_logs" VALUES(12,13,1,'store_soft_deleted','store',13,'{"adminEmail":"rahmatullahzisan@gmail.com"}',NULL,1768037667);
INSERT INTO "activity_logs" VALUES(13,4,1,'store_soft_deleted','store',4,'{"adminEmail":"rahmatullahzisan@gmail.com"}',NULL,1768037679);
INSERT INTO "activity_logs" VALUES(14,1,1,'store_soft_deleted','store',1,'{"adminEmail":"rahmatullahzisan@gmail.com"}',NULL,1768037698);
INSERT INTO "activity_logs" VALUES(15,2,1,'store_soft_deleted','store',2,'{"adminEmail":"rahmatullahzisan@gmail.com"}',NULL,1768037701);
INSERT INTO "activity_logs" VALUES(16,3,1,'store_soft_deleted','store',3,'{"adminEmail":"rahmatullahzisan@gmail.com"}',NULL,1768037705);
INSERT INTO "activity_logs" VALUES(17,6,1,'impersonation_attempt','user',2,'{"adminEmail":"rahmatullahzisan@gmail.com"}',NULL,1768037708);
INSERT INTO "activity_logs" VALUES(18,7,1,'impersonation_attempt','user',3,'{"adminEmail":"rahmatullahzisan@gmail.com"}',NULL,1768037903);
INSERT INTO "activity_logs" VALUES(19,15,10,'stock_change','product',19,'{"productTitle":"Quality Electronics","before":0,"after":1000,"change":1000}',NULL,1768126328);
INSERT INTO "activity_logs" VALUES(20,15,10,'order_status_update','order',7,'{"from":"pending","to":"confirmed","orderNumber":"ORD-MK9LEF8F-IJV"}',NULL,1768127474);
INSERT INTO "activity_logs" VALUES(21,5,1,'order_status_update','order',6,'{"from":"delivered","to":"returned","orderNumber":"ORD-MK3UEYDD-CK7"}',NULL,1768673368);
CREATE TABLE payouts (id integer PRIMARY KEY AUTOINCREMENT NOT NULL, store_id integer NOT NULL, period_start integer NOT NULL, period_end integer NOT NULL, gross_amount real NOT NULL, platform_fee real DEFAULT 0, net_amount real NOT NULL, status text DEFAULT 'pending', paid_at integer, payment_method text, payment_reference text, notes text, created_at integer, updated_at integer, FOREIGN KEY (store_id) REFERENCES stores(id) ON UPDATE no action ON DELETE cascade);
CREATE TABLE `abandoned_carts` (
	`id` integer PRIMARY KEY AUTOINCREMENT NOT NULL,
	`store_id` integer NOT NULL,
	`session_id` text NOT NULL,
	`customer_email` text,
	`customer_phone` text,
	`customer_name` text,
	`cart_items` text NOT NULL,
	`total_amount` real NOT NULL,
	`currency` text DEFAULT 'BDT',
	`abandoned_at` integer,
	`recovered_at` integer,
	`recovery_email_sent` integer DEFAULT false,
	`recovery_email_sent_at` integer,
	`status` text DEFAULT 'abandoned',
	FOREIGN KEY (`store_id`) REFERENCES `stores`(`id`) ON UPDATE no action ON DELETE cascade
);
INSERT INTO "abandoned_carts" VALUES(1,5,'sess_1767804863285_baf2i63qb',NULL,'01739416661','Zisan','[{"productId":16,"title":"Test Product","quantity":1,"price":250,"image":null}]',250,'BDT',1767832791,NULL,0,NULL,'abandoned');
CREATE TABLE `email_campaigns` (
	`id` integer PRIMARY KEY AUTOINCREMENT NOT NULL,
	`store_id` integer NOT NULL,
	`name` text NOT NULL,
	`subject` text NOT NULL,
	`preview_text` text,
	`content` text NOT NULL,
	`status` text DEFAULT 'draft',
	`scheduled_at` integer,
	`sent_at` integer,
	`recipient_count` integer DEFAULT 0,
	`sent_count` integer DEFAULT 0,
	`open_count` integer DEFAULT 0,
	`click_count` integer DEFAULT 0,
	`created_by` integer,
	`created_at` integer,
	`updated_at` integer,
	FOREIGN KEY (`store_id`) REFERENCES `stores`(`id`) ON UPDATE no action ON DELETE cascade,
	FOREIGN KEY (`created_by`) REFERENCES `users`(`id`) ON UPDATE no action ON DELETE no action
);
CREATE TABLE `email_subscribers` (
	`id` integer PRIMARY KEY AUTOINCREMENT NOT NULL,
	`store_id` integer NOT NULL,
	`email` text NOT NULL,
	`name` text,
	`status` text DEFAULT 'subscribed',
	`source` text,
	`tags` text,
	`created_at` integer,
	`updated_at` integer,
	FOREIGN KEY (`store_id`) REFERENCES `stores`(`id`) ON UPDATE no action ON DELETE cascade
);
CREATE TABLE product_variants (
  id INTEGER PRIMARY KEY AUTOINCREMENT,
  product_id INTEGER NOT NULL REFERENCES products(id) ON DELETE CASCADE,
  option1_name TEXT,
  option1_value TEXT,
  option2_name TEXT,
  option2_value TEXT,
  option3_name TEXT,
  option3_value TEXT,
  price REAL,
  compare_at_price REAL,
  sku TEXT,
  inventory INTEGER DEFAULT 0,
  image_url TEXT,
  is_available INTEGER DEFAULT 1,
  created_at INTEGER DEFAULT (unixepoch())
, available INTEGER DEFAULT 0, reserved INTEGER DEFAULT 0);
INSERT INTO "product_variants" VALUES(7,19,'Model','alu','Color','Red,Blue',NULL,NULL,NULL,NULL,NULL,1998,NULL,1,1768127366,1998,0);
CREATE TABLE `saved_landing_configs` (
	`id` integer PRIMARY KEY AUTOINCREMENT NOT NULL,
	`store_id` integer NOT NULL,
	`product_id` integer,
	`name` text NOT NULL,
	`landing_config` text NOT NULL,
	`offer_slug` text,
	`is_homepage_backup` integer DEFAULT false,
	`created_at` integer, `is_active` integer DEFAULT true, `view_count` integer DEFAULT 0, `orders` integer DEFAULT 0, `revenue` real DEFAULT 0,
	FOREIGN KEY (`store_id`) REFERENCES `stores`(`id`) ON UPDATE no action ON DELETE cascade,
	FOREIGN KEY (`product_id`) REFERENCES `products`(`id`) ON UPDATE no action ON DELETE no action
);
INSERT INTO "saved_landing_configs" VALUES(1,5,NULL,'Test Page','{}','test-page',0,1768654155,1,1,0,0);
CREATE TABLE reviews (
  id INTEGER PRIMARY KEY AUTOINCREMENT,
  store_id INTEGER NOT NULL REFERENCES stores(id) ON DELETE CASCADE,
  product_id INTEGER NOT NULL REFERENCES products(id) ON DELETE CASCADE,
  customer_name TEXT NOT NULL,
  rating INTEGER NOT NULL,
  comment TEXT,
  status TEXT DEFAULT 'pending',
  created_at INTEGER
);
CREATE TABLE system_notifications (id integer PRIMARY KEY AUTOINCREMENT NOT NULL, message text NOT NULL, type text DEFAULT 'info', is_active integer DEFAULT true, created_by integer, created_at integer, FOREIGN KEY (created_by) REFERENCES users(id) ON UPDATE no action ON DELETE no action);
CREATE TABLE saas_coupons (id INTEGER PRIMARY KEY AUTOINCREMENT NOT NULL, code TEXT NOT NULL UNIQUE, discount_type TEXT NOT NULL, discount_amount REAL NOT NULL, max_uses INTEGER, used_count INTEGER DEFAULT 0, expires_at INTEGER, is_active INTEGER DEFAULT 1, created_at INTEGER);
CREATE TABLE `ab_test_assignments` (
	`id` integer PRIMARY KEY AUTOINCREMENT NOT NULL,
	`test_id` integer NOT NULL,
	`variant_id` integer NOT NULL,
	`visitor_id` text NOT NULL,
	`assigned_at` integer,
	`converted_at` integer,
	`order_amount` real,
	FOREIGN KEY (`test_id`) REFERENCES `ab_tests`(`id`) ON UPDATE no action ON DELETE cascade,
	FOREIGN KEY (`variant_id`) REFERENCES `ab_test_variants`(`id`) ON UPDATE no action ON DELETE cascade
);
CREATE TABLE `ab_test_variants` (
	`id` integer PRIMARY KEY AUTOINCREMENT NOT NULL,
	`test_id` integer NOT NULL,
	`name` text NOT NULL,
	`landing_config` text,
	`traffic_weight` integer DEFAULT 50,
	`visitors` integer DEFAULT 0,
	`conversions` integer DEFAULT 0,
	`revenue` real DEFAULT 0,
	`created_at` integer,
	FOREIGN KEY (`test_id`) REFERENCES `ab_tests`(`id`) ON UPDATE no action ON DELETE cascade
);
CREATE TABLE `email_automation_steps` (
	`id` integer PRIMARY KEY AUTOINCREMENT NOT NULL,
	`automation_id` integer NOT NULL,
	`delay_minutes` integer DEFAULT 0,
	`subject` text NOT NULL,
	`preview_text` text,
	`content` text NOT NULL,
	`step_order` integer DEFAULT 0,
	`sent_count` integer DEFAULT 0,
	`open_count` integer DEFAULT 0,
	`click_count` integer DEFAULT 0,
	`created_at` integer,
	FOREIGN KEY (`automation_id`) REFERENCES `email_automations`(`id`) ON UPDATE no action ON DELETE cascade
);
CREATE TABLE `email_automations` (
	`id` integer PRIMARY KEY AUTOINCREMENT NOT NULL,
	`store_id` integer NOT NULL,
	`name` text NOT NULL,
	`trigger` text NOT NULL,
	`is_active` integer DEFAULT true,
	`total_sent` integer DEFAULT 0,
	`total_opened` integer DEFAULT 0,
	`total_clicked` integer DEFAULT 0,
	`created_at` integer,
	`updated_at` integer,
	FOREIGN KEY (`store_id`) REFERENCES `stores`(`id`) ON UPDATE no action ON DELETE cascade
);
CREATE TABLE `email_queue` (
	`id` integer PRIMARY KEY AUTOINCREMENT NOT NULL,
	`store_id` integer NOT NULL,
	`step_id` integer,
	`recipient_email` text NOT NULL,
	`recipient_name` text,
	`subject` text NOT NULL,
	`content` text NOT NULL,
	`scheduled_at` integer NOT NULL,
	`sent_at` integer,
	`status` text DEFAULT 'pending',
	`error_message` text,
	`metadata` text,
	`created_at` integer,
	FOREIGN KEY (`store_id`) REFERENCES `stores`(`id`) ON UPDATE no action ON DELETE cascade,
	FOREIGN KEY (`step_id`) REFERENCES `email_automation_steps`(`id`) ON UPDATE no action ON DELETE set null
);
CREATE TABLE `order_bumps` (
	`id` integer PRIMARY KEY AUTOINCREMENT NOT NULL,
	`store_id` integer NOT NULL,
	`product_id` integer NOT NULL,
	`bump_product_id` integer NOT NULL,
	`title` text NOT NULL,
	`description` text,
	`discount` real DEFAULT 0,
	`is_active` integer DEFAULT true,
	`display_order` integer DEFAULT 0,
	`views` integer DEFAULT 0,
	`conversions` integer DEFAULT 0,
	`created_at` integer,
	FOREIGN KEY (`store_id`) REFERENCES `stores`(`id`) ON UPDATE no action ON DELETE cascade,
	FOREIGN KEY (`product_id`) REFERENCES `products`(`id`) ON UPDATE no action ON DELETE cascade,
	FOREIGN KEY (`bump_product_id`) REFERENCES `products`(`id`) ON UPDATE no action ON DELETE cascade
);
CREATE TABLE `upsell_offers` (
	`id` integer PRIMARY KEY AUTOINCREMENT NOT NULL,
	`store_id` integer NOT NULL,
	`product_id` integer NOT NULL,
	`offer_product_id` integer NOT NULL,
	`type` text DEFAULT 'upsell',
	`headline` text NOT NULL,
	`subheadline` text,
	`description` text,
	`discount` real DEFAULT 0,
	`display_order` integer DEFAULT 0,
	`next_offer_id` integer,
	`is_active` integer DEFAULT true,
	`views` integer DEFAULT 0,
	`conversions` integer DEFAULT 0,
	`revenue` real DEFAULT 0,
	`created_at` integer,
	FOREIGN KEY (`store_id`) REFERENCES `stores`(`id`) ON UPDATE no action ON DELETE cascade,
	FOREIGN KEY (`product_id`) REFERENCES `products`(`id`) ON UPDATE no action ON DELETE cascade,
	FOREIGN KEY (`offer_product_id`) REFERENCES `products`(`id`) ON UPDATE no action ON DELETE cascade
);
CREATE TABLE `upsell_tokens` (
	`id` integer PRIMARY KEY AUTOINCREMENT NOT NULL,
	`order_id` integer NOT NULL,
	`token` text NOT NULL,
	`offer_id` integer,
	`expires_at` integer NOT NULL,
	`used_at` integer,
	`created_at` integer,
	FOREIGN KEY (`order_id`) REFERENCES `orders`(`id`) ON UPDATE no action ON DELETE cascade,
	FOREIGN KEY (`offer_id`) REFERENCES `upsell_offers`(`id`) ON UPDATE no action ON DELETE no action
);
CREATE TABLE page_views (
  id INTEGER PRIMARY KEY AUTOINCREMENT,
  store_id INTEGER NOT NULL REFERENCES stores(id) ON DELETE CASCADE,
  path TEXT NOT NULL,
  visitor_id TEXT NOT NULL,
  ip_address TEXT,
  user_agent TEXT,
  referrer TEXT,
  country TEXT,
  city TEXT,
  device_type TEXT,
  created_at INTEGER DEFAULT (unixepoch())
);
INSERT INTO "page_views" VALUES(1,6,'/','44e438a0-5f2c-4376-afd3-f362849e3c95','2a06:98c0:3600::103','Mozilla/5.0 (Macintosh; Intel Mac OS X 10_15_7) AppleWebKit/537.36 (KHTML, like Gecko) Chrome/143.0.0.0 Safari/537.36','https://blackpearl.digitalcare.site/','BD',NULL,'desktop',1768037623);
INSERT INTO "page_views" VALUES(2,6,'/','44e438a0-5f2c-4376-afd3-f362849e3c95','2a06:98c0:3600::103','Mozilla/5.0 (Macintosh; Intel Mac OS X 10_15_7) AppleWebKit/537.36 (KHTML, like Gecko) Chrome/143.0.0.0 Safari/537.36','https://blackpearl.digitalcare.site/','BD',NULL,'desktop',1768037631);
INSERT INTO "page_views" VALUES(3,5,'/','45b315e9-a8c5-4630-b34f-b107c895b794','2a06:98c0:3600::103','Mozilla/5.0 (Macintosh; Intel Mac OS X 10_15_7) AppleWebKit/537.36 (KHTML, like Gecko) Chrome/143.0.0.0 Safari/537.36','https://dc-store.digitalcare.site/','SG',NULL,'desktop',1768071517);
INSERT INTO "page_views" VALUES(4,5,'/','1cecd46f-b8a6-4220-a1d8-22f60a18d30e','2a06:98c0:3600::103','Mozilla/5.0 (Macintosh; Intel Mac OS X 10_15_7) AppleWebKit/537.36 (KHTML, like Gecko) Chrome/143.0.0.0 Safari/537.36','https://dc-store.digitalcare.site/','SG',NULL,'desktop',1768075561);
INSERT INTO "page_views" VALUES(5,5,'/','dceaa9c0-d524-4c73-98da-03a7b4703eee','2a06:98c0:3600::103','Mozilla/5.0 (Linux; Android 10; K) AppleWebKit/537.36 (KHTML, like Gecko) Chrome/143.0.0.0 Mobile Safari/537.36','https://dc-store.digitalcare.site/','SG',NULL,'mobile',1768106893);
INSERT INTO "page_views" VALUES(6,5,'/','dceaa9c0-d524-4c73-98da-03a7b4703eee','2a06:98c0:3600::103','Mozilla/5.0 (Linux; Android 10; K) AppleWebKit/537.36 (KHTML, like Gecko) Chrome/143.0.0.0 Mobile Safari/537.36','https://dc-store.digitalcare.site/','SG',NULL,'mobile',1768106902);
INSERT INTO "page_views" VALUES(7,5,'/','d697dc46-fd0b-4769-ab54-03b71138d321','2a06:98c0:3600::103','Mozilla/5.0 (Linux; Android 10; K) AppleWebKit/537.36 (KHTML, like Gecko) Chrome/143.0.0.0 Mobile Safari/537.36','https://dc-store.digitalcare.site/','SG',NULL,'mobile',1768107036);
INSERT INTO "page_views" VALUES(8,5,'/','d697dc46-fd0b-4769-ab54-03b71138d321','2a06:98c0:3600::103','Mozilla/5.0 (Linux; Android 10; K) AppleWebKit/537.36 (KHTML, like Gecko) Chrome/143.0.0.0 Mobile Safari/537.36','https://dc-store.digitalcare.site/','SG',NULL,'mobile',1768107095);
INSERT INTO "page_views" VALUES(9,5,'/','dceaa9c0-d524-4c73-98da-03a7b4703eee','2a06:98c0:3600::103','Mozilla/5.0 (Linux; Android 10; K) AppleWebKit/537.36 (KHTML, like Gecko) Chrome/143.0.0.0 Mobile Safari/537.36','https://dc-store.digitalcare.site/','SG',NULL,'mobile',1768107124);
INSERT INTO "page_views" VALUES(10,15,'/','6ed65e31-e36e-4498-9d4c-e490fec2c4f8','2a06:98c0:3600::103','Mozilla/5.0 (Macintosh; Intel Mac OS X 10_15_7) AppleWebKit/537.36 (KHTML, like Gecko) Chrome/143.0.0.0 Safari/537.36','https://gova-pep.digitalcare.site/','SG',NULL,'desktop',1768126286);
INSERT INTO "page_views" VALUES(11,15,'/','6ed65e31-e36e-4498-9d4c-e490fec2c4f8','2a06:98c0:3600::103','Mozilla/5.0 (Macintosh; Intel Mac OS X 10_15_7) AppleWebKit/537.36 (KHTML, like Gecko) Chrome/143.0.0.0 Safari/537.36','https://gova-pep.digitalcare.site/','SG',NULL,'desktop',1768126607);
INSERT INTO "page_views" VALUES(12,15,'/','6ed65e31-e36e-4498-9d4c-e490fec2c4f8','2a06:98c0:3600::103','Mozilla/5.0 (Macintosh; Intel Mac OS X 10_15_7) AppleWebKit/537.36 (KHTML, like Gecko) Chrome/143.0.0.0 Safari/537.36','https://gova-pep.digitalcare.site/','SG',NULL,'desktop',1768127373);
INSERT INTO "page_views" VALUES(13,15,'/','6ed65e31-e36e-4498-9d4c-e490fec2c4f8','2a06:98c0:3600::103','Mozilla/5.0 (Macintosh; Intel Mac OS X 10_15_7) AppleWebKit/537.36 (KHTML, like Gecko) Chrome/143.0.0.0 Safari/537.36','https://gova-pep.digitalcare.site/','SG',NULL,'desktop',1768127564);
INSERT INTO "page_views" VALUES(14,15,'/','6ed65e31-e36e-4498-9d4c-e490fec2c4f8','2a06:98c0:3600::103','Mozilla/5.0 (Macintosh; Intel Mac OS X 10_15_7) AppleWebKit/537.36 (KHTML, like Gecko) Chrome/143.0.0.0 Safari/537.36','https://gova-pep.digitalcare.site/','SG',NULL,'desktop',1768127593);
INSERT INTO "page_views" VALUES(15,5,'/','45b315e9-a8c5-4630-b34f-b107c895b794','2a06:98c0:3600::103','Mozilla/5.0 (Macintosh; Intel Mac OS X 10_15_7) AppleWebKit/537.36 (KHTML, like Gecko) Chrome/143.0.0.0 Safari/537.36','https://dc-store.digitalcare.site/','SG',NULL,'desktop',1768136221);
INSERT INTO "page_views" VALUES(16,5,'/','45b315e9-a8c5-4630-b34f-b107c895b794','2a06:98c0:3600::103','Mozilla/5.0 (Macintosh; Intel Mac OS X 10_15_7) AppleWebKit/537.36 (KHTML, like Gecko) Chrome/143.0.0.0 Safari/537.36','https://dc-store.digitalcare.site/','SG',NULL,'desktop',1768136245);
INSERT INTO "page_views" VALUES(17,5,'/','45b315e9-a8c5-4630-b34f-b107c895b794','2a06:98c0:3600::103','Mozilla/5.0 (Macintosh; Intel Mac OS X 10_15_7) AppleWebKit/537.36 (KHTML, like Gecko) Chrome/143.0.0.0 Safari/537.36','https://dc-store.digitalcare.site/','SG',NULL,'desktop',1768136253);
INSERT INTO "page_views" VALUES(18,5,'/','45b315e9-a8c5-4630-b34f-b107c895b794','2a06:98c0:3600::103','Mozilla/5.0 (Macintosh; Intel Mac OS X 10_15_7) AppleWebKit/537.36 (KHTML, like Gecko) Chrome/143.0.0.0 Safari/537.36','https://dc-store.digitalcare.site/','SG',NULL,'desktop',1768136264);
INSERT INTO "page_views" VALUES(19,5,'/','45b315e9-a8c5-4630-b34f-b107c895b794','2a06:98c0:3600::103','Mozilla/5.0 (Macintosh; Intel Mac OS X 10_15_7) AppleWebKit/537.36 (KHTML, like Gecko) Chrome/143.0.0.0 Safari/537.36','https://dc-store.digitalcare.site/','SG',NULL,'desktop',1768141956);
INSERT INTO "page_views" VALUES(20,5,'/','45b315e9-a8c5-4630-b34f-b107c895b794','2a06:98c0:3600::103','Mozilla/5.0 (Macintosh; Intel Mac OS X 10_15_7) AppleWebKit/537.36 (KHTML, like Gecko) Chrome/143.0.0.0 Safari/537.36','https://dc-store.digitalcare.site/','SG',NULL,'desktop',1768142291);
INSERT INTO "page_views" VALUES(21,5,'/','45b315e9-a8c5-4630-b34f-b107c895b794','2a06:98c0:3600::103','Mozilla/5.0 (Macintosh; Intel Mac OS X 10_15_7) AppleWebKit/537.36 (KHTML, like Gecko) Chrome/143.0.0.0 Safari/537.36','https://dc-store.digitalcare.site/','SG',NULL,'desktop',1768145566);
INSERT INTO "page_views" VALUES(22,5,'/','45b315e9-a8c5-4630-b34f-b107c895b794','2a06:98c0:3600::103','Mozilla/5.0 (Macintosh; Intel Mac OS X 10_15_7) AppleWebKit/537.36 (KHTML, like Gecko) Chrome/143.0.0.0 Safari/537.36','https://dc-store.digitalcare.site/','SG',NULL,'desktop',1768145570);
INSERT INTO "page_views" VALUES(23,5,'/','45b315e9-a8c5-4630-b34f-b107c895b794','2a06:98c0:3600::103','Mozilla/5.0 (Macintosh; Intel Mac OS X 10_15_7) AppleWebKit/537.36 (KHTML, like Gecko) Chrome/143.0.0.0 Safari/537.36','https://dc-store.digitalcare.site/','SG',NULL,'desktop',1768145596);
INSERT INTO "page_views" VALUES(24,5,'/','45b315e9-a8c5-4630-b34f-b107c895b794','2a06:98c0:3600::103','Mozilla/5.0 (Macintosh; Intel Mac OS X 10_15_7) AppleWebKit/537.36 (KHTML, like Gecko) Chrome/143.0.0.0 Safari/537.36','https://dc-store.digitalcare.site/','SG',NULL,'desktop',1768160638);
INSERT INTO "page_views" VALUES(25,5,'/','45b315e9-a8c5-4630-b34f-b107c895b794','2a06:98c0:3600::103','Mozilla/5.0 (Macintosh; Intel Mac OS X 10_15_7) AppleWebKit/537.36 (KHTML, like Gecko) Chrome/143.0.0.0 Safari/537.36','https://dc-store.digitalcare.site/','SG',NULL,'desktop',1768160660);
INSERT INTO "page_views" VALUES(26,5,'/','45b315e9-a8c5-4630-b34f-b107c895b794','2a06:98c0:3600::103','Mozilla/5.0 (Macintosh; Intel Mac OS X 10_15_7) AppleWebKit/537.36 (KHTML, like Gecko) Chrome/143.0.0.0 Safari/537.36','https://dc-store.digitalcare.site/','SG',NULL,'desktop',1768160665);
INSERT INTO "page_views" VALUES(27,5,'/','45b315e9-a8c5-4630-b34f-b107c895b794','2a06:98c0:3600::103','Mozilla/5.0 (Macintosh; Intel Mac OS X 10_15_7) AppleWebKit/537.36 (KHTML, like Gecko) Chrome/143.0.0.0 Safari/537.36','https://dc-store.digitalcare.site/','SG',NULL,'desktop',1768160673);
INSERT INTO "page_views" VALUES(28,5,'/','ed68fd79-b8d5-4a21-9b61-7d8490a5e1a5','2a06:98c0:3600::103','Mozilla/5.0 (Macintosh; Intel Mac OS X 10_15_7) AppleWebKit/537.36 (KHTML, like Gecko) Chrome/119.0.0.0 Safari/537.36','https://dc-store.digitalcare.site/','US',NULL,'desktop',1768237586);
INSERT INTO "page_views" VALUES(29,5,'/','45b315e9-a8c5-4630-b34f-b107c895b794','2a06:98c0:3600::103','Mozilla/5.0 (Macintosh; Intel Mac OS X 10_15_7) AppleWebKit/537.36 (KHTML, like Gecko) Chrome/143.0.0.0 Safari/537.36','https://dc-store.digitalcare.site/','SG',NULL,'desktop',1768243378);
INSERT INTO "page_views" VALUES(30,1,'/','89733c51-93df-4e04-9ecf-6a0e1f476fda','2a09:bac5:49f:101e::19b:a','Mozilla/5.0 (Macintosh; Intel Mac OS X 10_15_7) AppleWebKit/537.36 (KHTML, like Gecko) Chrome/143.0.0.0 Safari/537.36','https://735695d5.multi-store-saas.pages.dev/','BD',NULL,'desktop',1768250078);
INSERT INTO "page_views" VALUES(31,5,'/','67ccd142-1b9e-44c9-8ed3-6128e8992e0c','2a06:98c0:3600::103','Mozilla/5.0 (Macintosh; Intel Mac OS X 10_15_7) AppleWebKit/537.36 (KHTML, like Gecko) Chrome/143.0.0.0 Safari/537.36','https://dc-store.ozzyl.com/','SG',NULL,'desktop',1768321665);
INSERT INTO "page_views" VALUES(32,5,'/','67ccd142-1b9e-44c9-8ed3-6128e8992e0c','2a06:98c0:3600::103','Mozilla/5.0 (Macintosh; Intel Mac OS X 10_15_7) AppleWebKit/537.36 (KHTML, like Gecko) Chrome/143.0.0.0 Safari/537.36','https://dc-store.ozzyl.com/','SG',NULL,'desktop',1768323241);
INSERT INTO "page_views" VALUES(33,5,'/','67ccd142-1b9e-44c9-8ed3-6128e8992e0c','2a06:98c0:3600::103','Mozilla/5.0 (Macintosh; Intel Mac OS X 10_15_7) AppleWebKit/537.36 (KHTML, like Gecko) Chrome/143.0.0.0 Safari/537.36','https://dc-store.ozzyl.com/','SG',NULL,'desktop',1768323248);
INSERT INTO "page_views" VALUES(34,5,'/','b2cf11b9-cc6f-40a2-9d59-87b245f37e55','2a06:98c0:3600::103','Mozilla/5.0 (Linux; Android 11; moto g power (2022)) AppleWebKit/537.36 (KHTML, like Gecko) Chrome/136.0.0.0 Mobile Safari/537.36 Chrome-Lighthouse','https://dc-store.ozzyl.com/','TW',NULL,'mobile',1768323277);
INSERT INTO "page_views" VALUES(35,5,'/','af1c098c-7987-4371-8b4d-09a8a487c9be','2a06:98c0:3600::103','Mozilla/5.0 (Macintosh; Intel Mac OS X 10_15_7) AppleWebKit/537.36 (KHTML, like Gecko) Chrome/136.0.0.0 Safari/537.36 Chrome-Lighthouse','https://dc-store.ozzyl.com/','TW',NULL,'desktop',1768323277);
INSERT INTO "page_views" VALUES(36,5,'/','da7548eb-9c38-4f12-be41-d6d0ec5ab01e','2a06:98c0:3600::103','Mozilla/5.0 (Macintosh; Intel Mac OS X 10_15_7) AppleWebKit/537.36 (KHTML, like Gecko) Chrome/143.0.0.0 Safari/537.36','https://dc-store.ozzyl.com/','SG',NULL,'desktop',1768323363);
INSERT INTO "page_views" VALUES(37,5,'/','67ccd142-1b9e-44c9-8ed3-6128e8992e0c','2a06:98c0:3600::103','Mozilla/5.0 (Macintosh; Intel Mac OS X 10_15_7) AppleWebKit/537.36 (KHTML, like Gecko) Chrome/143.0.0.0 Safari/537.36','https://dc-store.ozzyl.com/','SG',NULL,'desktop',1768323571);
INSERT INTO "page_views" VALUES(38,5,'/','67ccd142-1b9e-44c9-8ed3-6128e8992e0c','2a06:98c0:3600::103','Mozilla/5.0 (Macintosh; Intel Mac OS X 10_15_7) AppleWebKit/537.36 (KHTML, like Gecko) Chrome/143.0.0.0 Safari/537.36','https://dc-store.ozzyl.com/','SG',NULL,'desktop',1768324045);
INSERT INTO "page_views" VALUES(39,5,'/','67ccd142-1b9e-44c9-8ed3-6128e8992e0c','2a06:98c0:3600::103','Mozilla/5.0 (Macintosh; Intel Mac OS X 10_15_7) AppleWebKit/537.36 (KHTML, like Gecko) Chrome/143.0.0.0 Safari/537.36','https://dc-store.ozzyl.com/','SG',NULL,'desktop',1768324056);
INSERT INTO "page_views" VALUES(40,5,'/','67ccd142-1b9e-44c9-8ed3-6128e8992e0c','2a06:98c0:3600::103','Mozilla/5.0 (Macintosh; Intel Mac OS X 10_15_7) AppleWebKit/537.36 (KHTML, like Gecko) Chrome/143.0.0.0 Safari/537.36','https://dc-store.ozzyl.com/','SG',NULL,'desktop',1768324062);
INSERT INTO "page_views" VALUES(41,5,'/','67ccd142-1b9e-44c9-8ed3-6128e8992e0c','2a06:98c0:3600::103','Mozilla/5.0 (Macintosh; Intel Mac OS X 10_15_7) AppleWebKit/537.36 (KHTML, like Gecko) Chrome/143.0.0.0 Safari/537.36','https://dc-store.ozzyl.com/','SG',NULL,'desktop',1768324067);
INSERT INTO "page_views" VALUES(42,5,'/','67ccd142-1b9e-44c9-8ed3-6128e8992e0c','2a06:98c0:3600::103','Mozilla/5.0 (Linux; Android 11; moto g power (2022)) AppleWebKit/537.36 (KHTML, like Gecko) Chrome/143.0.0.0 Mobile Safari/537.36','https://dc-store.ozzyl.com/','SG',NULL,'mobile',1768324816);
INSERT INTO "page_views" VALUES(43,5,'/','67ccd142-1b9e-44c9-8ed3-6128e8992e0c','2a06:98c0:3600::103','Mozilla/5.0 (Macintosh; Intel Mac OS X 10_15_7) AppleWebKit/537.36 (KHTML, like Gecko) Chrome/143.0.0.0 Safari/537.36','https://dc-store.ozzyl.com/','SG',NULL,'desktop',1768324826);
INSERT INTO "page_views" VALUES(44,5,'/','67ccd142-1b9e-44c9-8ed3-6128e8992e0c','2a06:98c0:3600::103','Mozilla/5.0 (Linux; Android 11; moto g power (2022)) AppleWebKit/537.36 (KHTML, like Gecko) Chrome/143.0.0.0 Mobile Safari/537.36','https://dc-store.ozzyl.com/','SG',NULL,'mobile',1768324840);
INSERT INTO "page_views" VALUES(45,5,'/','67ccd142-1b9e-44c9-8ed3-6128e8992e0c','2a06:98c0:3600::103','Mozilla/5.0 (Macintosh; Intel Mac OS X 10_15_7) AppleWebKit/537.36 (KHTML, like Gecko) Chrome/143.0.0.0 Safari/537.36','https://dc-store.ozzyl.com/','SG',NULL,'desktop',1768324849);
INSERT INTO "page_views" VALUES(46,5,'/','74a0a77d-26c8-4aca-9092-d839f8a355c7','2a06:98c0:3600::103','Mozilla/5.0 (Linux; Android 10; K) AppleWebKit/537.36 (KHTML, like Gecko) Chrome/143.0.0.0 Mobile Safari/537.36','https://dc-store.ozzyl.com/','SG',NULL,'mobile',1768324859);
INSERT INTO "page_views" VALUES(47,5,'/','67ccd142-1b9e-44c9-8ed3-6128e8992e0c','2a06:98c0:3600::103','Mozilla/5.0 (Macintosh; Intel Mac OS X 10_15_7) AppleWebKit/537.36 (KHTML, like Gecko) Chrome/143.0.0.0 Safari/537.36','https://dc-store.ozzyl.com/','SG',NULL,'desktop',1768326242);
INSERT INTO "page_views" VALUES(48,5,'/p/page-1768369751364','67ccd142-1b9e-44c9-8ed3-6128e8992e0c','2a06:98c0:3600::103','Mozilla/5.0 (Macintosh; Intel Mac OS X 10_15_7) AppleWebKit/537.36 (KHTML, like Gecko) Chrome/143.0.0.0 Safari/537.36','https://dc-store.ozzyl.com/p/page-1768369751364','BD',NULL,'desktop',1768369761);
INSERT INTO "page_views" VALUES(49,5,'/p/page-1768369751364','67ccd142-1b9e-44c9-8ed3-6128e8992e0c','2a06:98c0:3600::103','Mozilla/5.0 (Macintosh; Intel Mac OS X 10_15_7) AppleWebKit/537.36 (KHTML, like Gecko) Chrome/143.0.0.0 Safari/537.36','https://dc-store.ozzyl.com/p/page-1768369751364','BD',NULL,'desktop',1768369906);
INSERT INTO "page_views" VALUES(50,5,'/p/page-1768369751364','67ccd142-1b9e-44c9-8ed3-6128e8992e0c','2a06:98c0:3600::103','Mozilla/5.0 (Macintosh; Intel Mac OS X 10_15_7) AppleWebKit/537.36 (KHTML, like Gecko) Chrome/143.0.0.0 Safari/537.36','https://dc-store.ozzyl.com/p/page-1768369751364','BD',NULL,'desktop',1768370190);
INSERT INTO "page_views" VALUES(51,5,'/p/page-1768369751364','67ccd142-1b9e-44c9-8ed3-6128e8992e0c','2a06:98c0:3600::103','Mozilla/5.0 (Macintosh; Intel Mac OS X 10_15_7) AppleWebKit/537.36 (KHTML, like Gecko) Chrome/143.0.0.0 Safari/537.36','https://dc-store.ozzyl.com/p/page-1768369751364','BD',NULL,'desktop',1768370825);
INSERT INTO "page_views" VALUES(52,5,'/p/page-1768369751364','67ccd142-1b9e-44c9-8ed3-6128e8992e0c','2a06:98c0:3600::103','Mozilla/5.0 (Macintosh; Intel Mac OS X 10_15_7) AppleWebKit/537.36 (KHTML, like Gecko) Chrome/143.0.0.0 Safari/537.36','https://dc-store.ozzyl.com/p/page-1768369751364','BD',NULL,'desktop',1768370850);
INSERT INTO "page_views" VALUES(53,5,'/p/page-1768370881661','67ccd142-1b9e-44c9-8ed3-6128e8992e0c','2a06:98c0:3600::103','Mozilla/5.0 (Macintosh; Intel Mac OS X 10_15_7) AppleWebKit/537.36 (KHTML, like Gecko) Chrome/143.0.0.0 Safari/537.36','https://dc-store.ozzyl.com/p/page-1768370881661','BD',NULL,'desktop',1768370888);
INSERT INTO "page_views" VALUES(54,5,'/p/page-1768371550770','67ccd142-1b9e-44c9-8ed3-6128e8992e0c','2a06:98c0:3600::103','Mozilla/5.0 (Macintosh; Intel Mac OS X 10_15_7) AppleWebKit/537.36 (KHTML, like Gecko) Chrome/143.0.0.0 Safari/537.36','https://dc-store.ozzyl.com/p/page-1768371550770','BD',NULL,'desktop',1768371562);
INSERT INTO "page_views" VALUES(55,5,'/p/page-1768371620815','67ccd142-1b9e-44c9-8ed3-6128e8992e0c','2a06:98c0:3600::103','Mozilla/5.0 (Macintosh; Intel Mac OS X 10_15_7) AppleWebKit/537.36 (KHTML, like Gecko) Chrome/143.0.0.0 Safari/537.36','https://dc-store.ozzyl.com/p/page-1768371620815','BD',NULL,'desktop',1768371649);
INSERT INTO "page_views" VALUES(56,5,'/p/page-1768371620815','67ccd142-1b9e-44c9-8ed3-6128e8992e0c','2a06:98c0:3600::103','Mozilla/5.0 (Macintosh; Intel Mac OS X 10_15_7) AppleWebKit/537.36 (KHTML, like Gecko) Chrome/143.0.0.0 Safari/537.36','https://dc-store.ozzyl.com/p/page-1768371620815','BD',NULL,'desktop',1768371661);
INSERT INTO "page_views" VALUES(57,5,'/p/page-1768371681974','67ccd142-1b9e-44c9-8ed3-6128e8992e0c','2a06:98c0:3600::103','Mozilla/5.0 (Macintosh; Intel Mac OS X 10_15_7) AppleWebKit/537.36 (KHTML, like Gecko) Chrome/143.0.0.0 Safari/537.36','https://dc-store.ozzyl.com/p/page-1768371681974','BD',NULL,'desktop',1768371692);
INSERT INTO "page_views" VALUES(58,5,'/p/page-1768371681974','67ccd142-1b9e-44c9-8ed3-6128e8992e0c','2a06:98c0:3600::103','Mozilla/5.0 (Macintosh; Intel Mac OS X 10_15_7) AppleWebKit/537.36 (KHTML, like Gecko) Chrome/143.0.0.0 Safari/537.36','https://dc-store.ozzyl.com/p/page-1768371681974','BD',NULL,'desktop',1768372480);
INSERT INTO "page_views" VALUES(59,5,'/p/page-1768371681974','67ccd142-1b9e-44c9-8ed3-6128e8992e0c','2a06:98c0:3600::103','Mozilla/5.0 (Macintosh; Intel Mac OS X 10_15_7) AppleWebKit/537.36 (KHTML, like Gecko) Chrome/143.0.0.0 Safari/537.36','https://dc-store.ozzyl.com/p/page-1768371681974','BD',NULL,'desktop',1768372502);
INSERT INTO "page_views" VALUES(60,5,'/p/page-1768371681974','67ccd142-1b9e-44c9-8ed3-6128e8992e0c','2a06:98c0:3600::103','Mozilla/5.0 (Macintosh; Intel Mac OS X 10_15_7) AppleWebKit/537.36 (KHTML, like Gecko) Chrome/143.0.0.0 Safari/537.36','https://dc-store.ozzyl.com/p/page-1768371681974','BD',NULL,'desktop',1768372591);
INSERT INTO "page_views" VALUES(61,5,'/p/page-1768371897948','67ccd142-1b9e-44c9-8ed3-6128e8992e0c','2a06:98c0:3600::103','Mozilla/5.0 (Macintosh; Intel Mac OS X 10_15_7) AppleWebKit/537.36 (KHTML, like Gecko) Chrome/143.0.0.0 Safari/537.36','https://dc-store.ozzyl.com/p/page-1768371897948','BD',NULL,'desktop',1768372596);
INSERT INTO "page_views" VALUES(62,5,'/p/page-1768371681974','67ccd142-1b9e-44c9-8ed3-6128e8992e0c','2a06:98c0:3600::103','Mozilla/5.0 (Macintosh; Intel Mac OS X 10_15_7) AppleWebKit/537.36 (KHTML, like Gecko) Chrome/143.0.0.0 Safari/537.36','https://dc-store.ozzyl.com/p/page-1768371681974','BD',NULL,'desktop',1768372769);
INSERT INTO "page_views" VALUES(63,5,'/p/page-1768371897948','67ccd142-1b9e-44c9-8ed3-6128e8992e0c','2a06:98c0:3600::103','Mozilla/5.0 (Macintosh; Intel Mac OS X 10_15_7) AppleWebKit/537.36 (KHTML, like Gecko) Chrome/143.0.0.0 Safari/537.36','https://dc-store.ozzyl.com/p/page-1768371897948','BD',NULL,'desktop',1768372782);
INSERT INTO "page_views" VALUES(64,5,'/p/page-1768371897948','67ccd142-1b9e-44c9-8ed3-6128e8992e0c','2a06:98c0:3600::103','Mozilla/5.0 (Macintosh; Intel Mac OS X 10_15_7) AppleWebKit/537.36 (KHTML, like Gecko) Chrome/143.0.0.0 Safari/537.36','https://dc-store.ozzyl.com/p/page-1768371897948','BD',NULL,'desktop',1768372813);
INSERT INTO "page_views" VALUES(65,5,'/p/page-1768371681974','67ccd142-1b9e-44c9-8ed3-6128e8992e0c','2a06:98c0:3600::103','Mozilla/5.0 (Macintosh; Intel Mac OS X 10_15_7) AppleWebKit/537.36 (KHTML, like Gecko) Chrome/143.0.0.0 Safari/537.36','https://dc-store.ozzyl.com/p/page-1768371681974','BD',NULL,'desktop',1768372817);
INSERT INTO "page_views" VALUES(66,5,'/p/page-1768371681974','67ccd142-1b9e-44c9-8ed3-6128e8992e0c','2a06:98c0:3600::103','Mozilla/5.0 (Macintosh; Intel Mac OS X 10_15_7) AppleWebKit/537.36 (KHTML, like Gecko) Chrome/143.0.0.0 Safari/537.36','https://dc-store.ozzyl.com/p/page-1768371681974','BD',NULL,'desktop',1768372821);
INSERT INTO "page_views" VALUES(67,5,'/p/page-1768371681974','67ccd142-1b9e-44c9-8ed3-6128e8992e0c','2a06:98c0:3600::103','Mozilla/5.0 (Macintosh; Intel Mac OS X 10_15_7) AppleWebKit/537.36 (KHTML, like Gecko) Chrome/143.0.0.0 Safari/537.36','https://dc-store.ozzyl.com/p/page-1768371681974','BD',NULL,'desktop',1768372824);
INSERT INTO "page_views" VALUES(68,5,'/p/page-1768371681974','67ccd142-1b9e-44c9-8ed3-6128e8992e0c','2a06:98c0:3600::103','Mozilla/5.0 (Macintosh; Intel Mac OS X 10_15_7) AppleWebKit/537.36 (KHTML, like Gecko) Chrome/143.0.0.0 Safari/537.36','https://dc-store.ozzyl.com/p/page-1768371681974','BD',NULL,'desktop',1768372827);
INSERT INTO "page_views" VALUES(69,5,'/p/page-1768371897948','67ccd142-1b9e-44c9-8ed3-6128e8992e0c','2a06:98c0:3600::103','Mozilla/5.0 (Macintosh; Intel Mac OS X 10_15_7) AppleWebKit/537.36 (KHTML, like Gecko) Chrome/143.0.0.0 Safari/537.36','https://dc-store.ozzyl.com/p/page-1768371897948','BD',NULL,'desktop',1768372837);
INSERT INTO "page_views" VALUES(70,5,'/p/page-1768371681974','67ccd142-1b9e-44c9-8ed3-6128e8992e0c','2a06:98c0:3600::103','Mozilla/5.0 (Macintosh; Intel Mac OS X 10_15_7) AppleWebKit/537.36 (KHTML, like Gecko) Chrome/143.0.0.0 Safari/537.36','https://dc-store.ozzyl.com/p/page-1768371681974','BD',NULL,'desktop',1768373108);
INSERT INTO "page_views" VALUES(71,5,'/p/page-1768371681974','69fd95ab-0acc-445f-b37a-e8b348d6ca00','2a06:98c0:3600::103','Mozilla/5.0 (Macintosh; Intel Mac OS X 10_15_7) AppleWebKit/537.36 (KHTML, like Gecko) Chrome/143.0.0.0 Safari/537.36','https://dc-store.ozzyl.com/p/page-1768371681974','BD',NULL,'desktop',1768373118);
INSERT INTO "page_views" VALUES(72,5,'/p/page-1768371681974','69fd95ab-0acc-445f-b37a-e8b348d6ca00','2a06:98c0:3600::103','Mozilla/5.0 (Macintosh; Intel Mac OS X 10_15_7) AppleWebKit/537.36 (KHTML, like Gecko) Chrome/143.0.0.0 Safari/537.36','https://dc-store.ozzyl.com/p/page-1768371681974','BD',NULL,'desktop',1768373125);
INSERT INTO "page_views" VALUES(73,5,'/','67ccd142-1b9e-44c9-8ed3-6128e8992e0c','2a06:98c0:3600::103','Mozilla/5.0 (Macintosh; Intel Mac OS X 10_15_7) AppleWebKit/537.36 (KHTML, like Gecko) Chrome/143.0.0.0 Safari/537.36','https://dc-store.ozzyl.com/','BD',NULL,'desktop',1768388611);
INSERT INTO "page_views" VALUES(74,5,'/','2b353083-1329-455a-a4dd-f781984bd629','2a06:98c0:3600::103','Mozilla/5.0 (Linux; Android 10; K) AppleWebKit/537.36 (KHTML, like Gecko) Chrome/143.0.0.0 Mobile Safari/537.36','https://dc-store.ozzyl.com/','BD',NULL,'mobile',1768449741);
INSERT INTO "page_views" VALUES(75,5,'/','2b353083-1329-455a-a4dd-f781984bd629','2a06:98c0:3600::103','Mozilla/5.0 (Linux; Android 10; K) AppleWebKit/537.36 (KHTML, like Gecko) Chrome/143.0.0.0 Mobile Safari/537.36','https://dc-store.ozzyl.com/','BD',NULL,'mobile',1768449747);
INSERT INTO "page_views" VALUES(76,5,'/','2b353083-1329-455a-a4dd-f781984bd629','2a06:98c0:3600::103','Mozilla/5.0 (Linux; Android 10; K) AppleWebKit/537.36 (KHTML, like Gecko) Chrome/143.0.0.0 Mobile Safari/537.36','https://dc-store.ozzyl.com/','BD',NULL,'mobile',1768449752);
INSERT INTO "page_views" VALUES(77,1,'/','413b71f8-8342-4e63-9be1-c9fb02a9aa36','2a09:bac5:49c:2723::3e6:15','Mozilla/5.0 (Macintosh; Intel Mac OS X 10_15_7) AppleWebKit/537.36 (KHTML, like Gecko) Chrome/143.0.0.0 Safari/537.36','https://6055cdfc.multi-store-saas.pages.dev/','BD',NULL,'desktop',1768470343);
INSERT INTO "page_views" VALUES(78,1,'/','413b71f8-8342-4e63-9be1-c9fb02a9aa36','2a09:bac5:49c:2723::3e6:15','Mozilla/5.0 (Macintosh; Intel Mac OS X 10_15_7) AppleWebKit/537.36 (KHTML, like Gecko) Chrome/143.0.0.0 Safari/537.36','https://6055cdfc.multi-store-saas.pages.dev/','BD',NULL,'desktop',1768470397);
INSERT INTO "page_views" VALUES(79,5,'/','9ab15583-54c7-48f0-bd9b-0c296a228810','2a06:98c0:3600::103','Mozilla/5.0 (Windows NT 10.0; Win64; x64) AppleWebKit/537.36 (KHTML, like Gecko) Chrome/143.0.0.0 Safari/537.36','https://dc-store.ozzyl.com/','BD',NULL,'desktop',1768495017);
INSERT INTO "page_views" VALUES(80,5,'/','9ab15583-54c7-48f0-bd9b-0c296a228810','2a06:98c0:3600::103','Mozilla/5.0 (Windows NT 10.0; Win64; x64) AppleWebKit/537.36 (KHTML, like Gecko) Chrome/143.0.0.0 Safari/537.36','https://dc-store.ozzyl.com/','BD',NULL,'desktop',1768495025);
INSERT INTO "page_views" VALUES(81,1,'/','11cfc642-1564-45f7-8c60-f4681ff12220','2a09:bac1:b60:10::23:438','Mozilla/5.0 (Macintosh; Intel Mac OS X 10_15_7) AppleWebKit/537.36 (KHTML, like Gecko) Chrome/143.0.0.0 Safari/537.36','https://68d3151e.multi-store-saas.pages.dev/','BD',NULL,'desktop',1768524370);
INSERT INTO "page_views" VALUES(82,1,'/','11cfc642-1564-45f7-8c60-f4681ff12220','2a09:bac5:49b:137d::1f1:21b','Mozilla/5.0 (Macintosh; Intel Mac OS X 10_15_7) AppleWebKit/537.36 (KHTML, like Gecko) Chrome/143.0.0.0 Safari/537.36','https://68d3151e.multi-store-saas.pages.dev/','BD',NULL,'desktop',1768550676);
INSERT INTO "page_views" VALUES(83,1,'/','11cfc642-1564-45f7-8c60-f4681ff12220','2a09:bac5:49b:137d::1f1:21b','Mozilla/5.0 (Macintosh; Intel Mac OS X 10_15_7) AppleWebKit/537.36 (KHTML, like Gecko) Chrome/143.0.0.0 Safari/537.36','https://68d3151e.multi-store-saas.pages.dev/','BD',NULL,'desktop',1768551494);
INSERT INTO "page_views" VALUES(84,5,'/','bbc45460-29fc-4a3e-b5ba-da4f130eb3e2','2a06:98c0:3600::103','Mozilla/5.0 (Macintosh; Intel Mac OS X 10_15_7) AppleWebKit/537.36 (KHTML, like Gecko) Chrome/143.0.0.0 Safari/537.36','https://dc-store.ozzyl.com/','SG',NULL,'desktop',1768569593);
INSERT INTO "page_views" VALUES(85,5,'/','bbc45460-29fc-4a3e-b5ba-da4f130eb3e2','2a06:98c0:3600::103','Mozilla/5.0 (Macintosh; Intel Mac OS X 10_15_7) AppleWebKit/537.36 (KHTML, like Gecko) Chrome/143.0.0.0 Safari/537.36','https://dc-store.ozzyl.com/','SG',NULL,'desktop',1768569610);
INSERT INTO "page_views" VALUES(86,5,'/','bbc45460-29fc-4a3e-b5ba-da4f130eb3e2','2a06:98c0:3600::103','Mozilla/5.0 (Macintosh; Intel Mac OS X 10_15_7) AppleWebKit/537.36 (KHTML, like Gecko) Chrome/143.0.0.0 Safari/537.36','https://dc-store.ozzyl.com/','SG',NULL,'desktop',1768569619);
INSERT INTO "page_views" VALUES(87,5,'/','bbc45460-29fc-4a3e-b5ba-da4f130eb3e2','2a06:98c0:3600::103','Mozilla/5.0 (Macintosh; Intel Mac OS X 10_15_7) AppleWebKit/537.36 (KHTML, like Gecko) Chrome/143.0.0.0 Safari/537.36','https://dc-store.ozzyl.com/','SG',NULL,'desktop',1768570007);
INSERT INTO "page_views" VALUES(88,5,'/','bbc45460-29fc-4a3e-b5ba-da4f130eb3e2','2a06:98c0:3600::103','Mozilla/5.0 (Macintosh; Intel Mac OS X 10_15_7) AppleWebKit/537.36 (KHTML, like Gecko) Chrome/143.0.0.0 Safari/537.36','https://dc-store.ozzyl.com/','SG',NULL,'desktop',1768570021);
INSERT INTO "page_views" VALUES(89,5,'/','bbc45460-29fc-4a3e-b5ba-da4f130eb3e2','2a06:98c0:3600::103','Mozilla/5.0 (Macintosh; Intel Mac OS X 10_15_7) AppleWebKit/537.36 (KHTML, like Gecko) Chrome/143.0.0.0 Safari/537.36','https://dc-store.ozzyl.com/','SG',NULL,'desktop',1768570028);
INSERT INTO "page_views" VALUES(90,5,'/','bbc45460-29fc-4a3e-b5ba-da4f130eb3e2','2a06:98c0:3600::103','Mozilla/5.0 (Macintosh; Intel Mac OS X 10_15_7) AppleWebKit/537.36 (KHTML, like Gecko) Chrome/143.0.0.0 Safari/537.36','https://dc-store.ozzyl.com/','SG',NULL,'desktop',1768570039);
INSERT INTO "page_views" VALUES(91,5,'/','bbc45460-29fc-4a3e-b5ba-da4f130eb3e2','2a06:98c0:3600::103','Mozilla/5.0 (Macintosh; Intel Mac OS X 10_15_7) AppleWebKit/537.36 (KHTML, like Gecko) Chrome/143.0.0.0 Safari/537.36','https://dc-store.ozzyl.com/','SG',NULL,'desktop',1768570092);
INSERT INTO "page_views" VALUES(92,5,'/','bbc45460-29fc-4a3e-b5ba-da4f130eb3e2','2a06:98c0:3600::103','Mozilla/5.0 (Macintosh; Intel Mac OS X 10_15_7) AppleWebKit/537.36 (KHTML, like Gecko) Chrome/143.0.0.0 Safari/537.36','https://dc-store.ozzyl.com/','SG',NULL,'desktop',1768570140);
INSERT INTO "page_views" VALUES(93,5,'/','bbc45460-29fc-4a3e-b5ba-da4f130eb3e2','2a06:98c0:3600::103','Mozilla/5.0 (Macintosh; Intel Mac OS X 10_15_7) AppleWebKit/537.36 (KHTML, like Gecko) Chrome/143.0.0.0 Safari/537.36','https://dc-store.ozzyl.com/','SG',NULL,'desktop',1768570388);
INSERT INTO "page_views" VALUES(94,5,'/','bbc45460-29fc-4a3e-b5ba-da4f130eb3e2','2a06:98c0:3600::103','Mozilla/5.0 (Macintosh; Intel Mac OS X 10_15_7) AppleWebKit/537.36 (KHTML, like Gecko) Chrome/143.0.0.0 Safari/537.36','https://dc-store.ozzyl.com/','SG',NULL,'desktop',1768570397);
INSERT INTO "page_views" VALUES(95,5,'/','bbc45460-29fc-4a3e-b5ba-da4f130eb3e2','2a06:98c0:3600::103','Mozilla/5.0 (Macintosh; Intel Mac OS X 10_15_7) AppleWebKit/537.36 (KHTML, like Gecko) Chrome/143.0.0.0 Safari/537.36','https://dc-store.ozzyl.com/','SG',NULL,'desktop',1768570634);
INSERT INTO "page_views" VALUES(96,5,'/','bbc45460-29fc-4a3e-b5ba-da4f130eb3e2','2a06:98c0:3600::103','Mozilla/5.0 (Macintosh; Intel Mac OS X 10_15_7) AppleWebKit/537.36 (KHTML, like Gecko) Chrome/143.0.0.0 Safari/537.36','https://dc-store.ozzyl.com/','SG',NULL,'desktop',1768570672);
INSERT INTO "page_views" VALUES(97,5,'/','67ccd142-1b9e-44c9-8ed3-6128e8992e0c','2a06:98c0:3600::103','Mozilla/5.0 (Macintosh; Intel Mac OS X 10_15_7) AppleWebKit/537.36 (KHTML, like Gecko) Chrome/143.0.0.0 Safari/537.36','https://dc-store.ozzyl.com/','SG',NULL,'desktop',1768570740);
INSERT INTO "page_views" VALUES(98,5,'/','bbc45460-29fc-4a3e-b5ba-da4f130eb3e2','2a06:98c0:3600::103','Mozilla/5.0 (Macintosh; Intel Mac OS X 10_15_7) AppleWebKit/537.36 (KHTML, like Gecko) Chrome/143.0.0.0 Safari/537.36','https://dc-store.ozzyl.com/','SG',NULL,'desktop',1768570808);
INSERT INTO "page_views" VALUES(99,5,'/','bbc45460-29fc-4a3e-b5ba-da4f130eb3e2','2a06:98c0:3600::103','Mozilla/5.0 (Macintosh; Intel Mac OS X 10_15_7) AppleWebKit/537.36 (KHTML, like Gecko) Chrome/143.0.0.0 Safari/537.36','https://dc-store.ozzyl.com/?category=Food%20%26%20Beverages','SG',NULL,'desktop',1768570850);
INSERT INTO "page_views" VALUES(100,5,'/','bbc45460-29fc-4a3e-b5ba-da4f130eb3e2','2a06:98c0:3600::103','Mozilla/5.0 (Macintosh; Intel Mac OS X 10_15_7) AppleWebKit/537.36 (KHTML, like Gecko) Chrome/143.0.0.0 Safari/537.36','https://dc-store.ozzyl.com/?category=Food%20%26%20Beverages','SG',NULL,'desktop',1768570857);
INSERT INTO "page_views" VALUES(101,5,'/','bbc45460-29fc-4a3e-b5ba-da4f130eb3e2','2a06:98c0:3600::103','Mozilla/5.0 (Macintosh; Intel Mac OS X 10_15_7) AppleWebKit/537.36 (KHTML, like Gecko) Chrome/143.0.0.0 Safari/537.36','https://dc-store.ozzyl.com/','SG',NULL,'desktop',1768570952);
INSERT INTO "page_views" VALUES(102,5,'/','bbc45460-29fc-4a3e-b5ba-da4f130eb3e2','2a06:98c0:3600::103','Mozilla/5.0 (Macintosh; Intel Mac OS X 10_15_7) AppleWebKit/537.36 (KHTML, like Gecko) Chrome/143.0.0.0 Safari/537.36','https://dc-store.ozzyl.com/','SG',NULL,'desktop',1768571015);
INSERT INTO "page_views" VALUES(103,5,'/','bbc45460-29fc-4a3e-b5ba-da4f130eb3e2','2a06:98c0:3600::103','Mozilla/5.0 (Macintosh; Intel Mac OS X 10_15_7) AppleWebKit/537.36 (KHTML, like Gecko) Chrome/143.0.0.0 Safari/537.36','https://dc-store.ozzyl.com/','SG',NULL,'desktop',1768571039);
INSERT INTO "page_views" VALUES(104,5,'/','bbc45460-29fc-4a3e-b5ba-da4f130eb3e2','2a06:98c0:3600::103','Mozilla/5.0 (Macintosh; Intel Mac OS X 10_15_7) AppleWebKit/537.36 (KHTML, like Gecko) Chrome/143.0.0.0 Safari/537.36','https://dc-store.ozzyl.com/','SG',NULL,'desktop',1768571046);
INSERT INTO "page_views" VALUES(105,5,'/','bbc45460-29fc-4a3e-b5ba-da4f130eb3e2','2a06:98c0:3600::103','Mozilla/5.0 (Macintosh; Intel Mac OS X 10_15_7) AppleWebKit/537.36 (KHTML, like Gecko) Chrome/143.0.0.0 Safari/537.36','https://dc-store.ozzyl.com/?error=missing_store','SG',NULL,'desktop',1768571148);
INSERT INTO "page_views" VALUES(106,5,'/','bbc45460-29fc-4a3e-b5ba-da4f130eb3e2','2a06:98c0:3600::103','Mozilla/5.0 (Macintosh; Intel Mac OS X 10_15_7) AppleWebKit/537.36 (KHTML, like Gecko) Chrome/143.0.0.0 Safari/537.36','https://dc-store.ozzyl.com/','SG',NULL,'desktop',1768571208);
INSERT INTO "page_views" VALUES(107,5,'/','bbc45460-29fc-4a3e-b5ba-da4f130eb3e2','2a06:98c0:3600::103','Mozilla/5.0 (Macintosh; Intel Mac OS X 10_15_7) AppleWebKit/537.36 (KHTML, like Gecko) Chrome/143.0.0.0 Safari/537.36','https://dc-store.ozzyl.com/','SG',NULL,'desktop',1768571435);
INSERT INTO "page_views" VALUES(108,5,'/','bbc45460-29fc-4a3e-b5ba-da4f130eb3e2','2a06:98c0:3600::103','Mozilla/5.0 (Macintosh; Intel Mac OS X 10_15_7) AppleWebKit/537.36 (KHTML, like Gecko) Chrome/143.0.0.0 Safari/537.36','https://dc-store.ozzyl.com/','SG',NULL,'desktop',1768571685);
INSERT INTO "page_views" VALUES(109,5,'/','bbc45460-29fc-4a3e-b5ba-da4f130eb3e2','2a06:98c0:3600::103','Mozilla/5.0 (Macintosh; Intel Mac OS X 10_15_7) AppleWebKit/537.36 (KHTML, like Gecko) Chrome/143.0.0.0 Safari/537.36','https://dc-store.ozzyl.com/','SG',NULL,'desktop',1768571788);
INSERT INTO "page_views" VALUES(110,5,'/','bbc45460-29fc-4a3e-b5ba-da4f130eb3e2','2a06:98c0:3600::103','Mozilla/5.0 (Macintosh; Intel Mac OS X 10_15_7) AppleWebKit/537.36 (KHTML, like Gecko) Chrome/143.0.0.0 Safari/537.36','https://dc-store.ozzyl.com/','SG',NULL,'desktop',1768572072);
INSERT INTO "page_views" VALUES(111,5,'/','bbc45460-29fc-4a3e-b5ba-da4f130eb3e2','2a06:98c0:3600::103','Mozilla/5.0 (Macintosh; Intel Mac OS X 10_15_7) AppleWebKit/537.36 (KHTML, like Gecko) Chrome/143.0.0.0 Safari/537.36','https://dc-store.ozzyl.com/','SG',NULL,'desktop',1768572122);
INSERT INTO "page_views" VALUES(112,5,'/','bbc45460-29fc-4a3e-b5ba-da4f130eb3e2','2a06:98c0:3600::103','Mozilla/5.0 (Macintosh; Intel Mac OS X 10_15_7) AppleWebKit/537.36 (KHTML, like Gecko) Chrome/143.0.0.0 Safari/537.36','https://dc-store.ozzyl.com/','SG',NULL,'desktop',1768572665);
INSERT INTO "page_views" VALUES(113,5,'/','bbc45460-29fc-4a3e-b5ba-da4f130eb3e2','2a06:98c0:3600::103','Mozilla/5.0 (Macintosh; Intel Mac OS X 10_15_7) AppleWebKit/537.36 (KHTML, like Gecko) Chrome/143.0.0.0 Safari/537.36','https://dc-store.ozzyl.com/','SG',NULL,'desktop',1768573135);
INSERT INTO "page_views" VALUES(114,5,'/','67ccd142-1b9e-44c9-8ed3-6128e8992e0c','2a06:98c0:3600::103','Mozilla/5.0 (Macintosh; Intel Mac OS X 10_15_7) AppleWebKit/537.36 (KHTML, like Gecko) Chrome/143.0.0.0 Safari/537.36','https://dc-store.ozzyl.com/','SG',NULL,'desktop',1768573487);
INSERT INTO "page_views" VALUES(115,5,'/','bbc45460-29fc-4a3e-b5ba-da4f130eb3e2','2a06:98c0:3600::103','Mozilla/5.0 (Macintosh; Intel Mac OS X 10_15_7) AppleWebKit/537.36 (KHTML, like Gecko) Chrome/143.0.0.0 Safari/537.36','https://dc-store.ozzyl.com/','SG',NULL,'desktop',1768574250);
INSERT INTO "page_views" VALUES(116,5,'/','bbc45460-29fc-4a3e-b5ba-da4f130eb3e2','2a06:98c0:3600::103','Mozilla/5.0 (Macintosh; Intel Mac OS X 10_15_7) AppleWebKit/537.36 (KHTML, like Gecko) Chrome/143.0.0.0 Safari/537.36','https://dc-store.ozzyl.com/','SG',NULL,'desktop',1768574258);
INSERT INTO "page_views" VALUES(117,5,'/','bbc45460-29fc-4a3e-b5ba-da4f130eb3e2','2a06:98c0:3600::103','Mozilla/5.0 (Macintosh; Intel Mac OS X 10_15_7) AppleWebKit/537.36 (KHTML, like Gecko) Chrome/143.0.0.0 Safari/537.36','https://dc-store.ozzyl.com/','SG',NULL,'desktop',1768574268);
INSERT INTO "page_views" VALUES(118,5,'/','bbc45460-29fc-4a3e-b5ba-da4f130eb3e2','2a06:98c0:3600::103','Mozilla/5.0 (Macintosh; Intel Mac OS X 10_15_7) AppleWebKit/537.36 (KHTML, like Gecko) Chrome/143.0.0.0 Safari/537.36','https://dc-store.ozzyl.com/','SG',NULL,'desktop',1768574393);
INSERT INTO "page_views" VALUES(119,5,'/','bbc45460-29fc-4a3e-b5ba-da4f130eb3e2','2a06:98c0:3600::103','Mozilla/5.0 (Macintosh; Intel Mac OS X 10_15_7) AppleWebKit/537.36 (KHTML, like Gecko) Chrome/143.0.0.0 Safari/537.36','https://dc-store.ozzyl.com/','SG',NULL,'desktop',1768575192);
INSERT INTO "page_views" VALUES(120,5,'/','bbc45460-29fc-4a3e-b5ba-da4f130eb3e2','2a06:98c0:3600::103','Mozilla/5.0 (Macintosh; Intel Mac OS X 10_15_7) AppleWebKit/537.36 (KHTML, like Gecko) Chrome/143.0.0.0 Safari/537.36','https://dc-store.ozzyl.com/','SG',NULL,'desktop',1768575201);
INSERT INTO "page_views" VALUES(121,5,'/','bbc45460-29fc-4a3e-b5ba-da4f130eb3e2','2a06:98c0:3600::103','Mozilla/5.0 (Macintosh; Intel Mac OS X 10_15_7) AppleWebKit/537.36 (KHTML, like Gecko) Chrome/143.0.0.0 Safari/537.36','https://dc-store.ozzyl.com/','SG',NULL,'desktop',1768576768);
INSERT INTO "page_views" VALUES(122,5,'/','bbc45460-29fc-4a3e-b5ba-da4f130eb3e2','2a06:98c0:3600::103','Mozilla/5.0 (Macintosh; Intel Mac OS X 10_15_7) AppleWebKit/537.36 (KHTML, like Gecko) Chrome/143.0.0.0 Safari/537.36','https://dc-store.ozzyl.com/','SG',NULL,'desktop',1768576838);
INSERT INTO "page_views" VALUES(123,5,'/','bbc45460-29fc-4a3e-b5ba-da4f130eb3e2','2a06:98c0:3600::103','Mozilla/5.0 (Macintosh; Intel Mac OS X 10_15_7) AppleWebKit/537.36 (KHTML, like Gecko) Chrome/143.0.0.0 Safari/537.36','https://dc-store.ozzyl.com/','SG',NULL,'desktop',1768576858);
INSERT INTO "page_views" VALUES(124,5,'/','bbc45460-29fc-4a3e-b5ba-da4f130eb3e2','2a06:98c0:3600::103','Mozilla/5.0 (Macintosh; Intel Mac OS X 10_15_7) AppleWebKit/537.36 (KHTML, like Gecko) Chrome/143.0.0.0 Safari/537.36','https://dc-store.ozzyl.com/','SG',NULL,'desktop',1768576902);
INSERT INTO "page_views" VALUES(125,5,'/','67ccd142-1b9e-44c9-8ed3-6128e8992e0c','2a06:98c0:3600::103','Mozilla/5.0 (Macintosh; Intel Mac OS X 10_15_7) AppleWebKit/537.36 (KHTML, like Gecko) Chrome/143.0.0.0 Safari/537.36','https://dc-store.ozzyl.com/','SG',NULL,'desktop',1768577501);
INSERT INTO "page_views" VALUES(126,5,'/','67ccd142-1b9e-44c9-8ed3-6128e8992e0c','2a06:98c0:3600::103','Mozilla/5.0 (Macintosh; Intel Mac OS X 10_15_7) AppleWebKit/537.36 (KHTML, like Gecko) Chrome/143.0.0.0 Safari/537.36','https://dc-store.ozzyl.com/','SG',NULL,'desktop',1768577506);
INSERT INTO "page_views" VALUES(127,5,'/','67ccd142-1b9e-44c9-8ed3-6128e8992e0c','2a06:98c0:3600::103','Mozilla/5.0 (Macintosh; Intel Mac OS X 10_15_7) AppleWebKit/537.36 (KHTML, like Gecko) Chrome/143.0.0.0 Safari/537.36','https://dc-store.ozzyl.com/','SG',NULL,'desktop',1768577508);
INSERT INTO "page_views" VALUES(128,5,'/','67ccd142-1b9e-44c9-8ed3-6128e8992e0c','2a06:98c0:3600::103','Mozilla/5.0 (Macintosh; Intel Mac OS X 10_15_7) AppleWebKit/537.36 (KHTML, like Gecko) Chrome/143.0.0.0 Safari/537.36','https://dc-store.ozzyl.com/','SG',NULL,'desktop',1768577516);
INSERT INTO "page_views" VALUES(129,5,'/','67ccd142-1b9e-44c9-8ed3-6128e8992e0c','2a06:98c0:3600::103','Mozilla/5.0 (Macintosh; Intel Mac OS X 10_15_7) AppleWebKit/537.36 (KHTML, like Gecko) Chrome/143.0.0.0 Safari/537.36','https://dc-store.ozzyl.com/','SG',NULL,'desktop',1768577524);
INSERT INTO "page_views" VALUES(130,5,'/','67ccd142-1b9e-44c9-8ed3-6128e8992e0c','2a06:98c0:3600::103','Mozilla/5.0 (Macintosh; Intel Mac OS X 10_15_7) AppleWebKit/537.36 (KHTML, like Gecko) Chrome/143.0.0.0 Safari/537.36','https://dc-store.ozzyl.com/','SG',NULL,'desktop',1768579611);
INSERT INTO "page_views" VALUES(131,5,'/','67ccd142-1b9e-44c9-8ed3-6128e8992e0c','2a06:98c0:3600::103','Mozilla/5.0 (Macintosh; Intel Mac OS X 10_15_7) AppleWebKit/537.36 (KHTML, like Gecko) Chrome/143.0.0.0 Safari/537.36','https://dc-store.ozzyl.com/','SG',NULL,'desktop',1768579770);
INSERT INTO "page_views" VALUES(132,5,'/','67ccd142-1b9e-44c9-8ed3-6128e8992e0c','2a06:98c0:3600::103','Mozilla/5.0 (Macintosh; Intel Mac OS X 10_15_7) AppleWebKit/537.36 (KHTML, like Gecko) Chrome/143.0.0.0 Safari/537.36','https://dc-store.ozzyl.com/','SG',NULL,'desktop',1768579863);
INSERT INTO "page_views" VALUES(133,5,'/','bbc45460-29fc-4a3e-b5ba-da4f130eb3e2','2a06:98c0:3600::103','Mozilla/5.0 (Macintosh; Intel Mac OS X 10_15_7) AppleWebKit/537.36 (KHTML, like Gecko) Chrome/143.0.0.0 Safari/537.36','https://dc-store.ozzyl.com/','SG',NULL,'desktop',1768580097);
INSERT INTO "page_views" VALUES(134,5,'/','67ccd142-1b9e-44c9-8ed3-6128e8992e0c','2a06:98c0:3600::103','Mozilla/5.0 (Macintosh; Intel Mac OS X 10_15_7) AppleWebKit/537.36 (KHTML, like Gecko) Chrome/143.0.0.0 Safari/537.36','https://dc-store.ozzyl.com/','SG',NULL,'desktop',1768607625);
INSERT INTO "page_views" VALUES(135,5,'/','67ccd142-1b9e-44c9-8ed3-6128e8992e0c','2a06:98c0:3600::103','Mozilla/5.0 (Macintosh; Intel Mac OS X 10_15_7) AppleWebKit/537.36 (KHTML, like Gecko) Chrome/143.0.0.0 Safari/537.36','https://dc-store.ozzyl.com/','SG',NULL,'desktop',1768607887);
INSERT INTO "page_views" VALUES(136,5,'/','67ccd142-1b9e-44c9-8ed3-6128e8992e0c','2a06:98c0:3600::103','Mozilla/5.0 (Macintosh; Intel Mac OS X 10_15_7) AppleWebKit/537.36 (KHTML, like Gecko) Chrome/143.0.0.0 Safari/537.36','https://dc-store.ozzyl.com/','SG',NULL,'desktop',1768610916);
INSERT INTO "page_views" VALUES(137,1,'/','8c3ed8e3-60d2-4de1-b8e3-dc6789b3e34c','2a09:bac1:b40:10::278:d5','Mozilla/5.0 (Macintosh; Intel Mac OS X 10_15_7) AppleWebKit/537.36 (KHTML, like Gecko) Chrome/143.0.0.0 Safari/537.36','https://c433593f.multi-store-saas.pages.dev/','BD',NULL,'desktop',1768613801);
INSERT INTO "page_views" VALUES(138,5,'/offers/16','bbc45460-29fc-4a3e-b5ba-da4f130eb3e2','2a06:98c0:3600::103','Mozilla/5.0 (Macintosh; Intel Mac OS X 10_15_7) AppleWebKit/537.36 (KHTML, like Gecko) Chrome/143.0.0.0 Safari/537.36','https://dc-store.ozzyl.com/offers/16','SG',NULL,'desktop',1768637951);
INSERT INTO "page_views" VALUES(139,5,'/p/page-1768371897948','67ccd142-1b9e-44c9-8ed3-6128e8992e0c','2a06:98c0:3600::103','Mozilla/5.0 (Macintosh; Intel Mac OS X 10_15_7) AppleWebKit/537.36 (KHTML, like Gecko) Chrome/143.0.0.0 Safari/537.36','https://dc-store.ozzyl.com/p/page-1768371897948','BD',NULL,'desktop',1768703694);
INSERT INTO "page_views" VALUES(140,5,'/p/page-1768371681974','67ccd142-1b9e-44c9-8ed3-6128e8992e0c','2a06:98c0:3600::103','Mozilla/5.0 (Macintosh; Intel Mac OS X 10_15_7) AppleWebKit/537.36 (KHTML, like Gecko) Chrome/143.0.0.0 Safari/537.36','https://dc-store.ozzyl.com/p/page-1768371681974','BD',NULL,'desktop',1768708911);
INSERT INTO "page_views" VALUES(141,5,'/p/page-1768371681974','67ccd142-1b9e-44c9-8ed3-6128e8992e0c','2a06:98c0:3600::103','Mozilla/5.0 (Macintosh; Intel Mac OS X 10_15_7) AppleWebKit/537.36 (KHTML, like Gecko) Chrome/143.0.0.0 Safari/537.36','https://dc-store.ozzyl.com/p/page-1768371681974','BD',NULL,'desktop',1768708927);
INSERT INTO "page_views" VALUES(142,5,'/p/page-1768371897948','67ccd142-1b9e-44c9-8ed3-6128e8992e0c','2a06:98c0:3600::103','Mozilla/5.0 (Macintosh; Intel Mac OS X 10_15_7) AppleWebKit/537.36 (KHTML, like Gecko) Chrome/143.0.0.0 Safari/537.36','https://dc-store.ozzyl.com/p/page-1768371897948','BD',NULL,'desktop',1768708931);
INSERT INTO "page_views" VALUES(143,5,'/','67ccd142-1b9e-44c9-8ed3-6128e8992e0c','2a06:98c0:3600::103','Mozilla/5.0 (Macintosh; Intel Mac OS X 10_15_7) AppleWebKit/537.36 (KHTML, like Gecko) Chrome/143.0.0.0 Safari/537.36','https://dc-store.ozzyl.com/','BD',NULL,'desktop',1768742210);
INSERT INTO "page_views" VALUES(144,5,'/','bbc45460-29fc-4a3e-b5ba-da4f130eb3e2','2a06:98c0:3600::103','Mozilla/5.0 (Macintosh; Intel Mac OS X 10_15_7) AppleWebKit/537.36 (KHTML, like Gecko) Chrome/143.0.0.0 Safari/537.36','https://dc-store.ozzyl.com/','BD',NULL,'desktop',1768742499);
INSERT INTO "page_views" VALUES(145,5,'/','bbc45460-29fc-4a3e-b5ba-da4f130eb3e2','2a06:98c0:3600::103','Mozilla/5.0 (Macintosh; Intel Mac OS X 10_15_7) AppleWebKit/537.36 (KHTML, like Gecko) Chrome/143.0.0.0 Safari/537.36','https://dc-store.ozzyl.com/','BD',NULL,'desktop',1768742540);
INSERT INTO "page_views" VALUES(146,5,'/','bbc45460-29fc-4a3e-b5ba-da4f130eb3e2','2a06:98c0:3600::103','Mozilla/5.0 (Macintosh; Intel Mac OS X 10_15_7) AppleWebKit/537.36 (KHTML, like Gecko) Chrome/143.0.0.0 Safari/537.36','https://dc-store.ozzyl.com/','BD',NULL,'desktop',1768742543);
INSERT INTO "page_views" VALUES(147,5,'/p/page-1768371681974','bbc45460-29fc-4a3e-b5ba-da4f130eb3e2','2a06:98c0:3600::103','Mozilla/5.0 (Macintosh; Intel Mac OS X 10_15_7) AppleWebKit/537.36 (KHTML, like Gecko) Chrome/143.0.0.0 Safari/537.36','https://dc-store.ozzyl.com/p/page-1768371681974','BD',NULL,'desktop',1768759084);
INSERT INTO "page_views" VALUES(148,5,'/p/page-1768371681974','bbc45460-29fc-4a3e-b5ba-da4f130eb3e2','2a06:98c0:3600::103','Mozilla/5.0 (Macintosh; Intel Mac OS X 10_15_7) AppleWebKit/537.36 (KHTML, like Gecko) Chrome/143.0.0.0 Safari/537.36','https://dc-store.ozzyl.com/p/page-1768371681974','BD',NULL,'desktop',1768759714);
INSERT INTO "page_views" VALUES(149,5,'/p/page-1768371681974','bbc45460-29fc-4a3e-b5ba-da4f130eb3e2','2a06:98c0:3600::103','Mozilla/5.0 (Macintosh; Intel Mac OS X 10_15_7) AppleWebKit/537.36 (KHTML, like Gecko) Chrome/143.0.0.0 Safari/537.36','https://dc-store.ozzyl.com/p/page-1768371681974','BD',NULL,'desktop',1768759747);
INSERT INTO "page_views" VALUES(150,5,'/p/page-1768371681974','bbc45460-29fc-4a3e-b5ba-da4f130eb3e2','2a06:98c0:3600::103','Mozilla/5.0 (Macintosh; Intel Mac OS X 10_15_7) AppleWebKit/537.36 (KHTML, like Gecko) Chrome/143.0.0.0 Safari/537.36','https://dc-store.ozzyl.com/p/page-1768371681974','BD',NULL,'desktop',1768759901);
INSERT INTO "page_views" VALUES(151,5,'/p/page-1768371681974','bbc45460-29fc-4a3e-b5ba-da4f130eb3e2','2a06:98c0:3600::103','Mozilla/5.0 (Macintosh; Intel Mac OS X 10_15_7) AppleWebKit/537.36 (KHTML, like Gecko) Chrome/143.0.0.0 Safari/537.36','https://dc-store.ozzyl.com/p/page-1768371681974','BD',NULL,'desktop',1768760180);
INSERT INTO "page_views" VALUES(152,5,'/p/page-1768371897948','bbc45460-29fc-4a3e-b5ba-da4f130eb3e2','2a06:98c0:3600::103','Mozilla/5.0 (Macintosh; Intel Mac OS X 10_15_7) AppleWebKit/537.36 (KHTML, like Gecko) Chrome/143.0.0.0 Safari/537.36','https://dc-store.ozzyl.com/p/page-1768371897948','BD',NULL,'desktop',1768760230);
INSERT INTO "page_views" VALUES(153,5,'/p/page-1768371897948','bbc45460-29fc-4a3e-b5ba-da4f130eb3e2','2a06:98c0:3600::103','Mozilla/5.0 (Macintosh; Intel Mac OS X 10_15_7) AppleWebKit/537.36 (KHTML, like Gecko) Chrome/143.0.0.0 Safari/537.36','https://dc-store.ozzyl.com/p/page-1768371897948','BD',NULL,'desktop',1768760259);
INSERT INTO "page_views" VALUES(154,5,'/p/page-1768371897948','bbc45460-29fc-4a3e-b5ba-da4f130eb3e2','2a06:98c0:3600::103','Mozilla/5.0 (Macintosh; Intel Mac OS X 10_15_7) AppleWebKit/537.36 (KHTML, like Gecko) Chrome/143.0.0.0 Safari/537.36','https://dc-store.ozzyl.com/p/page-1768371897948','BD',NULL,'desktop',1768760283);
INSERT INTO "page_views" VALUES(155,5,'/p/page-1768371897948','67ccd142-1b9e-44c9-8ed3-6128e8992e0c','2a06:98c0:3600::103','Mozilla/5.0 (Macintosh; Intel Mac OS X 10_15_7) AppleWebKit/537.36 (KHTML, like Gecko) Chrome/143.0.0.0 Safari/537.36','https://dc-store.ozzyl.com/p/page-1768371897948','BD',NULL,'desktop',1768761694);
INSERT INTO "page_views" VALUES(156,5,'/p/page-1768371897948','bbc45460-29fc-4a3e-b5ba-da4f130eb3e2','2a06:98c0:3600::103','Mozilla/5.0 (Macintosh; Intel Mac OS X 10_15_7) AppleWebKit/537.36 (KHTML, like Gecko) Chrome/143.0.0.0 Safari/537.36','https://dc-store.ozzyl.com/p/page-1768371897948','BD',NULL,'desktop',1768761857);
INSERT INTO "page_views" VALUES(157,5,'/p/page-1768371897948','bbc45460-29fc-4a3e-b5ba-da4f130eb3e2','2a06:98c0:3600::103','Mozilla/5.0 (Macintosh; Intel Mac OS X 10_15_7) AppleWebKit/537.36 (KHTML, like Gecko) Chrome/143.0.0.0 Safari/537.36','https://dc-store.ozzyl.com/p/page-1768371897948','BD',NULL,'desktop',1768761863);
INSERT INTO "page_views" VALUES(158,5,'/p/page-1768371897948','bbc45460-29fc-4a3e-b5ba-da4f130eb3e2','2a06:98c0:3600::103','Mozilla/5.0 (Macintosh; Intel Mac OS X 10_15_7) AppleWebKit/537.36 (KHTML, like Gecko) Chrome/143.0.0.0 Safari/537.36','https://dc-store.ozzyl.com/p/page-1768371897948','BD',NULL,'desktop',1768761868);
INSERT INTO "page_views" VALUES(159,5,'/','bbc45460-29fc-4a3e-b5ba-da4f130eb3e2','2a06:98c0:3600::103','Mozilla/5.0 (Macintosh; Intel Mac OS X 10_15_7) AppleWebKit/537.36 (KHTML, like Gecko) Chrome/143.0.0.0 Safari/537.36','https://dc-store.ozzyl.com/','BD',NULL,'desktop',1768791125);
INSERT INTO "page_views" VALUES(160,5,'/','bbc45460-29fc-4a3e-b5ba-da4f130eb3e2','2a06:98c0:3600::103','Mozilla/5.0 (Macintosh; Intel Mac OS X 10_15_7) AppleWebKit/537.36 (KHTML, like Gecko) Chrome/143.0.0.0 Safari/537.36','https://dc-store.ozzyl.com/','BD',NULL,'desktop',1768791630);
INSERT INTO "page_views" VALUES(161,5,'/','bbc45460-29fc-4a3e-b5ba-da4f130eb3e2','2a06:98c0:3600::103','Mozilla/5.0 (Macintosh; Intel Mac OS X 10_15_7) AppleWebKit/537.36 (KHTML, like Gecko) Chrome/143.0.0.0 Safari/537.36','https://dc-store.ozzyl.com/','BD',NULL,'desktop',1768791637);
INSERT INTO "page_views" VALUES(162,5,'/','bbc45460-29fc-4a3e-b5ba-da4f130eb3e2','2a06:98c0:3600::103','Mozilla/5.0 (Macintosh; Intel Mac OS X 10_15_7) AppleWebKit/537.36 (KHTML, like Gecko) Chrome/143.0.0.0 Safari/537.36','https://dc-store.ozzyl.com/','BD',NULL,'desktop',1768791646);
INSERT INTO "page_views" VALUES(163,5,'/p/page-1768371681974','bbc45460-29fc-4a3e-b5ba-da4f130eb3e2','2a06:98c0:3600::103','Mozilla/5.0 (Macintosh; Intel Mac OS X 10_15_7) AppleWebKit/537.36 (KHTML, like Gecko) Chrome/143.0.0.0 Safari/537.36','https://dc-store.ozzyl.com/p/page-1768371681974','BD',NULL,'desktop',1768795055);
INSERT INTO "page_views" VALUES(164,5,'/','bbc45460-29fc-4a3e-b5ba-da4f130eb3e2','2a06:98c0:3600::103','Mozilla/5.0 (Macintosh; Intel Mac OS X 10_15_7) AppleWebKit/537.36 (KHTML, like Gecko) Chrome/143.0.0.0 Safari/537.36','https://dc-store.ozzyl.com/','BD',NULL,'desktop',1768795069);
INSERT INTO "page_views" VALUES(165,5,'/','bbc45460-29fc-4a3e-b5ba-da4f130eb3e2','2a06:98c0:3600::103','Mozilla/5.0 (Macintosh; Intel Mac OS X 10_15_7) AppleWebKit/537.36 (KHTML, like Gecko) Chrome/143.0.0.0 Safari/537.36','https://dc-store.ozzyl.com/','BD',NULL,'desktop',1768795083);
INSERT INTO "page_views" VALUES(166,5,'/','bbc45460-29fc-4a3e-b5ba-da4f130eb3e2','2a06:98c0:3600::103','Mozilla/5.0 (Macintosh; Intel Mac OS X 10_15_7) AppleWebKit/537.36 (KHTML, like Gecko) Chrome/143.0.0.0 Safari/537.36','https://dc-store.ozzyl.com/','BD',NULL,'desktop',1768795089);
INSERT INTO "page_views" VALUES(167,5,'/','bbc45460-29fc-4a3e-b5ba-da4f130eb3e2','2a06:98c0:3600::103','Mozilla/5.0 (Macintosh; Intel Mac OS X 10_15_7) AppleWebKit/537.36 (KHTML, like Gecko) Chrome/143.0.0.0 Safari/537.36','https://dc-store.ozzyl.com/','BD',NULL,'desktop',1768795100);
INSERT INTO "page_views" VALUES(168,5,'/','bbc45460-29fc-4a3e-b5ba-da4f130eb3e2','2a06:98c0:3600::103','Mozilla/5.0 (Macintosh; Intel Mac OS X 10_15_7) AppleWebKit/537.36 (KHTML, like Gecko) Chrome/143.0.0.0 Safari/537.36','https://dc-store.ozzyl.com/','BD',NULL,'desktop',1768795108);
INSERT INTO "page_views" VALUES(169,5,'/','bbc45460-29fc-4a3e-b5ba-da4f130eb3e2','2a06:98c0:3600::103','Mozilla/5.0 (Macintosh; Intel Mac OS X 10_15_7) AppleWebKit/537.36 (KHTML, like Gecko) Chrome/143.0.0.0 Safari/537.36','https://dc-store.ozzyl.com/','BD',NULL,'desktop',1768795119);
INSERT INTO "page_views" VALUES(170,5,'/p/page-1768371681974','bbc45460-29fc-4a3e-b5ba-da4f130eb3e2','2a06:98c0:3600::103','Mozilla/5.0 (Macintosh; Intel Mac OS X 10_15_7) AppleWebKit/537.36 (KHTML, like Gecko) Chrome/143.0.0.0 Safari/537.36','https://dc-store.ozzyl.com/p/page-1768371681974','BD',NULL,'desktop',1768795147);
INSERT INTO "page_views" VALUES(171,5,'/p/page-1768371897948','41c26844-5be4-484d-a418-d0b02d1e677d','2a06:98c0:3600::103','Mozilla/5.0 (Macintosh; Intel Mac OS X 10_15_7) AppleWebKit/605.1.15 (KHTML, like Gecko) Version/26.2 Safari/605.1.15','https://dc-store.ozzyl.com/p/page-1768371897948','BD',NULL,'desktop',1768809554);
INSERT INTO "page_views" VALUES(172,5,'/p/page-1768371897948','41c26844-5be4-484d-a418-d0b02d1e677d','2a06:98c0:3600::103','Mozilla/5.0 (Macintosh; Intel Mac OS X 10_15_7) AppleWebKit/605.1.15 (KHTML, like Gecko) Version/26.2 Safari/605.1.15','https://dc-store.ozzyl.com/p/page-1768371897948','BD',NULL,'desktop',1768809593);
INSERT INTO "page_views" VALUES(173,5,'/p/page-1768371897948','41c26844-5be4-484d-a418-d0b02d1e677d','2a06:98c0:3600::103','Mozilla/5.0 (Macintosh; Intel Mac OS X 10_15_7) AppleWebKit/605.1.15 (KHTML, like Gecko) Version/26.2 Safari/605.1.15','https://dc-store.ozzyl.com/p/page-1768371897948','BD',NULL,'desktop',1768810237);
INSERT INTO "page_views" VALUES(174,5,'/p/page-1768371897948','41c26844-5be4-484d-a418-d0b02d1e677d','2a06:98c0:3600::103','Mozilla/5.0 (Macintosh; Intel Mac OS X 10_15_7) AppleWebKit/605.1.15 (KHTML, like Gecko) Version/26.2 Safari/605.1.15','https://dc-store.ozzyl.com/p/page-1768371897948','BD',NULL,'desktop',1768810250);
INSERT INTO "page_views" VALUES(175,5,'/p/page-1768371897948','41c26844-5be4-484d-a418-d0b02d1e677d','2a06:98c0:3600::103','Mozilla/5.0 (Macintosh; Intel Mac OS X 10_15_7) AppleWebKit/605.1.15 (KHTML, like Gecko) Version/26.2 Safari/605.1.15','https://dc-store.ozzyl.com/p/page-1768371897948','BD',NULL,'desktop',1768822371);
INSERT INTO "page_views" VALUES(176,5,'/p/page-1768371897948','41c26844-5be4-484d-a418-d0b02d1e677d','2a06:98c0:3600::103','Mozilla/5.0 (Macintosh; Intel Mac OS X 10_15_7) AppleWebKit/605.1.15 (KHTML, like Gecko) Version/26.2 Safari/605.1.15','https://dc-store.ozzyl.com/p/page-1768371897948','BD',NULL,'desktop',1768822396);
INSERT INTO "page_views" VALUES(177,5,'/p/page-1768371897948','67ccd142-1b9e-44c9-8ed3-6128e8992e0c','2a06:98c0:3600::103','Mozilla/5.0 (Macintosh; Intel Mac OS X 10_15_7) AppleWebKit/537.36 (KHTML, like Gecko) Chrome/143.0.0.0 Safari/537.36','https://dc-store.ozzyl.com/p/page-1768371897948','BD',NULL,'desktop',1768825490);
INSERT INTO "page_views" VALUES(178,5,'/p/page-1768371681974','67ccd142-1b9e-44c9-8ed3-6128e8992e0c','2a06:98c0:3600::103','Mozilla/5.0 (Macintosh; Intel Mac OS X 10_15_7) AppleWebKit/537.36 (KHTML, like Gecko) Chrome/143.0.0.0 Safari/537.36','https://dc-store.ozzyl.com/p/page-1768371681974','BD',NULL,'desktop',1768825493);
INSERT INTO "page_views" VALUES(179,5,'/','bbc45460-29fc-4a3e-b5ba-da4f130eb3e2','2a06:98c0:3600::103','Mozilla/5.0 (Macintosh; Intel Mac OS X 10_15_7) AppleWebKit/537.36 (KHTML, like Gecko) Chrome/143.0.0.0 Safari/537.36','https://dc-store.ozzyl.com/','BD',NULL,'desktop',1768826688);
INSERT INTO "page_views" VALUES(180,5,'/','bbc45460-29fc-4a3e-b5ba-da4f130eb3e2','2a06:98c0:3600::103','Mozilla/5.0 (Macintosh; Intel Mac OS X 10_15_7) AppleWebKit/537.36 (KHTML, like Gecko) Chrome/143.0.0.0 Safari/537.36','https://dc-store.ozzyl.com/','BD',NULL,'desktop',1768827172);
INSERT INTO "page_views" VALUES(181,5,'/','bbc45460-29fc-4a3e-b5ba-da4f130eb3e2','2a06:98c0:3600::103','Mozilla/5.0 (Macintosh; Intel Mac OS X 10_15_7) AppleWebKit/537.36 (KHTML, like Gecko) Chrome/143.0.0.0 Safari/537.36','https://dc-store.ozzyl.com/','BD',NULL,'desktop',1768827212);
INSERT INTO "page_views" VALUES(182,5,'/','bbc45460-29fc-4a3e-b5ba-da4f130eb3e2','2a06:98c0:3600::103','Mozilla/5.0 (Macintosh; Intel Mac OS X 10_15_7) AppleWebKit/537.36 (KHTML, like Gecko) Chrome/143.0.0.0 Safari/537.36','https://dc-store.ozzyl.com/','BD',NULL,'desktop',1768833804);
INSERT INTO "page_views" VALUES(183,5,'/','bbc45460-29fc-4a3e-b5ba-da4f130eb3e2','2a06:98c0:3600::103','Mozilla/5.0 (Macintosh; Intel Mac OS X 10_15_7) AppleWebKit/537.36 (KHTML, like Gecko) Chrome/143.0.0.0 Safari/537.36','https://dc-store.ozzyl.com/','BD',NULL,'desktop',1768834016);
INSERT INTO "page_views" VALUES(184,5,'/','bbc45460-29fc-4a3e-b5ba-da4f130eb3e2','2a06:98c0:3600::103','Mozilla/5.0 (Macintosh; Intel Mac OS X 10_15_7) AppleWebKit/537.36 (KHTML, like Gecko) Chrome/143.0.0.0 Safari/537.36','https://dc-store.ozzyl.com/','BD',NULL,'desktop',1768834022);
INSERT INTO "page_views" VALUES(185,5,'/','bbc45460-29fc-4a3e-b5ba-da4f130eb3e2','2a06:98c0:3600::103','Mozilla/5.0 (Macintosh; Intel Mac OS X 10_15_7) AppleWebKit/537.36 (KHTML, like Gecko) Chrome/143.0.0.0 Safari/537.36','https://dc-store.ozzyl.com/','BD',NULL,'desktop',1768834130);
INSERT INTO "page_views" VALUES(186,5,'/','bbc45460-29fc-4a3e-b5ba-da4f130eb3e2','2a06:98c0:3600::103','Mozilla/5.0 (Macintosh; Intel Mac OS X 10_15_7) AppleWebKit/537.36 (KHTML, like Gecko) Chrome/143.0.0.0 Safari/537.36','https://dc-store.ozzyl.com/','BD',NULL,'desktop',1768834137);
INSERT INTO "page_views" VALUES(187,5,'/','bbc45460-29fc-4a3e-b5ba-da4f130eb3e2','2a06:98c0:3600::103','Mozilla/5.0 (Macintosh; Intel Mac OS X 10_15_7) AppleWebKit/537.36 (KHTML, like Gecko) Chrome/143.0.0.0 Safari/537.36','https://dc-store.ozzyl.com/','BD',NULL,'desktop',1768834148);
INSERT INTO "page_views" VALUES(188,5,'/','bbc45460-29fc-4a3e-b5ba-da4f130eb3e2','2a06:98c0:3600::103','Mozilla/5.0 (Macintosh; Intel Mac OS X 10_15_7) AppleWebKit/537.36 (KHTML, like Gecko) Chrome/143.0.0.0 Safari/537.36','https://dc-store.ozzyl.com/','BD',NULL,'desktop',1768834156);
INSERT INTO "page_views" VALUES(189,5,'/','bbc45460-29fc-4a3e-b5ba-da4f130eb3e2','2a06:98c0:3600::103','Mozilla/5.0 (Macintosh; Intel Mac OS X 10_15_7) AppleWebKit/537.36 (KHTML, like Gecko) Chrome/143.0.0.0 Safari/537.36','https://dc-store.ozzyl.com/','BD',NULL,'desktop',1768834480);
INSERT INTO "page_views" VALUES(190,5,'/','bbc45460-29fc-4a3e-b5ba-da4f130eb3e2','2a06:98c0:3600::103','Mozilla/5.0 (Macintosh; Intel Mac OS X 10_15_7) AppleWebKit/537.36 (KHTML, like Gecko) Chrome/143.0.0.0 Safari/537.36','https://dc-store.ozzyl.com/','BD',NULL,'desktop',1768834489);
INSERT INTO "page_views" VALUES(191,5,'/','67ccd142-1b9e-44c9-8ed3-6128e8992e0c','2a06:98c0:3600::103','Mozilla/5.0 (Macintosh; Intel Mac OS X 10_15_7) AppleWebKit/537.36 (KHTML, like Gecko) Chrome/143.0.0.0 Safari/537.36','https://dc-store.ozzyl.com/','BD',NULL,'desktop',1768834502);
INSERT INTO "page_views" VALUES(192,5,'/','67ccd142-1b9e-44c9-8ed3-6128e8992e0c','2a06:98c0:3600::103','Mozilla/5.0 (Macintosh; Intel Mac OS X 10_15_7) AppleWebKit/537.36 (KHTML, like Gecko) Chrome/143.0.0.0 Safari/537.36','https://dc-store.ozzyl.com/','BD',NULL,'desktop',1768834527);
INSERT INTO "page_views" VALUES(193,5,'/','bbc45460-29fc-4a3e-b5ba-da4f130eb3e2','2a06:98c0:3600::103','Mozilla/5.0 (Macintosh; Intel Mac OS X 10_15_7) AppleWebKit/537.36 (KHTML, like Gecko) Chrome/143.0.0.0 Safari/537.36','https://dc-store.ozzyl.com/','BD',NULL,'desktop',1768834535);
INSERT INTO "page_views" VALUES(194,5,'/','bbc45460-29fc-4a3e-b5ba-da4f130eb3e2','2a06:98c0:3600::103','Mozilla/5.0 (Macintosh; Intel Mac OS X 10_15_7) AppleWebKit/537.36 (KHTML, like Gecko) Chrome/143.0.0.0 Safari/537.36','https://dc-store.ozzyl.com/','BD',NULL,'desktop',1768834627);
INSERT INTO "page_views" VALUES(195,5,'/','41c26844-5be4-484d-a418-d0b02d1e677d','2a06:98c0:3600::103','Mozilla/5.0 (Macintosh; Intel Mac OS X 10_15_7) AppleWebKit/605.1.15 (KHTML, like Gecko) Version/26.2 Safari/605.1.15','https://dc-store.ozzyl.com/','BD',NULL,'desktop',1768835280);
INSERT INTO "page_views" VALUES(196,5,'/','bbc45460-29fc-4a3e-b5ba-da4f130eb3e2','2a06:98c0:3600::103','Mozilla/5.0 (Macintosh; Intel Mac OS X 10_15_7) AppleWebKit/537.36 (KHTML, like Gecko) Chrome/143.0.0.0 Safari/537.36','https://dc-store.ozzyl.com/','BD',NULL,'desktop',1768836294);
INSERT INTO "page_views" VALUES(197,5,'/','bbc45460-29fc-4a3e-b5ba-da4f130eb3e2','2a06:98c0:3600::103','Mozilla/5.0 (Macintosh; Intel Mac OS X 10_15_7) AppleWebKit/537.36 (KHTML, like Gecko) Chrome/143.0.0.0 Safari/537.36','https://dc-store.ozzyl.com/','BD',NULL,'desktop',1768836314);
INSERT INTO "page_views" VALUES(198,5,'/','bbc45460-29fc-4a3e-b5ba-da4f130eb3e2','2a06:98c0:3600::103','Mozilla/5.0 (Macintosh; Intel Mac OS X 10_15_7) AppleWebKit/537.36 (KHTML, like Gecko) Chrome/143.0.0.0 Safari/537.36','https://dc-store.ozzyl.com/','BD',NULL,'desktop',1768836330);
INSERT INTO "page_views" VALUES(199,5,'/','bbc45460-29fc-4a3e-b5ba-da4f130eb3e2','2a06:98c0:3600::103','Mozilla/5.0 (Macintosh; Intel Mac OS X 10_15_7) AppleWebKit/537.36 (KHTML, like Gecko) Chrome/143.0.0.0 Safari/537.36','https://dc-store.ozzyl.com/','BD',NULL,'desktop',1768836339);
INSERT INTO "page_views" VALUES(200,5,'/','bbc45460-29fc-4a3e-b5ba-da4f130eb3e2','2a06:98c0:3600::103','Mozilla/5.0 (Linux; Android 11; moto g power (2022)) AppleWebKit/537.36 (KHTML, like Gecko) Chrome/143.0.0.0 Mobile Safari/537.36','https://dc-store.ozzyl.com/','BD',NULL,'mobile',1768836388);
INSERT INTO "page_views" VALUES(201,5,'/','bbc45460-29fc-4a3e-b5ba-da4f130eb3e2','2a06:98c0:3600::103','Mozilla/5.0 (Macintosh; Intel Mac OS X 10_15_7) AppleWebKit/537.36 (KHTML, like Gecko) Chrome/143.0.0.0 Safari/537.36','https://dc-store.ozzyl.com/','BD',NULL,'desktop',1768836395);
INSERT INTO "page_views" VALUES(202,5,'/','bbc45460-29fc-4a3e-b5ba-da4f130eb3e2','2a06:98c0:3600::103','Mozilla/5.0 (Linux; Android 11; moto g power (2022)) AppleWebKit/537.36 (KHTML, like Gecko) Chrome/143.0.0.0 Mobile Safari/537.36','https://dc-store.ozzyl.com/','BD',NULL,'mobile',1768836414);
INSERT INTO "page_views" VALUES(203,5,'/','bbc45460-29fc-4a3e-b5ba-da4f130eb3e2','2a06:98c0:3600::103','Mozilla/5.0 (Macintosh; Intel Mac OS X 10_15_7) AppleWebKit/537.36 (KHTML, like Gecko) Chrome/143.0.0.0 Safari/537.36','https://dc-store.ozzyl.com/','BD',NULL,'desktop',1768836420);
INSERT INTO "page_views" VALUES(204,5,'/','bbc45460-29fc-4a3e-b5ba-da4f130eb3e2','2a06:98c0:3600::103','Mozilla/5.0 (Macintosh; Intel Mac OS X 10_15_7) AppleWebKit/537.36 (KHTML, like Gecko) Chrome/143.0.0.0 Safari/537.36','https://dc-store.ozzyl.com/','BD',NULL,'desktop',1768836435);
INSERT INTO "page_views" VALUES(205,5,'/','bbc45460-29fc-4a3e-b5ba-da4f130eb3e2','2a06:98c0:3600::103','Mozilla/5.0 (Macintosh; Intel Mac OS X 10_15_7) AppleWebKit/537.36 (KHTML, like Gecko) Chrome/143.0.0.0 Safari/537.36','https://dc-store.ozzyl.com/','BD',NULL,'desktop',1768836442);
INSERT INTO "page_views" VALUES(206,5,'/','74d100eb-5655-4b8d-a07c-fa8d58f5f8e6','2a06:98c0:3600::103','Mozilla/5.0 (Macintosh; Intel Mac OS X 10_15_7) AppleWebKit/537.36 (KHTML, like Gecko) Chrome/143.0.0.0 Safari/537.36','https://dc-store.ozzyl.com/','BD',NULL,'desktop',1768836459);
INSERT INTO "page_views" VALUES(207,5,'/','74d100eb-5655-4b8d-a07c-fa8d58f5f8e6','2a06:98c0:3600::103','Mozilla/5.0 (Macintosh; Intel Mac OS X 10_15_7) AppleWebKit/537.36 (KHTML, like Gecko) Chrome/143.0.0.0 Safari/537.36','https://dc-store.ozzyl.com/','BD',NULL,'desktop',1768839649);
INSERT INTO "page_views" VALUES(208,5,'/','74a0a77d-26c8-4aca-9092-d839f8a355c7','2a06:98c0:3600::103','Mozilla/5.0 (Linux; Android 10; K) AppleWebKit/537.36 (KHTML, like Gecko) Chrome/143.0.0.0 Mobile Safari/537.36','https://dc-store.ozzyl.com/','SG',NULL,'mobile',1768876434);
INSERT INTO "page_views" VALUES(209,5,'/','74a0a77d-26c8-4aca-9092-d839f8a355c7','2a06:98c0:3600::103','Mozilla/5.0 (Linux; Android 10; K) AppleWebKit/537.36 (KHTML, like Gecko) Chrome/143.0.0.0 Mobile Safari/537.36','https://dc-store.ozzyl.com/','SG',NULL,'mobile',1768876453);
INSERT INTO "page_views" VALUES(210,5,'/','67ccd142-1b9e-44c9-8ed3-6128e8992e0c','2a06:98c0:3600::103','Mozilla/5.0 (Macintosh; Intel Mac OS X 10_15_7) AppleWebKit/537.36 (KHTML, like Gecko) Chrome/143.0.0.0 Safari/537.36','https://dc-store.ozzyl.com/','BD',NULL,'desktop',1768878427);
INSERT INTO "page_views" VALUES(211,5,'/','67ccd142-1b9e-44c9-8ed3-6128e8992e0c','2a06:98c0:3600::103','Mozilla/5.0 (Macintosh; Intel Mac OS X 10_15_7) AppleWebKit/537.36 (KHTML, like Gecko) Chrome/143.0.0.0 Safari/537.36','https://dc-store.ozzyl.com/','BD',NULL,'desktop',1768884940);
INSERT INTO "page_views" VALUES(212,5,'/','67ccd142-1b9e-44c9-8ed3-6128e8992e0c','2a06:98c0:3600::103','Mozilla/5.0 (Macintosh; Intel Mac OS X 10_15_7) AppleWebKit/537.36 (KHTML, like Gecko) Chrome/143.0.0.0 Safari/537.36','https://dc-store.ozzyl.com/','BD',NULL,'desktop',1768884942);
INSERT INTO "page_views" VALUES(213,5,'/','67ccd142-1b9e-44c9-8ed3-6128e8992e0c','2a06:98c0:3600::103','Mozilla/5.0 (Macintosh; Intel Mac OS X 10_15_7) AppleWebKit/537.36 (KHTML, like Gecko) Chrome/143.0.0.0 Safari/537.36','https://dc-store.ozzyl.com/','BD',NULL,'desktop',1768884981);
INSERT INTO "page_views" VALUES(214,5,'/','67ccd142-1b9e-44c9-8ed3-6128e8992e0c','2a06:98c0:3600::103','Mozilla/5.0 (Macintosh; Intel Mac OS X 10_15_7) AppleWebKit/537.36 (KHTML, like Gecko) Chrome/143.0.0.0 Safari/537.36','https://dc-store.ozzyl.com/','BD',NULL,'desktop',1768884985);
INSERT INTO "page_views" VALUES(215,5,'/','cbd5d509-0e38-4f26-b889-4d30355fae62','2a06:98c0:3600::103','Mozilla/5.0 (Linux; Android 11; moto g power (2022)) AppleWebKit/537.36 (KHTML, like Gecko) Chrome/136.0.0.0 Mobile Safari/537.36 Chrome-Lighthouse','https://dc-store.ozzyl.com/','TW',NULL,'mobile',1768885006);
INSERT INTO "page_views" VALUES(216,5,'/','41f54fe2-6459-4874-90b6-3900faf3c899','2a06:98c0:3600::103','Mozilla/5.0 (Macintosh; Intel Mac OS X 10_15_7) AppleWebKit/537.36 (KHTML, like Gecko) Chrome/136.0.0.0 Safari/537.36 Chrome-Lighthouse','https://dc-store.ozzyl.com/','TW',NULL,'desktop',1768885006);
INSERT INTO "page_views" VALUES(217,5,'/','67ccd142-1b9e-44c9-8ed3-6128e8992e0c','2a06:98c0:3600::103','Mozilla/5.0 (Macintosh; Intel Mac OS X 10_15_7) AppleWebKit/537.36 (KHTML, like Gecko) Chrome/143.0.0.0 Safari/537.36','https://dc-store.ozzyl.com/','BD',NULL,'desktop',1768885027);
INSERT INTO "page_views" VALUES(218,5,'/','74a0a77d-26c8-4aca-9092-d839f8a355c7','2a06:98c0:3600::103','Mozilla/5.0 (Linux; Android 10; K) AppleWebKit/537.36 (KHTML, like Gecko) Chrome/143.0.0.0 Mobile Safari/537.36','https://dc-store.ozzyl.com/','BD',NULL,'mobile',1768885284);
INSERT INTO "page_views" VALUES(219,5,'/','67ccd142-1b9e-44c9-8ed3-6128e8992e0c','2a06:98c0:3600::103','Mozilla/5.0 (Macintosh; Intel Mac OS X 10_15_7) AppleWebKit/537.36 (KHTML, like Gecko) Chrome/143.0.0.0 Safari/537.36','https://dc-store.ozzyl.com/','BD',NULL,'desktop',1768899263);
INSERT INTO "page_views" VALUES(220,5,'/','67ccd142-1b9e-44c9-8ed3-6128e8992e0c','2a06:98c0:3600::103','Mozilla/5.0 (Macintosh; Intel Mac OS X 10_15_7) AppleWebKit/537.36 (KHTML, like Gecko) Chrome/143.0.0.0 Safari/537.36','https://dc-store.ozzyl.com/?category=Other','BD',NULL,'desktop',1768899304);
INSERT INTO "page_views" VALUES(221,5,'/','67ccd142-1b9e-44c9-8ed3-6128e8992e0c','2a06:98c0:3600::103','Mozilla/5.0 (Macintosh; Intel Mac OS X 10_15_7) AppleWebKit/537.36 (KHTML, like Gecko) Chrome/143.0.0.0 Safari/537.36','https://dc-store.ozzyl.com/','BD',NULL,'desktop',1768899314);
INSERT INTO "page_views" VALUES(222,5,'/','67ccd142-1b9e-44c9-8ed3-6128e8992e0c','2a06:98c0:3600::103','Mozilla/5.0 (Macintosh; Intel Mac OS X 10_15_7) AppleWebKit/537.36 (KHTML, like Gecko) Chrome/143.0.0.0 Safari/537.36','https://dc-store.ozzyl.com/','BD',NULL,'desktop',1768904101);
INSERT INTO "page_views" VALUES(223,5,'/','5311a9b7-9409-45ba-9d6c-3e0bb2471b1c','2a06:98c0:3600::103','Mozilla/5.0 (Macintosh; Intel Mac OS X 10_15_7) AppleWebKit/537.36 (KHTML, like Gecko) Chrome/143.0.0.0 Safari/537.36','https://dc-store.ozzyl.com/','BD',NULL,'desktop',1768904615);
INSERT INTO "page_views" VALUES(224,5,'/','bbc45460-29fc-4a3e-b5ba-da4f130eb3e2','2a06:98c0:3600::103','Mozilla/5.0 (Macintosh; Intel Mac OS X 10_15_7) AppleWebKit/537.36 (KHTML, like Gecko) Chrome/143.0.0.0 Safari/537.36','https://dc-store.ozzyl.com/','BD',NULL,'desktop',1768914097);
INSERT INTO "page_views" VALUES(225,5,'/','bbc45460-29fc-4a3e-b5ba-da4f130eb3e2','2a06:98c0:3600::103','Mozilla/5.0 (Macintosh; Intel Mac OS X 10_15_7) AppleWebKit/537.36 (KHTML, like Gecko) Chrome/143.0.0.0 Safari/537.36','https://dc-store.ozzyl.com/','BD',NULL,'desktop',1768914654);
INSERT INTO "page_views" VALUES(226,5,'/','bbc45460-29fc-4a3e-b5ba-da4f130eb3e2','2a06:98c0:3600::103','Mozilla/5.0 (Macintosh; Intel Mac OS X 10_15_7) AppleWebKit/537.36 (KHTML, like Gecko) Chrome/143.0.0.0 Safari/537.36','https://dc-store.ozzyl.com/','BD',NULL,'desktop',1768914695);
INSERT INTO "page_views" VALUES(227,5,'/','67ccd142-1b9e-44c9-8ed3-6128e8992e0c','2a06:98c0:3600::103','Mozilla/5.0 (Macintosh; Intel Mac OS X 10_15_7) AppleWebKit/537.36 (KHTML, like Gecko) Chrome/143.0.0.0 Safari/537.36','https://dc-store.ozzyl.com/','BD',NULL,'desktop',1768922650);
INSERT INTO "page_views" VALUES(228,5,'/','67ccd142-1b9e-44c9-8ed3-6128e8992e0c','2a06:98c0:3600::103','Mozilla/5.0 (Macintosh; Intel Mac OS X 10_15_7) AppleWebKit/537.36 (KHTML, like Gecko) Chrome/143.0.0.0 Safari/537.36','https://dc-store.ozzyl.com/','BD',NULL,'desktop',1768924387);
CREATE TABLE admin_roles (
  id INTEGER PRIMARY KEY AUTOINCREMENT,
  user_id INTEGER NOT NULL REFERENCES users(id) ON DELETE CASCADE,
  role TEXT NOT NULL,
  permissions TEXT,
  created_by INTEGER REFERENCES users(id),
  created_at INTEGER DEFAULT (unixepoch()),
  updated_at INTEGER DEFAULT (unixepoch())
);
CREATE TABLE store_tags (
  id INTEGER PRIMARY KEY AUTOINCREMENT,
  store_id INTEGER NOT NULL REFERENCES stores(id) ON DELETE CASCADE,
  tag TEXT NOT NULL,
  note TEXT,
  created_by INTEGER REFERENCES users(id),
  created_at INTEGER DEFAULT (unixepoch())
);
CREATE TABLE `marketing_leads` (
	`id` integer PRIMARY KEY AUTOINCREMENT NOT NULL,
	`email` text NOT NULL,
	`source` text DEFAULT 'homepage',
	`ip_address` text,
	`user_agent` text,
	`created_at` integer
);
INSERT INTO "marketing_leads" VALUES(1,'geru.c.e.b.ib8.5@gmail.com','homepage','192.42.116.174','"Mozilla/5.0 (Macintosh; Intel Mac OS X 10_15_7) AppleWebKit/537.36 (KHTML, like Gecko) Chrome/142.0.0.0 Safari/537.36"',1768020519);
CREATE TABLE `payments` (
	`id` integer PRIMARY KEY AUTOINCREMENT NOT NULL,
	`store_id` integer NOT NULL,
	`amount` integer NOT NULL,
	`currency` text DEFAULT 'BDT',
	`status` text DEFAULT 'pending',
	`method` text DEFAULT 'manual',
	`transaction_id` text,
	`plan_type` text,
	`period_start` integer,
	`period_end` integer,
	`admin_note` text,
	`created_at` integer,
	FOREIGN KEY (`store_id`) REFERENCES `stores`(`id`) ON UPDATE no action ON DELETE no action
);
CREATE TABLE `api_keys` (
	`id` integer PRIMARY KEY AUTOINCREMENT NOT NULL,
	`store_id` integer NOT NULL,
	`name` text NOT NULL,
	`key_prefix` text NOT NULL,
	`key_hash` text NOT NULL,
	`scopes` text DEFAULT '["read_orders","write_orders"]',
	`last_used_at` integer,
	`created_at` integer,
	`revoked_at` integer,
	FOREIGN KEY (`store_id`) REFERENCES `stores`(`id`) ON UPDATE no action ON DELETE no action
);
CREATE TABLE `system_logs` (
	`id` integer PRIMARY KEY AUTOINCREMENT NOT NULL,
	`level` text NOT NULL,
	`message` text NOT NULL,
	`stack` text,
	`context` text,
	`created_at` integer
);
INSERT INTO "system_logs" VALUES(1,'error','Manual Test Error Triggered: This is a simulated system error for testing purposes.',replace('Error: This is a simulated system error for testing purposes.\n    at NM (functionsWorker-0.5630812812638017.js:279326:214)\n    at async Object.callRouteAction (functionsWorker-0.5630812812638017.js:8090:20)\n    at async functionsWorker-0.5630812812638017.js:5712:23\n    at async callLoaderOrAction (functionsWorker-0.5630812812638017.js:5771:20)\n    at async Promise.all (index 2)\n    at async functionsWorker-0.5630812812638017.js:7770:23\n    at async callDataStrategyImpl (functionsWorker-0.5630812812638017.js:5678:21)\n    at async callDataStrategy (functionsWorker-0.5630812812638017.js:5226:23)\n    at async submit (functionsWorker-0.5630812812638017.js:5106:25)\n    at async queryImpl (functionsWorker-0.5630812812638017.js:5068:27)','\n',char(10)),'{"triggeredBy":"admin","component":"SystemHealth"}',1768067966);
INSERT INTO "system_logs" VALUES(2,'warn','Login failed: Invalid password',NULL,'{"type":"auth_failure","email":"rahmatullahzisan@gmail.com","userId":1,"reason":"INVALID_PASSWORD","ip":"2a09:bac5:49f:25af::3c1:52","userAgent":"Mozilla/5.0 (Macintosh; Intel Mac OS X 10_15_7) AppleWebKit/537.36 (KHTML, like Gecko) Chrome/143.0.0.0 Safari/537.36"}',1768276439);
INSERT INTO "system_logs" VALUES(3,'warn','Login failed: User not found',NULL,'{"type":"auth_failure","email":"mltegdoj@forms-checker.online","reason":"USER_NOT_FOUND","ip":"198.12.69.94","userAgent":"Mozilla/5.0 (Windows NT 6.1; WOW64) AppleWebKit/537.36 (KHTML, like Gecko) Chrome/36.0.1985.67 Safari/537.36"}',1768488890);
INSERT INTO "system_logs" VALUES(4,'warn','Login failed: Invalid password',NULL,'{"type":"auth_failure","email":"rahmatullahzisan@gmail.com","userId":1,"reason":"INVALID_PASSWORD","ip":"118.179.74.209","userAgent":"Mozilla/5.0 (Windows NT 10.0; Win64; x64) AppleWebKit/537.36 (KHTML, like Gecko) Chrome/143.0.0.0 Safari/537.36"}',1768562850);
INSERT INTO "system_logs" VALUES(5,'warn','Login failed: Invalid password',NULL,'{"type":"auth_failure","email":"rahmatullahzisan@gmail.com","userId":1,"reason":"INVALID_PASSWORD","ip":"118.179.74.209","userAgent":"Mozilla/5.0 (Windows NT 10.0; Win64; x64) AppleWebKit/537.36 (KHTML, like Gecko) Chrome/143.0.0.0 Safari/537.36"}',1768562852);
INSERT INTO "system_logs" VALUES(6,'warn','Login failed: Invalid password',NULL,'{"type":"auth_failure","email":"rahmatullahzisan@gmail.com","userId":1,"reason":"INVALID_PASSWORD","ip":"118.179.74.209","userAgent":"Mozilla/5.0 (Windows NT 10.0; Win64; x64) AppleWebKit/537.36 (KHTML, like Gecko) Chrome/143.0.0.0 Safari/537.36"}',1768562859);
INSERT INTO "system_logs" VALUES(7,'warn','Login failed: Invalid password',NULL,'{"type":"auth_failure","email":"rahmatullahzisan@gmail.com","userId":1,"reason":"INVALID_PASSWORD","ip":"118.179.74.209","userAgent":"Mozilla/5.0 (Windows NT 10.0; Win64; x64) AppleWebKit/537.36 (KHTML, like Gecko) Chrome/143.0.0.0 Safari/537.36"}',1768562870);
INSERT INTO "system_logs" VALUES(8,'warn','Login failed: User not found',NULL,'{"type":"auth_failure","email":"nurunnaharabida@gmail.com","reason":"USER_NOT_FOUND","ip":"118.179.74.209","userAgent":"Mozilla/5.0 (Linux; Android 10; K) AppleWebKit/537.36 (KHTML, like Gecko) Chrome/143.0.0.0 Mobile Safari/537.36"}',1768566085);
INSERT INTO "system_logs" VALUES(9,'warn','Login failed: User not found',NULL,'{"type":"auth_failure","email":"nurunnaharabida@gmail.com","reason":"USER_NOT_FOUND","ip":"118.179.74.209","userAgent":"Mozilla/5.0 (Linux; Android 10; K) AppleWebKit/537.36 (KHTML, like Gecko) Chrome/143.0.0.0 Mobile Safari/537.36"}',1768566091);
INSERT INTO "system_logs" VALUES(10,'warn','Login failed: User not found',NULL,'{"type":"auth_failure","email":"nurunnaharabida@gmail.com","reason":"USER_NOT_FOUND","ip":"118.179.74.209","userAgent":"Mozilla/5.0 (Linux; Android 10; K) AppleWebKit/537.36 (KHTML, like Gecko) Chrome/143.0.0.0 Mobile Safari/537.36"}',1768566101);
INSERT INTO "system_logs" VALUES(11,'warn','Login failed: User not found',NULL,'{"type":"auth_failure","email":"nurunnaharabida@gmail.com","reason":"USER_NOT_FOUND","ip":"118.179.74.209","userAgent":"Mozilla/5.0 (Linux; Android 10; K) AppleWebKit/537.36 (KHTML, like Gecko) Chrome/143.0.0.0 Mobile Safari/537.36"}',1768566106);
INSERT INTO "system_logs" VALUES(12,'warn','Login failed: User not found',NULL,'{"type":"auth_failure","email":"nurunnaharabida@gmail.com","reason":"USER_NOT_FOUND","ip":"118.179.74.209","userAgent":"Mozilla/5.0 (Linux; Android 10; K) AppleWebKit/537.36 (KHTML, like Gecko) Chrome/143.0.0.0 Mobile Safari/537.36"}',1768566191);
INSERT INTO "system_logs" VALUES(13,'warn','Login failed: User not found',NULL,'{"type":"auth_failure","email":"nurunnaharabida@gmail.com","reason":"USER_NOT_FOUND","ip":"118.179.74.209","userAgent":"Mozilla/5.0 (Linux; Android 10; K) AppleWebKit/537.36 (KHTML, like Gecko) Chrome/143.0.0.0 Mobile Safari/537.36"}',1768566194);
INSERT INTO "system_logs" VALUES(14,'warn','Login failed: User not found',NULL,'{"type":"auth_failure","email":"nurunnaharabida@gmail.com","reason":"USER_NOT_FOUND","ip":"118.179.74.209","userAgent":"Mozilla/5.0 (Linux; Android 10; K) AppleWebKit/537.36 (KHTML, like Gecko) Chrome/143.0.0.0 Mobile Safari/537.36"}',1768566198);
INSERT INTO "system_logs" VALUES(15,'warn','Login failed: User not found',NULL,'{"type":"auth_failure","email":"nurunnaharabida@gmail.com","reason":"USER_NOT_FOUND","ip":"118.179.74.209","userAgent":"Mozilla/5.0 (Linux; Android 10; K) AppleWebKit/537.36 (KHTML, like Gecko) Chrome/143.0.0.0 Mobile Safari/537.36"}',1768566200);
INSERT INTO "system_logs" VALUES(16,'warn','Login failed: User not found',NULL,'{"type":"auth_failure","email":"nurunnaharabida@gmail.com","reason":"USER_NOT_FOUND","ip":"118.179.74.209","userAgent":"Mozilla/5.0 (Linux; Android 10; K) AppleWebKit/537.36 (KHTML, like Gecko) Chrome/143.0.0.0 Mobile Safari/537.36"}',1768566201);
INSERT INTO "system_logs" VALUES(17,'warn','Login failed: User not found',NULL,'{"type":"auth_failure","email":"nurunnaharabida@gmail.com","reason":"USER_NOT_FOUND","ip":"118.179.74.209","userAgent":"Mozilla/5.0 (Linux; Android 10; K) AppleWebKit/537.36 (KHTML, like Gecko) Chrome/143.0.0.0 Mobile Safari/537.36"}',1768566280);
INSERT INTO "system_logs" VALUES(18,'warn','Login failed: User not found',NULL,'{"type":"auth_failure","email":"nurunnaharabida@gmail.com","reason":"USER_NOT_FOUND","ip":"118.179.74.209","userAgent":"Mozilla/5.0 (Linux; Android 10; K) AppleWebKit/537.36 (KHTML, like Gecko) Chrome/143.0.0.0 Mobile Safari/537.36"}',1768568607);
INSERT INTO "system_logs" VALUES(19,'warn','Login failed: User not found',NULL,'{"type":"auth_failure","email":"nurunnaharabida@gmail.com","reason":"USER_NOT_FOUND","ip":"118.179.74.209","userAgent":"Mozilla/5.0 (Linux; Android 10; K) AppleWebKit/537.36 (KHTML, like Gecko) Chrome/143.0.0.0 Mobile Safari/537.36"}',1768568609);
INSERT INTO "system_logs" VALUES(20,'warn','Login failed: User not found',NULL,'{"type":"auth_failure","email":"nurunnaharabida@gmail.com","reason":"USER_NOT_FOUND","ip":"118.179.74.209","userAgent":"Mozilla/5.0 (Linux; Android 10; K) AppleWebKit/537.36 (KHTML, like Gecko) Chrome/143.0.0.0 Mobile Safari/537.36"}',1768568612);
INSERT INTO "system_logs" VALUES(21,'warn','Login failed: User not found',NULL,'{"type":"auth_failure","email":"nurunnaharabida@gmail.com","reason":"USER_NOT_FOUND","ip":"118.179.74.209","userAgent":"Mozilla/5.0 (Linux; Android 10; K) AppleWebKit/537.36 (KHTML, like Gecko) Chrome/143.0.0.0 Mobile Safari/537.36"}',1768568613);
INSERT INTO "system_logs" VALUES(22,'warn','Login failed: User not found',NULL,'{"type":"auth_failure","email":"nurunnaharabida@gmail.com","reason":"USER_NOT_FOUND","ip":"118.179.74.209","userAgent":"Mozilla/5.0 (Linux; Android 10; K) AppleWebKit/537.36 (KHTML, like Gecko) Chrome/143.0.0.0 Mobile Safari/537.36"}',1768568616);
INSERT INTO "system_logs" VALUES(23,'warn','Login failed: User not found',NULL,'{"type":"auth_failure","email":"nurunnaharabida@gmail.com","reason":"USER_NOT_FOUND","ip":"118.179.74.209","userAgent":"Mozilla/5.0 (Linux; Android 10; K) AppleWebKit/537.36 (KHTML, like Gecko) Chrome/143.0.0.0 Mobile Safari/537.36"}',1768568617);
INSERT INTO "system_logs" VALUES(24,'warn','Login failed: User not found',NULL,'{"type":"auth_failure","email":"nurunnaharabida@gmail.com","reason":"USER_NOT_FOUND","ip":"118.179.74.209","userAgent":"Mozilla/5.0 (Linux; Android 10; K) AppleWebKit/537.36 (KHTML, like Gecko) Chrome/143.0.0.0 Mobile Safari/537.36"}',1768568619);
INSERT INTO "system_logs" VALUES(25,'warn','Login failed: User not found',NULL,'{"type":"auth_failure","email":"nurunnaharabida@gmail.com","reason":"USER_NOT_FOUND","ip":"118.179.74.209","userAgent":"Mozilla/5.0 (Linux; Android 10; K) AppleWebKit/537.36 (KHTML, like Gecko) Chrome/143.0.0.0 Mobile Safari/537.36"}',1768568624);
INSERT INTO "system_logs" VALUES(26,'warn','Login failed: User not found',NULL,'{"type":"auth_failure","email":"nurunnaharabida@gmail.com","reason":"USER_NOT_FOUND","ip":"118.179.74.209","userAgent":"Mozilla/5.0 (Linux; Android 10; K) AppleWebKit/537.36 (KHTML, like Gecko) Chrome/143.0.0.0 Mobile Safari/537.36"}',1768568627);
INSERT INTO "system_logs" VALUES(27,'warn','Login failed: User not found',NULL,'{"type":"auth_failure","email":"acuzoti.l22.9@gmail.com","reason":"USER_NOT_FOUND","ip":"185.220.101.101","userAgent":"\"Mozilla/5.0 (Macintosh; Intel Mac OS X 10_15_7) AppleWebKit/537.36 (KHTML, like Gecko) Chrome/142.0.0.0 Safari/537.36\""}',1768690512);
INSERT INTO "system_logs" VALUES(28,'warn','Login failed: User not found',NULL,'{"type":"auth_failure","email":"acuzoti.l22.9@gmail.com","reason":"USER_NOT_FOUND","ip":"185.220.101.101","userAgent":"\"Mozilla/5.0 (Macintosh; Intel Mac OS X 10_15_7) AppleWebKit/537.36 (KHTML, like Gecko) Chrome/142.0.0.0 Safari/537.36\""}',1768690518);
INSERT INTO "system_logs" VALUES(29,'warn','Login failed: User not found',NULL,'{"type":"auth_failure","email":"acuzoti.l22.9@gmail.com","reason":"USER_NOT_FOUND","ip":"45.84.107.128","userAgent":"\"Mozilla/5.0 (Macintosh; Intel Mac OS X 10_15_7) AppleWebKit/537.36 (KHTML, like Gecko) Chrome/142.0.0.0 Safari/537.36\""}',1768690524);
CREATE TABLE `webhooks` (
	`id` integer PRIMARY KEY AUTOINCREMENT NOT NULL,
	`store_id` integer NOT NULL,
	`url` text NOT NULL,
	`topics` text NOT NULL,
	`secret` text NOT NULL,
	`is_active` integer DEFAULT true,
	`failure_count` integer DEFAULT 0,
	`created_at` integer,
	FOREIGN KEY (`store_id`) REFERENCES `stores`(`id`) ON UPDATE no action ON DELETE no action
);
CREATE TABLE landing_pages (id INTEGER PRIMARY KEY AUTOINCREMENT, store_id INTEGER NOT NULL REFERENCES stores(id) ON DELETE CASCADE, name TEXT NOT NULL, slug TEXT NOT NULL, project_data TEXT, html_content TEXT, css_content TEXT, is_published INTEGER DEFAULT 0, created_at INTEGER, updated_at INTEGER, page_config TEXT);
INSERT INTO "landing_pages" VALUES(1,5,'Untitled Page','page-1768371681974','{"dataSources":[],"assets":[],"styles":[{"selectors":[],"selectorsAdd":"0%, 100%","style":{"transform":"translateY(0px)"},"mediaText":"bounce-slow","atRuleType":"keyframes"},{"selectors":[],"selectorsAdd":"50%","style":{"transform":"translateY(-10px)"},"mediaText":"bounce-slow","atRuleType":"keyframes"},{"selectors":["animate-bounce-slow"],"style":{"animation-duration":"3s","animation-timing-function":"ease","animation-delay":"0s","animation-iteration-count":"infinite","animation-direction":"normal","animation-fill-mode":"none","animation-play-state":"running","animation-name":"bounce-slow","animation-timeline":"auto","animation-range-start":"normal","animation-range-end":"normal"}},{"selectors":[],"selectorsAdd":"0%, 100%","style":{"transform":"translateY(0px)"},"mediaText":"bounce-slow","atRuleType":"keyframes"},{"selectors":[],"selectorsAdd":"50%","style":{"transform":"translateY(-10px)"},"mediaText":"bounce-slow","atRuleType":"keyframes"},{"selectors":["animate-bounce-slow"],"style":{"animation-duration":"3s","animation-timing-function":"ease","animation-delay":"0s","animation-iteration-count":"infinite","animation-direction":"normal","animation-fill-mode":"none","animation-play-state":"running","animation-name":"bounce-slow","animation-timeline":"auto","animation-range-start":"normal","animation-range-end":"normal"}},{"selectors":[],"selectorsAdd":"0%, 100%","style":{"transform":"translateY(0px)"},"mediaText":"bounce-slow","atRuleType":"keyframes"},{"selectors":[],"selectorsAdd":"50%","style":{"transform":"translateY(-10px)"},"mediaText":"bounce-slow","atRuleType":"keyframes"},{"selectors":["animate-bounce-slow"],"style":{"animation-duration":"3s","animation-timing-function":"ease","animation-delay":"0s","animation-iteration-count":"infinite","animation-direction":"normal","animation-fill-mode":"none","animation-play-state":"running","animation-name":"bounce-slow","animation-timeline":"auto","animation-range-start":"normal","animation-range-end":"normal"}},{"selectors":[{"name":"gjs-row","private":1}],"style":{"display":"table","padding-top":"10px","padding-right":"10px","padding-bottom":"10px","padding-left":"10px","width":"100%"}},{"selectors":[{"name":"gjs-cell","private":1}],"style":{"width":"100%","display":"block"},"mediaText":"(max-width: 768px)","atRuleType":"media"},{"selectors":["gjs-cell30"],"style":{"width":"100%","display":"block"},"mediaText":"(max-width: 768px)","atRuleType":"media"},{"selectors":["gjs-cell70"],"style":{"width":"100%","display":"block"},"mediaText":"(max-width: 768px)","atRuleType":"media"},{"selectors":[{"name":"gjs-cell","private":1}],"style":{"width":"8%","display":"table-cell","height":"75px"}},{"selectors":[],"selectorsAdd":":root","style":{"--bg":"#0b1220","--card":"rgba(255,255,255,.08)","--stroke":"rgba(255,255,255,.14)","--text":"rgba(255,255,255,.92)","--muted":"rgba(255,255,255,.72)","--brand":"#14b8a6","--brand2":"#f59e0b","--ok":"#22c55e","--shadow":"0 18px 60px rgba(0,0,0,.35)","--radius":"18px","--max":"1120px"}},{"selectors":[],"selectorsAdd":"*","style":{"box-sizing":"border-box"}},{"selectors":[],"selectorsAdd":"html","style":{"scroll-behavior":"smooth"}},{"selectors":[],"selectorsAdd":"body","style":{"margin-top":"0px","margin-right":"0px","margin-bottom":"0px","margin-left":"0px","font-family":"ui-sans-serif, system-ui, -apple-system, \"Segoe UI\", Roboto, Helvetica, Arial, \"Noto Sans\", \"Apple Color Emoji\", \"Segoe UI Emoji\"","color":"var(--text)","line-height":"1.55"}},{"selectors":[],"selectorsAdd":"a","style":{"color":"inherit","text-decoration-line":"none","text-decoration-thickness":"initial","text-decoration-style":"initial","text-decoration-color":"initial"}},{"selectors":["container"],"style":{"width":"min(var(--max), calc(100% - 32px))","margin-inline-start":"auto","margin-inline-end":"auto"}},{"selectors":["nav"],"style":{"position":"sticky","top":"0px","z-index":"50","backdrop-filter":"blur(10px)","background-image":"linear-gradient(rgba(11, 18, 32, 0.85), rgba(11, 18, 32, 0.55))","background-position-x":"initial","background-position-y":"initial","background-size":"initial","background-repeat":"initial","background-attachment":"initial","background-origin":"initial","background-clip":"initial","background-color":"initial","border-bottom-width":"1px","border-bottom-style":"solid","border-bottom-color":"rgba(255, 255, 255, 0.08)"}},{"selectors":["nav-inner"],"style":{"display":"flex","align-items":"center","justify-content":"space-between","padding-top":"14px","padding-right":"0px","padding-bottom":"14px","padding-left":"0px","row-gap":"14px","column-gap":"14px"}},{"selectors":["brand"],"style":{"display":"flex","align-items":"center","row-gap":"10px","column-gap":"10px","font-weight":"800","letter-spacing":"0.2px"}},{"selectors":["logo"],"style":{"width":"36px","height":"36px","border-top-left-radius":"12px","border-top-right-radius":"12px","border-bottom-right-radius":"12px","border-bottom-left-radius":"12px","box-shadow":"rgba(20, 184, 166, 0.18) 0px 12px 30px","border-top-width":"1px","border-right-width":"1px","border-bottom-width":"1px","border-left-width":"1px","border-top-style":"solid","border-right-style":"solid","border-bottom-style":"solid","border-left-style":"solid","border-top-color":"rgba(255, 255, 255, 0.12)","border-right-color":"rgba(255, 255, 255, 0.12)","border-bottom-color":"rgba(255, 255, 255, 0.12)","border-left-color":"rgba(255, 255, 255, 0.12)","border-image-source":"initial","border-image-slice":"initial","border-image-width":"initial","border-image-outset":"initial","border-image-repeat":"initial"}},{"selectors":["nav-links"],"style":{"display":"flex","row-gap":"14px","column-gap":"14px","flex-wrap":"wrap"}},{"selectors":[],"selectorsAdd":".nav-links a","style":{"color":"var(--muted)","padding-top":"8px","padding-right":"10px","padding-bottom":"8px","padding-left":"10px","border-top-left-radius":"10px","border-top-right-radius":"10px","border-bottom-right-radius":"10px","border-bottom-left-radius":"10px","border-top-width":"1px","border-right-width":"1px","border-bottom-width":"1px","border-left-width":"1px","border-top-style":"solid","border-right-style":"solid","border-bottom-style":"solid","border-left-style":"solid","border-top-color":"transparent","border-right-color":"transparent","border-bottom-color":"transparent","border-left-color":"transparent","border-image-source":"initial","border-image-slice":"initial","border-image-width":"initial","border-image-outset":"initial","border-image-repeat":"initial"}},{"selectors":[],"selectorsAdd":".nav-links a:hover","style":{"color":"var(--text)","border-top-color":"rgba(255, 255, 255, 0.12)","border-right-color":"rgba(255, 255, 255, 0.12)","border-bottom-color":"rgba(255, 255, 255, 0.12)","border-left-color":"rgba(255, 255, 255, 0.12)","background-image":"initial","background-position-x":"initial","background-position-y":"initial","background-size":"initial","background-repeat":"initial","background-attachment":"initial","background-origin":"initial","background-clip":"initial","background-color":"rgba(255, 255, 255, 0.04)"}},{"selectors":["cta"],"style":{"display":"flex","row-gap":"10px","column-gap":"10px","align-items":"center","flex-wrap":"wrap"}},{"selectors":["btn"],"style":{"display":"inline-flex","align-items":"center","justify-content":"center","row-gap":"8px","column-gap":"8px","padding-top":"10px","padding-right":"14px","padding-bottom":"10px","padding-left":"14px","border-top-left-radius":"12px","border-top-right-radius":"12px","border-bottom-right-radius":"12px","border-bottom-left-radius":"12px","border-top-width":"1px","border-right-width":"1px","border-bottom-width":"1px","border-left-width":"1px","border-top-style":"solid","border-right-style":"solid","border-bottom-style":"solid","border-left-style":"solid","border-top-color":"rgba(255, 255, 255, 0.14)","border-right-color":"rgba(255, 255, 255, 0.14)","border-bottom-color":"rgba(255, 255, 255, 0.14)","border-left-color":"rgba(255, 255, 255, 0.14)","border-image-source":"initial","border-image-slice":"initial","border-image-width":"initial","border-image-outset":"initial","border-image-repeat":"initial","background-image":"initial","background-position-x":"initial","background-position-y":"initial","background-size":"initial","background-repeat":"initial","background-attachment":"initial","background-origin":"initial","background-clip":"initial","background-color":"rgba(255, 255, 255, 0.06)","color":"var(--text)","box-shadow":"rgba(0, 0, 0, 0.2) 0px 10px 30px","cursor":"pointer","transition-behavior":"normal, normal, normal","transition-duration":"0.15s, 0.15s, 0.15s","transition-timing-function":"ease, ease, ease","transition-delay":"0s, 0s, 0s","transition-property":"transform, background, border-color","font-weight":"700","white-space-collapse":"collapse","text-wrap-mode":"nowrap"}},{"selectors":["btn"],"style":{"transform":"translateY(-1px)","background-image":"initial","background-position-x":"initial","background-position-y":"initial","background-size":"initial","background-repeat":"initial","background-attachment":"initial","background-origin":"initial","background-clip":"initial","background-color":"rgba(255, 255, 255, 0.09)","border-top-color":"rgba(255, 255, 255, 0.2)","border-right-color":"rgba(255, 255, 255, 0.2)","border-bottom-color":"rgba(255, 255, 255, 0.2)","border-left-color":"rgba(255, 255, 255, 0.2)"},"state":"hover"},{"selectors":["btn-primary"],"style":{"background-image":"linear-gradient(135deg, rgba(20, 184, 166, 0.95), rgba(245, 158, 11, 0.92))","background-position-x":"initial","background-position-y":"initial","background-size":"initial","background-repeat":"initial","background-attachment":"initial","background-origin":"initial","background-clip":"initial","background-color":"initial","border-top-color":"rgba(255, 255, 255, 0.16)","border-right-color":"rgba(255, 255, 255, 0.16)","border-bottom-color":"rgba(255, 255, 255, 0.16)","border-left-color":"rgba(255, 255, 255, 0.16)","color":"rgb(6, 16, 20)"}},{"selectors":["btn-primary"],"style":{"background-image":"linear-gradient(135deg, rgb(20, 184, 166), rgb(245, 158, 11))","background-position-x":"initial","background-position-y":"initial","background-size":"initial","background-repeat":"initial","background-attachment":"initial","background-origin":"initial","background-clip":"initial","background-color":"initial"},"state":"hover"},{"selectors":["btn-ghost"],"style":{"background-image":"initial","background-position-x":"initial","background-position-y":"initial","background-size":"initial","background-repeat":"initial","background-attachment":"initial","background-origin":"initial","background-clip":"initial","background-color":"transparent"}},{"selectors":["hero"],"style":{"padding-top":"44px","padding-right":"0px","padding-bottom":"28px","padding-left":"0px"}},{"selectors":["hero-grid"],"style":{"display":"grid","grid-template-columns":"1.1fr 0.9fr","row-gap":"26px","column-gap":"26px","align-items":"center"}},{"selectors":["badge-row"],"style":{"display":"flex","row-gap":"10px","column-gap":"10px","flex-wrap":"wrap","margin-bottom":"14px"}},{"selectors":["badge"],"style":{"display":"inline-flex","row-gap":"8px","column-gap":"8px","align-items":"center","padding-top":"8px","padding-right":"10px","padding-bottom":"8px","padding-left":"10px","border-top-left-radius":"999px","border-top-right-radius":"999px","border-bottom-right-radius":"999px","border-bottom-left-radius":"999px","background-image":"initial","background-position-x":"initial","background-position-y":"initial","background-size":"initial","background-repeat":"initial","background-attachment":"initial","background-origin":"initial","background-clip":"initial","background-color":"rgba(255, 255, 255, 0.06)","border-top-width":"1px","border-right-width":"1px","border-bottom-width":"1px","border-left-width":"1px","border-top-style":"solid","border-right-style":"solid","border-bottom-style":"solid","border-left-style":"solid","border-top-color":"rgba(255, 255, 255, 0.12)","border-right-color":"rgba(255, 255, 255, 0.12)","border-bottom-color":"rgba(255, 255, 255, 0.12)","border-left-color":"rgba(255, 255, 255, 0.12)","border-image-source":"initial","border-image-slice":"initial","border-image-width":"initial","border-image-outset":"initial","border-image-repeat":"initial","color":"var(--muted)","font-weight":"700","font-size":"13px"}},{"selectors":[],"selectorsAdd":".badge .dot","style":{"width":"9px","height":"9px","border-top-left-radius":"999px","border-top-right-radius":"999px","border-bottom-right-radius":"999px","border-bottom-left-radius":"999px","box-shadow":"rgba(34, 197, 94, 0.18) 0px 0px 0px 4px"}},{"selectors":[],"selectorsAdd":"h1","style":{"margin-top":"0px","margin-right":"0px","margin-bottom":"10px","margin-left":"0px","font-size":"clamp(28px, 4vw, 44px)","line-height":"1.12","letter-spacing":"0.2px"}},{"selectors":["lead"],"style":{"margin-top":"0px","margin-right":"0px","margin-bottom":"18px","margin-left":"0px","color":"var(--muted)","font-size":"clamp(15px, 1.5vw, 18px)","max-width":"58ch"}},{"selectors":["hero-actions"],"style":{"display":"flex","row-gap":"12px","column-gap":"12px","flex-wrap":"wrap","margin-top":"16px","margin-right":"0px","margin-bottom":"10px","margin-left":"0px"}},{"selectors":["subnote"],"style":{"color":"var(--muted)","font-size":"13px","margin-top":"8px"}},{"selectors":["hero-card"],"style":{"overflow-x":"hidden","overflow-y":"hidden","border-top-width":"1px","border-right-width":"1px","border-bottom-width":"1px","border-left-width":"1px","border-top-style":"solid","border-right-style":"solid","border-bottom-style":"solid","border-left-style":"solid","border-top-color":"rgba(255, 255, 255, 0.12)","border-right-color":"rgba(255, 255, 255, 0.12)","border-bottom-color":"rgba(255, 255, 255, 0.12)","border-left-color":"rgba(255, 255, 255, 0.12)","border-image-source":"initial","border-image-slice":"initial","border-image-width":"initial","border-image-outset":"initial","border-image-repeat":"initial","background-image":"linear-gradient(rgba(255, 255, 255, 0.1), rgba(255, 255, 255, 0.05))","background-position-x":"initial","background-position-y":"initial","background-size":"initial","background-repeat":"initial","background-attachment":"initial","background-origin":"initial","background-clip":"initial","background-color":"initial","box-shadow":"var(--shadow)","position":"relative","min-height":"380px"}},{"selectors":[],"selectorsAdd":".hero-card img","style":{"width":"100%","height":"260px","object-fit":"cover","display":"block","filter":"saturate(1.05) contrast(1.05)"}},{"selectors":[],"selectorsAdd":".hero-card .overlay","style":{"position":"absolute","top":"0px","right":"0px","bottom":"0px","left":"0px","background-image":"linear-gradient(to top, rgba(11, 18, 32, 0.88), rgba(11, 18, 32, 0.15) 60%, transparent)","background-position-x":"initial","background-position-y":"initial","background-size":"initial","background-repeat":"initial","background-attachment":"initial","background-origin":"initial","background-clip":"initial","background-color":"initial","pointer-events":"none"}},{"selectors":[],"selectorsAdd":".hero-card .info","style":{"position":"absolute","left":"16px","right":"16px","bottom":"16px","display":"grid","row-gap":"10px","column-gap":"10px"}},{"selectors":["price-pill"],"style":{"display":"flex","justify-content":"space-between","row-gap":"10px","column-gap":"10px","align-items":"center","padding-top":"10px","padding-right":"12px","padding-bottom":"10px","padding-left":"12px","border-top-left-radius":"14px","border-top-right-radius":"14px","border-bottom-right-radius":"14px","border-bottom-left-radius":"14px","background-image":"initial","background-position-x":"initial","background-position-y":"initial","background-size":"initial","background-repeat":"initial","background-attachment":"initial","background-origin":"initial","background-clip":"initial","background-color":"rgba(255, 255, 255, 0.08)","border-top-width":"1px","border-right-width":"1px","border-bottom-width":"1px","border-left-width":"1px","border-top-style":"solid","border-right-style":"solid","border-bottom-style":"solid","border-left-style":"solid","border-top-color":"rgba(255, 255, 255, 0.14)","border-right-color":"rgba(255, 255, 255, 0.14)","border-bottom-color":"rgba(255, 255, 255, 0.14)","border-left-color":"rgba(255, 255, 255, 0.14)","border-image-source":"initial","border-image-slice":"initial","border-image-width":"initial","border-image-outset":"initial","border-image-repeat":"initial"}},{"selectors":[],"selectorsAdd":".price-pill strong","style":{"font-size":"16px"}},{"selectors":[],"selectorsAdd":".price-pill span","style":{"color":"var(--muted)","font-weight":"700"}},{"selectors":["mini"],"style":{"display":"grid","grid-template-columns":"repeat(3, 1fr)","row-gap":"10px","column-gap":"10px"}},{"selectors":[],"selectorsAdd":".mini .chip","style":{"padding-top":"10px","padding-right":"10px","padding-bottom":"10px","padding-left":"10px","border-top-left-radius":"14px","border-top-right-radius":"14px","border-bottom-right-radius":"14px","border-bottom-left-radius":"14px","border-top-width":"1px","border-right-width":"1px","border-bottom-width":"1px","border-left-width":"1px","border-top-style":"solid","border-right-style":"solid","border-bottom-style":"solid","border-left-style":"solid","border-top-color":"rgba(255, 255, 255, 0.12)","border-right-color":"rgba(255, 255, 255, 0.12)","border-bottom-color":"rgba(255, 255, 255, 0.12)","border-left-color":"rgba(255, 255, 255, 0.12)","border-image-source":"initial","border-image-slice":"initial","border-image-width":"initial","border-image-outset":"initial","border-image-repeat":"initial","background-image":"initial","background-position-x":"initial","background-position-y":"initial","background-size":"initial","background-repeat":"initial","background-attachment":"initial","background-origin":"initial","background-clip":"initial","background-color":"rgba(255, 255, 255, 0.06)","text-align":"center","font-weight":"800","font-size":"13px","color":"rgba(255, 255, 255, 0.86)"}},{"selectors":[],"selectorsAdd":".mini .chip small","style":{"display":"block","font-weight":"700","color":"var(--muted)","margin-top":"2px"}},{"selectors":[],"selectorsAdd":"section","style":{"padding-top":"26px","padding-right":"0px","padding-bottom":"26px","padding-left":"0px"}},{"selectors":["section-title"],"style":{"display":"flex","align-items":"flex-end","justify-content":"space-between","row-gap":"16px","column-gap":"16px","flex-wrap":"wrap","margin-bottom":"14px"}},{"selectors":[],"selectorsAdd":".section-title h2","style":{"margin-top":"0px","margin-right":"0px","margin-bottom":"0px","margin-left":"0px","font-size":"clamp(20px, 2.4vw, 28px)","letter-spacing":"0.2px"}},{"selectors":[],"selectorsAdd":".section-title p","style":{"margin-top":"0px","margin-right":"0px","margin-bottom":"0px","margin-left":"0px","color":"var(--muted)","max-width":"70ch"}},{"selectors":["grid-3"],"style":{"display":"grid","grid-template-columns":"repeat(3, 1fr)","row-gap":"14px","column-gap":"14px"}},{"selectors":["grid-2"],"style":{"display":"grid","grid-template-columns":"repeat(2, 1fr)","row-gap":"14px","column-gap":"14px"}},{"selectors":["card"],"style":{"border-top-width":"1px","border-right-width":"1px","border-bottom-width":"1px","border-left-width":"1px","border-top-style":"solid","border-right-style":"solid","border-bottom-style":"solid","border-left-style":"solid","border-top-color":"rgba(255, 255, 255, 0.12)","border-right-color":"rgba(255, 255, 255, 0.12)","border-bottom-color":"rgba(255, 255, 255, 0.12)","border-left-color":"rgba(255, 255, 255, 0.12)","border-image-source":"initial","border-image-slice":"initial","border-image-width":"initial","border-image-outset":"initial","border-image-repeat":"initial","background-image":"initial","background-position-x":"initial","background-position-y":"initial","background-size":"initial","background-repeat":"initial","background-attachment":"initial","background-origin":"initial","background-clip":"initial","background-color":"rgba(255, 255, 255, 0.06)","box-shadow":"rgba(0, 0, 0, 0.18) 0px 12px 40px","padding-top":"16px","padding-right":"16px","padding-bottom":"16px","padding-left":"16px"}},{"selectors":[],"selectorsAdd":".card h3","style":{"margin-top":"0px","margin-right":"0px","margin-bottom":"6px","margin-left":"0px","font-size":"18px"}},{"selectors":[],"selectorsAdd":".card p","style":{"margin-top":"0px","margin-right":"0px","margin-bottom":"0px","margin-left":"0px","color":"var(--muted)"}},{"selectors":["icon"],"style":{"width":"40px","height":"40px","border-top-left-radius":"14px","border-top-right-radius":"14px","border-bottom-right-radius":"14px","border-bottom-left-radius":"14px","display":"grid","align-items":"center","justify-items":"center","background-image":"initial","background-position-x":"initial","background-position-y":"initial","background-size":"initial","background-repeat":"initial","background-attachment":"initial","background-origin":"initial","background-clip":"initial","background-color":"rgba(20, 184, 166, 0.18)","border-top-width":"1px","border-right-width":"1px","border-bottom-width":"1px","border-left-width":"1px","border-top-style":"solid","border-right-style":"solid","border-bottom-style":"solid","border-left-style":"solid","border-top-color":"rgba(20, 184, 166, 0.25)","border-right-color":"rgba(20, 184, 166, 0.25)","border-bottom-color":"rgba(20, 184, 166, 0.25)","border-left-color":"rgba(20, 184, 166, 0.25)","border-image-source":"initial","border-image-slice":"initial","border-image-width":"initial","border-image-outset":"initial","border-image-repeat":"initial","margin-bottom":"10px","font-weight":"900"}},{"selectors":["price-card"],"style":{"padding-top":"18px","padding-right":"18px","padding-bottom":"18px","padding-left":"18px","position":"relative","overflow-x":"hidden","overflow-y":"hidden"}},{"selectors":[],"selectorsAdd":".price-card .tag","style":{"position":"absolute","top":"14px","right":"14px","font-size":"12px","font-weight":"900","padding-top":"6px","padding-right":"10px","padding-bottom":"6px","padding-left":"10px","border-top-left-radius":"999px","border-top-right-radius":"999px","border-bottom-right-radius":"999px","border-bottom-left-radius":"999px","background-image":"initial","background-position-x":"initial","background-position-y":"initial","background-size":"initial","background-repeat":"initial","background-attachment":"initial","background-origin":"initial","background-clip":"initial","background-color":"rgba(245, 158, 11, 0.18)","border-top-width":"1px","border-right-width":"1px","border-bottom-width":"1px","border-left-width":"1px","border-top-style":"solid","border-right-style":"solid","border-bottom-style":"solid","border-left-style":"solid","border-top-color":"rgba(245, 158, 11, 0.25)","border-right-color":"rgba(245, 158, 11, 0.25)","border-bottom-color":"rgba(245, 158, 11, 0.25)","border-left-color":"rgba(245, 158, 11, 0.25)","border-image-source":"initial","border-image-slice":"initial","border-image-width":"initial","border-image-outset":"initial","border-image-repeat":"initial","color":"rgba(255, 255, 255, 0.92)"}},{"selectors":["price"],"style":{"font-size":"32px","font-weight":"950","margin-top":"2px","margin-right":"0px","margin-bottom":"6px","margin-left":"0px"}},{"selectors":["per"],"style":{"color":"var(--muted)","font-weight":"700"}},{"selectors":[],"selectorsAdd":"ul","style":{"margin-top":"10px","margin-right":"0px","margin-bottom":"0px","margin-left":"0px","padding-top":"0px","padding-right":"0px","padding-bottom":"0px","padding-left":"0px","list-style-position":"initial","list-style-image":"initial","list-style-type":"none"}},{"selectors":[],"selectorsAdd":"li","style":{"display":"flex","row-gap":"10px","column-gap":"10px","align-items":"flex-start","color":"var(--muted)","margin-top":"8px","margin-right":"0px","margin-bottom":"8px","margin-left":"0px"}},{"selectors":["tick"],"style":{"width":"18px","height":"18px","border-top-left-radius":"6px","border-top-right-radius":"6px","border-bottom-right-radius":"6px","border-bottom-left-radius":"6px","background-image":"initial","background-position-x":"initial","background-position-y":"initial","background-size":"initial","background-repeat":"initial","background-attachment":"initial","background-origin":"initial","background-clip":"initial","background-color":"rgba(34, 197, 94, 0.15)","border-top-width":"1px","border-right-width":"1px","border-bottom-width":"1px","border-left-width":"1px","border-top-style":"solid","border-right-style":"solid","border-bottom-style":"solid","border-left-style":"solid","border-top-color":"rgba(34, 197, 94, 0.35)","border-right-color":"rgba(34, 197, 94, 0.35)","border-bottom-color":"rgba(34, 197, 94, 0.35)","border-left-color":"rgba(34, 197, 94, 0.35)","border-image-source":"initial","border-image-slice":"initial","border-image-width":"initial","border-image-outset":"initial","border-image-repeat":"initial","display":"inline-grid","align-items":"center","justify-items":"center","color":"rgba(34, 197, 94, 0.95)","font-weight":"900","flex-grow":"0","flex-shrink":"0","flex-basis":"auto","margin-top":"2px"}},{"selectors":["quote"],"style":{"font-size":"15px","color":"rgba(255, 255, 255, 0.84)"}},{"selectors":["who"],"style":{"margin-top":"10px","color":"var(--muted)","font-weight":"800"}},{"selectors":[],"selectorsAdd":"form","style":{"display":"grid","row-gap":"10px","column-gap":"10px"}},{"selectors":[],"selectorsAdd":"label","style":{"font-weight":"800","color":"rgba(255, 255, 255, 0.85)","font-size":"13px"}},{"selectors":[],"selectorsAdd":"input, textarea, select","style":{"width":"100%","padding-top":"12px","padding-right":"12px","padding-bottom":"12px","padding-left":"12px","border-top-left-radius":"12px","border-top-right-radius":"12px","border-bottom-right-radius":"12px","border-bottom-left-radius":"12px","border-top-width":"1px","border-right-width":"1px","border-bottom-width":"1px","border-left-width":"1px","border-top-style":"solid","border-right-style":"solid","border-bottom-style":"solid","border-left-style":"solid","border-top-color":"rgba(255, 255, 255, 0.14)","border-right-color":"rgba(255, 255, 255, 0.14)","border-bottom-color":"rgba(255, 255, 255, 0.14)","border-left-color":"rgba(255, 255, 255, 0.14)","border-image-source":"initial","border-image-slice":"initial","border-image-width":"initial","border-image-outset":"initial","border-image-repeat":"initial","background-image":"initial","background-position-x":"initial","background-position-y":"initial","background-size":"initial","background-repeat":"initial","background-attachment":"initial","background-origin":"initial","background-clip":"initial","background-color":"rgba(2, 6, 23, 0.35)","color":"var(--text)","outline-color":"initial","outline-style":"none","outline-width":"initial"}},{"selectors":[],"selectorsAdd":"input:focus, textarea:focus, select:focus","style":{"border-top-color":"rgba(20, 184, 166, 0.55)","border-right-color":"rgba(20, 184, 166, 0.55)","border-bottom-color":"rgba(20, 184, 166, 0.55)","border-left-color":"rgba(20, 184, 166, 0.55)","box-shadow":"rgba(20, 184, 166, 0.12) 0px 0px 0px 4px"}},{"selectors":[],"selectorsAdd":"textarea","style":{"min-height":"92px","resize":"vertical"}},{"selectors":["form-row"],"style":{"display":"grid","grid-template-columns":"1fr 1fr","row-gap":"10px","column-gap":"10px"}},{"selectors":[],"selectorsAdd":"footer","style":{"padding-top":"26px","padding-right":"0px","padding-bottom":"40px","padding-left":"0px","color":"var(--muted)"}},{"selectors":["foot"],"style":{"display":"flex","justify-content":"space-between","row-gap":"14px","column-gap":"14px","flex-wrap":"wrap","border-top-width":"1px","border-top-style":"solid","border-top-color":"rgba(255, 255, 255, 0.1)","padding-top":"16px"}},{"selectors":["float"],"style":{"position":"fixed","right":"14px","bottom":"14px","z-index":"60","display":"flex","flex-direction":"column","row-gap":"10px","column-gap":"10px"}},{"selectors":["fab"],"style":{"padding-top":"12px","padding-right":"14px","padding-bottom":"12px","padding-left":"14px","border-top-left-radius":"999px","border-top-right-radius":"999px","border-bottom-right-radius":"999px","border-bottom-left-radius":"999px","border-top-width":"1px","border-right-width":"1px","border-bottom-width":"1px","border-left-width":"1px","border-top-style":"solid","border-right-style":"solid","border-bottom-style":"solid","border-left-style":"solid","border-top-color":"rgba(255, 255, 255, 0.14)","border-right-color":"rgba(255, 255, 255, 0.14)","border-bottom-color":"rgba(255, 255, 255, 0.14)","border-left-color":"rgba(255, 255, 255, 0.14)","border-image-source":"initial","border-image-slice":"initial","border-image-width":"initial","border-image-outset":"initial","border-image-repeat":"initial","background-image":"initial","background-position-x":"initial","background-position-y":"initial","background-size":"initial","background-repeat":"initial","background-attachment":"initial","background-origin":"initial","background-clip":"initial","background-color":"rgba(255, 255, 255, 0.08)","backdrop-filter":"blur(10px)","box-shadow":"rgba(0, 0, 0, 0.28) 0px 14px 40px","font-weight":"900"}},{"selectors":["fab","primary"],"style":{"background-image":"linear-gradient(135deg, rgba(34, 197, 94, 0.95), rgba(20, 184, 166, 0.9))","background-position-x":"initial","background-position-y":"initial","background-size":"initial","background-repeat":"initial","background-attachment":"initial","background-origin":"initial","background-clip":"initial","background-color":"initial","color":"rgb(6, 16, 20)"}},{"selectors":["fab"],"style":{"transform":"translateY(-1px)"},"state":"hover"},{"selectors":["hero-grid"],"style":{"grid-template-columns":"1fr"},"mediaText":"(max-width: 920px)","atRuleType":"media"},{"selectors":["hero-card"],"style":{"min-height":"360px"},"mediaText":"(max-width: 920px)","atRuleType":"media"},{"selectors":["grid-3"],"style":{"grid-template-columns":"1fr"},"mediaText":"(max-width: 920px)","atRuleType":"media"},{"selectors":["grid-2"],"style":{"grid-template-columns":"1fr"},"mediaText":"(max-width: 920px)","atRuleType":"media"},{"selectors":["form-row"],"style":{"grid-template-columns":"1fr"},"mediaText":"(max-width: 920px)","atRuleType":"media"},{"selectors":["nav-links"],"style":{"display":"none"},"mediaText":"(max-width: 920px)","atRuleType":"media"},{"selectors":[],"selectorsAdd":"0%","style":{"transform":"translateX(0px)"},"mediaText":"scroll","atRuleType":"keyframes"},{"selectors":[],"selectorsAdd":"100%","style":{"transform":"translateX(-50%)"},"mediaText":"scroll","atRuleType":"keyframes"},{"selectors":["#ibsba"],"style":{"color":"#ff0000"}},{"selectors":["#ieqq9"],"style":{"background-color":"#ff0000"}},{"selectors":["#iv412i"],"style":{"color":"#22c55e"}},{"selectors":["#ix8wdp"],"style":{"background-color":"#fafafa"}},{"selectors":["#ixy33q"],"style":{"background-color":"#080808"}},{"selectors":["#i42dds"],"style":{"background-color":"#0d0c0c"}},{"selectors":["#i3sw1l"],"style":{"background-color":"#080808"}},{"selectors":["#itgrfl"],"style":{"background-color":"#050505"}},{"selectors":["#i7891i"],"style":{"background-color":"#fcfcfc"}},{"selectors":["#ibv67k"],"style":{"background-color":"#fefbfb"}},{"selectors":["#iv81xf"],"style":{"background-color":"#ffffff","color":"#000000","border":"1px solid #000000"}}],"pages":[{"name":"Home","frames":[{"component":{"type":"wrapper","stylable":["background","background-color","background-image","background-repeat","background-attachment","background-position","background-size"],"attributes":{"id":"iphk"},"components":[{"classes":["sticky","top-0","left-0","right-0","z-[60]","bg-gradient-to-r","from-red-600","via-red-500","to-yellow-500","py-3","shadow-lg"],"components":[{"classes":["max-w-4xl","mx-auto","px-4","flex","items-center","justify-center","gap-4","text-white"],"components":[{"tagName":"span","type":"text","classes":["text-xl","animate-pulse"],"components":[{"type":"textnode","content":"⚡"}],"data-gjs-animate":"","data-gjs-duration":"","data-gjs-delay":""},{"tagName":"span","type":"text","classes":["font-bold","text-sm","md:text-base","uppercase","tracking-wider"],"components":[{"type":"textnode","content":"অফারটি শেষ হতে আর মাত্র:"}],"data-gjs-animate":"","data-gjs-duration":"","data-gjs-delay":""},{"type":"countdown","classes":["flex","items-center","gap-2","font-mono","font-black","text-xl","md:text-2xl"],"components":[{"type":"text","classes":["bg-black/20","px-2","rounded"],"components":[{"type":"textnode","content":"02"}],"data-gjs-animate":"","data-gjs-duration":"","data-gjs-delay":""},{"tagName":"span","type":"text","classes":["animate-pulse"],"components":[{"type":"textnode","content":":"}],"data-gjs-animate":"","data-gjs-duration":"","data-gjs-delay":""},{"type":"text","classes":["bg-black/20","px-2","rounded"],"components":[{"type":"textnode","content":"45"}],"data-gjs-animate":"","data-gjs-duration":"","data-gjs-delay":""},{"tagName":"span","type":"text","classes":["animate-pulse"],"components":[{"type":"textnode","content":":"}],"data-gjs-animate":"","data-gjs-duration":"","data-gjs-delay":""},{"type":"text","classes":["bg-black/20","px-2","rounded","text-yellow-300"],"components":[{"type":"textnode","content":"12"}],"data-gjs-animate":"","data-gjs-duration":"","data-gjs-delay":""}],"data-gjs-animate":"","data-gjs-duration":"","data-gjs-delay":""},{"tagName":"span","type":"text","classes":["text-xl","animate-pulse"],"components":[{"type":"textnode","content":"⚡"}],"data-gjs-animate":"","data-gjs-duration":"","data-gjs-delay":""}],"data-gjs-animate":"","data-gjs-duration":"","data-gjs-delay":""}],"data-gjs-animate":"","data-gjs-duration":"","data-gjs-delay":""},{"tagName":"header","classes":["bg-white","border-b","border-gray-100","sticky","top-0","z-50"],"components":[{"classes":["max-w-7xl","mx-auto","px-4","sm:px-6","h-20","flex","items-center","justify-between"],"components":[{"type":"text","classes":["font-black","text-2xl","flex","items-center","gap-2"],"attributes":{"id":"ibsba"},"components":[{"tagName":"span","type":"text","classes":["w-8","h-8","text-white","rounded-lg","flex","items-center","justify-center"],"attributes":{"id":"ieqq9"},"components":[{"type":"textnode","content":"S"}],"data-gjs-animate":"","data-gjs-duration":"","data-gjs-delay":""},{"type":"textnode","content":"\n             STORE\n           "}],"data-gjs-animate":"","data-gjs-duration":"","data-gjs-delay":""},{"tagName":"nav","classes":["hidden","md:flex","items-center","gap-8","font-medium","text-gray-600"],"components":[{"type":"link","classes":["hover:text-primary","transition"],"attributes":{"href":"#features"},"components":[{"type":"textnode","content":"ফিচার"}]},{"type":"link","classes":["hover:text-primary","transition"],"attributes":{"href":"#reviews"},"components":[{"type":"textnode","content":"রিভিউ"}]},{"type":"link","classes":["hover:text-primary","transition"],"attributes":{"href":"#faq"},"components":[{"type":"textnode","content":"প্রশ্নোত্তৰ"}]}],"data-gjs-animate":"","data-gjs-duration":"","data-gjs-delay":""},{"type":"link","classes":["bg-gray-900","text-white","font-bold","px-6","py-3","rounded-xl","hover:bg-gray-800","transition"],"attributes":{"href":"#order"},"components":[{"type":"textnode","content":"অর্ডার করুন"}]}],"data-gjs-animate":"","data-gjs-duration":"","data-gjs-delay":""}],"data-gjs-animate":"","data-gjs-duration":"","data-gjs-delay":""},{"tagName":"section","classes":["py-12","md:py-20","bg-gray-50","overflow-hidden"],"components":[{"classes":["max-w-7xl","mx-auto","px-4","sm:px-6","lg:px-8"],"components":[{"classes":["grid","grid-cols-1","md:grid-cols-2","gap-12","items-center"],"components":[{"classes":["order-2","md:order-1","text-center","md:text-left"],"components":[{"classes":["inline-flex","items-center","gap-2","px-3","py-1","rounded-full","bg-blue-100","text-blue-700","text-xs","font-bold","mb-6"],"components":[{"tagName":"span","classes":["w-2","h-2","rounded-full","bg-blue-600","animate-pulse"],"data-gjs-animate":"","data-gjs-duration":"","data-gjs-delay":""},{"type":"textnode","content":"\n                নতুন কালেকশন ২০২৫\n              "}],"data-gjs-animate":"","data-gjs-duration":"","data-gjs-delay":""},{"tagName":"h1","type":"text","classes":["text-4xl","md:text-6xl","font-black","text-gray-900","leading-tight","mb-6"],"components":[{"type":"textnode","content":"\n                আপনার স্টাইলের নতুন "},{"tagName":"span","type":"text","classes":["text-transparent","bg-clip-text","bg-gradient-to-r","from-blue-600","to-purple-600","product-name"],"components":[{"type":"textnode","content":"সংজ্ঞা"}],"data-gjs-animate":"","data-gjs-duration":"","data-gjs-delay":""}],"data-gjs-animate":"","data-gjs-duration":"","data-gjs-delay":""},{"tagName":"p","type":"text","classes":["text-lg","text-gray-600","mb-8","leading-relaxed","max-w-lg","mx-auto","md:mx-0"],"components":[{"type":"textnode","content":"\n                সেরা মানের মেটেরিয়াল এবং আধুনিক ডিজাইনের সংমিশ্রণ। আজই অর্ডার করুন এবং উপভোগ করুন বিশেষ ছাড়।\n              "}],"data-gjs-animate":"","data-gjs-duration":"","data-gjs-delay":""},{"classes":["flex","flex-col","sm:flex-row","gap-4","justify-center","md:justify-start"],"attributes":{"id":"itepj"},"components":[{"type":"link","classes":["px-8","py-4","bg-gray-900","text-white","font-bold","rounded-xl","hover:bg-gray-800","transition","transform","hover:-translate-y-1","shadow-lg"],"attributes":{"href":"#order"},"components":[{"type":"textnode","content":"\n                  এখনই কিনুন\n                "}]},{"type":"link","classes":["px-8","py-4","bg-white","text-emerald-600","border-2","border-emerald-100","font-bold","rounded-xl","hover:bg-emerald-50","transition","flex","items-center","justify-center","gap-2","whatsapp-link","shadow-sm"],"attributes":{"href":"https://wa.me/8801XXXXXXXXX","id":"inx4i"},"components":[{"type":"svg","resizable":{"ratioDefault":true},"attributes":{"viewBox":"0 0 24 24","width":"20","height":"20","fill":"currentColor"},"components":[{"tagName":"path","type":"svg-in","resizable":{"ratioDefault":true},"attributes":{"d":"M17.472 14.382c-.297-.149-1.758-.867-2.03-.967-.273-.099-.471-.148-.67.15-.197.297-.767.966-.94 1.164-.173.199-.347.223-.644.075-.297-.15-1.255-.463-2.39-1.475-.883-.788-1.48-1.761-1.653-2.059-.173-.297-.018-.458.13-.606.134-.133.298-.347.446-.52.149-.174.198-.298.298-.497.099-.198.05-.371-.025-.52-.075-.149-.669-1.612-.916-2.207-.242-.579-.487-.5-.669-.51-.173-.008-.371-.01-.57-.01-.198 0-.52.074-.792.372-.272.297-1.04 1.016-1.04 2.479 0 1.462 1.065 2.875 1.213 3.074.149.198 2.096 3.2 5.077 4.487.709.306 1.262.489 1.694.625.712.227 1.36.195 1.871.118.571-.085 1.758-.719 2.006-1.413.248-.694.248-1.289.173-1.413-.074-.124-.272-.198-.57-.347m-5.421 7.403h-.004a9.87 9.87 0 01-5.031-1.378l-.361-.214-3.741.982.998-3.648-.235-.374a9.86 9.86 0 01-1.51-5.26c.001-5.45 4.436-9.884 9.888-9.884 2.64 0 5.122 1.03 6.988 2.898a9.825 9.825 0 012.893 6.994c-.003 5.45-4.437 9.884-9.885 9.884m8.413-18.297A11.815 11.815 0 0012.05 0C5.495 0 .16 5.335.157 11.892c0 2.096.547 4.142 1.588 5.945L.057 24l6.305-1.654a11.882 11.882 0 005.683 1.448h.005c6.554 0 11.89-5.335 11.893-11.893a11.821 11.821 0 00-3.48-8.413z"}}]},{"type":"textnode","content":"\n                  ওয়াটসঅ্যাপ করুন\n                "}]}],"data-gjs-animate":"","data-gjs-duration":"","data-gjs-delay":""}],"data-gjs-animate":"","data-gjs-duration":"","data-gjs-delay":""},{"classes":["order-1","md:order-2","relative"],"components":[{"classes":["absolute","inset-0","bg-gradient-to-tr","from-blue-200","to-purple-200","rounded-full","blur-3xl","opacity-30","animate-pulse"],"data-gjs-animate":"","data-gjs-duration":"","data-gjs-delay":""},{"type":"image","resizable":{"ratioDefault":1},"classes":["relative","w-full","h-auto","rounded-3xl","shadow-2xl","transform","hover:scale-[1.02]","transition","duration-500"],"attributes":{"src":"https://images.unsplash.com/photo-1542291026-7eec264c27ff?q=80&w=1000&auto=format&fit=crop","alt":"Product","id":"iyeks"},"data-gjs-animate":"","data-gjs-duration":"","data-gjs-delay":""},{"tagName":"section","classes":["py-12","px-4","bg-white"],"attributes":{"id":"i3kdas"},"components":[{"classes":["max-w-6xl","mx-auto"],"components":[{"type":"comment","content":" Add your content here "}],"data-gjs-animate":"","data-gjs-duration":"","data-gjs-delay":""}],"data-gjs-animate":"","data-gjs-duration":"","data-gjs-delay":""}],"data-gjs-animate":"","data-gjs-duration":"","data-gjs-delay":""}],"data-gjs-animate":"","data-gjs-duration":"","data-gjs-delay":""}],"data-gjs-animate":"","data-gjs-duration":"","data-gjs-delay":""}],"data-gjs-animate":"","data-gjs-duration":"","data-gjs-delay":""},{"tagName":"section","classes":["py-12","bg-gray-50/50"],"attributes":{"id":"iogrz"},"components":[{"classes":["max-w-6xl","mx-auto","px-4","grid","grid-cols-2","md:grid-cols-4","gap-4","md:gap-8"],"components":[{"classes":["bg-white/70","backdrop-blur-xl","border","border-white/50","p-6","rounded-3xl","shadow-xl","shadow-gray-200/50","text-center","flex","flex-col","items-center","gap-3","transform","hover:-translate-y-2","transition","duration-500"],"components":[{"classes":["w-16","h-16","bg-emerald-50","rounded-2xl","flex","items-center","justify-center","text-emerald-600","shadow-inner"],"components":[{"type":"svg","resizable":{"ratioDefault":true},"classes":["w-8","h-8"],"attributes":{"fill":"none","stroke":"currentColor","viewBox":"0 0 24 24"},"components":[{"tagName":"path","type":"svg-in","resizable":{"ratioDefault":true},"attributes":{"stroke-linecap":"round","stroke-linejoin":"round","stroke-width":"2","d":"M5 13l4 4L19 7"}}]}],"data-gjs-animate":"","data-gjs-duration":"","data-gjs-delay":""},{"tagName":"h3","type":"text","classes":["font-black","text-gray-900","leading-tight"],"components":[{"type":"textnode","content":"দ্রুত ডেলিভারি"}],"data-gjs-animate":"","data-gjs-duration":"","data-gjs-delay":""},{"tagName":"p","type":"text","classes":["text-xs","text-gray-500","font-bold","uppercase","tracking-tighter"],"components":[{"type":"textnode","content":"সারা বাংলাদেশে"}],"data-gjs-animate":"","data-gjs-duration":"","data-gjs-delay":""}],"data-gjs-animate":"","data-gjs-duration":"","data-gjs-delay":""},{"classes":["bg-white/70","backdrop-blur-xl","border","border-white/50","p-6","rounded-3xl","shadow-xl","shadow-gray-200/50","text-center","flex","flex-col","items-center","gap-3","transform","hover:-translate-y-2","transition","duration-500"],"components":[{"classes":["w-16","h-16","bg-blue-50","rounded-2xl","flex","items-center","justify-center","text-blue-600","shadow-inner"],"components":[{"type":"svg","resizable":{"ratioDefault":true},"classes":["w-8","h-8"],"attributes":{"fill":"none","stroke":"currentColor","viewBox":"0 0 24 24"},"components":[{"tagName":"path","type":"svg-in","resizable":{"ratioDefault":true},"attributes":{"stroke-linecap":"round","stroke-linejoin":"round","stroke-width":"2","d":"M17 9V7a2 2 0 00-2-2H5a2 2 0 00-2 2v6a2 2 0 002 2h2m2 4h10a2 2 0 002-2v-6a2 2 0 00-2-2H9a2 2 0 00-2 2v6a2 2 0 002 2zm7-5a2 2 0 11-4 0 2 2 0 014 0z"}}]}],"data-gjs-animate":"","data-gjs-duration":"","data-gjs-delay":""},{"tagName":"h3","type":"text","classes":["font-black","text-gray-900","leading-tight"],"components":[{"type":"textnode","content":"ক্যাশ অন ডেলিভারি"}],"data-gjs-animate":"","data-gjs-duration":"","data-gjs-delay":""},{"tagName":"p","type":"text","classes":["text-xs","text-gray-500","font-bold","uppercase","tracking-tighter"],"components":[{"type":"textnode","content":"হাতে পেয়ে পেমেন্ট"}],"data-gjs-animate":"","data-gjs-duration":"","data-gjs-delay":""}],"data-gjs-animate":"","data-gjs-duration":"","data-gjs-delay":""},{"classes":["bg-white/70","backdrop-blur-xl","border","border-white/50","p-6","rounded-3xl","shadow-xl","shadow-gray-200/50","text-center","flex","flex-col","items-center","gap-3","transform","hover:-translate-y-2","transition","duration-500"],"components":[{"classes":["w-16","h-16","bg-purple-50","rounded-2xl","flex","items-center","justify-center","text-purple-600","shadow-inner"],"components":[{"type":"svg","resizable":{"ratioDefault":true},"classes":["w-8","h-8"],"attributes":{"fill":"none","stroke":"currentColor","viewBox":"0 0 24 24"},"components":[{"tagName":"path","type":"svg-in","resizable":{"ratioDefault":true},"attributes":{"stroke-linecap":"round","stroke-linejoin":"round","stroke-width":"2","d":"M9 12l2 2 4-4m5.618-4.016A11.955 11.955 0 0112 2.944a11.955 11.955 0 01-8.618 3.04A12.02 12.02 0 003 9c0 5.591 3.824 10.29 9 11.622 5.176-1.332 9-6.03 9-11.622 0-1.042-.133-2.052-.382-3.016z"}}]}],"data-gjs-animate":"","data-gjs-duration":"","data-gjs-delay":""},{"tagName":"h3","type":"text","classes":["font-black","text-gray-900","leading-tight"],"components":[{"type":"textnode","content":"১০০% গ্যারান্টি"}],"data-gjs-animate":"","data-gjs-duration":"","data-gjs-delay":""},{"tagName":"p","type":"text","classes":["text-xs","text-gray-500","font-bold","uppercase","tracking-tighter"],"components":[{"type":"textnode","content":"অরিজিনাল প্রোডাক্ট"}],"data-gjs-animate":"","data-gjs-duration":"","data-gjs-delay":""}],"data-gjs-animate":"","data-gjs-duration":"","data-gjs-delay":""},{"classes":["bg-white/70","backdrop-blur-xl","border","border-white/50","p-6","rounded-3xl","shadow-xl","shadow-gray-200/50","text-center","flex","flex-col","items-center","gap-3","transform","hover:-translate-y-2","transition","duration-500"],"components":[{"classes":["w-16","h-16","bg-red-50","rounded-2xl","flex","items-center","justify-center","text-red-600","shadow-inner"],"components":[{"type":"svg","resizable":{"ratioDefault":true},"classes":["w-8","h-8"],"attributes":{"fill":"none","stroke":"currentColor","viewBox":"0 0 24 24"},"components":[{"tagName":"path","type":"svg-in","resizable":{"ratioDefault":true},"attributes":{"stroke-linecap":"round","stroke-linejoin":"round","stroke-width":"2","d":"M4 4v5h.582m15.356 2A8.001 8.001 0 004.582 9m0 0H9m11 11v-5h-.581m0 0a8.003 8.003 0 01-15.357-2m15.357 2H15"}}]}],"data-gjs-animate":"","data-gjs-duration":"","data-gjs-delay":""},{"tagName":"h3","type":"text","classes":["font-black","text-gray-900","leading-tight"],"components":[{"type":"textnode","content":"সহজ রিটার্ন"}],"data-gjs-animate":"","data-gjs-duration":"","data-gjs-delay":""},{"tagName":"p","type":"text","classes":["text-xs","text-gray-500","font-bold","uppercase","tracking-tighter"],"components":[{"type":"textnode","content":"৭ দিনের পলিসি"}],"data-gjs-animate":"","data-gjs-duration":"","data-gjs-delay":""}],"data-gjs-animate":"","data-gjs-duration":"","data-gjs-delay":""}],"data-gjs-animate":"","data-gjs-duration":"","data-gjs-delay":""}],"data-gjs-animate":"","data-gjs-duration":"","data-gjs-delay":""},{"tagName":"section","classes":["py-16","bg-white","px-4"],"components":[{"classes":["max-w-6xl","mx-auto"],"components":[{"classes":["grid","grid-cols-1","md:grid-cols-3","gap-6","lg:gap-10"],"components":[{"classes":["group","bg-gradient-to-br","from-emerald-50","to-white","p-8","rounded-[2.5rem]","border","border-emerald-100","hover:shadow-2xl","hover:shadow-emerald-200/50","transition-all","duration-500","text-center"],"components":[{"type":"text","classes":["w-20","h-20","bg-white","rounded-3xl","shadow-xl","shadow-emerald-100","flex","items-center","justify-center","text-4xl","mx-auto","mb-6","transform","group-hover:rotate-12","transition"],"components":[{"type":"textnode","content":"🛡️"}],"data-gjs-animate":"","data-gjs-duration":"","data-gjs-delay":""},{"tagName":"h4","type":"text","classes":["text-xl","font-black","text-gray-900","mb-4"],"components":[{"type":"textnode","content":"মানি ব্যাক গ্যারান্টি"}],"data-gjs-animate":"","data-gjs-duration":"","data-gjs-delay":""},{"tagName":"p","type":"text","classes":["text-gray-600","font-medium","leading-relaxed"],"components":[{"type":"textnode","content":"পণ্য হাতে পেয়ে কোনো সমস্যা থাকলে আমাদের বলুন, ১০০% রিটার্ন গ্যারান্টি।"}],"data-gjs-animate":"","data-gjs-duration":"","data-gjs-delay":""}],"data-gjs-animate":"","data-gjs-duration":"","data-gjs-delay":""},{"classes":["group","bg-gradient-to-br","from-blue-50","to-white","p-8","rounded-[2.5rem]","border","border-blue-100","hover:shadow-2xl","hover:shadow-blue-200/50","transition-all","duration-500","text-center"],"components":[{"type":"text","classes":["w-20","h-20","bg-white","rounded-3xl","shadow-xl","shadow-blue-100","flex","items-center","justify-center","text-4xl","mx-auto","mb-6","transform","group-hover:rotate-12","transition"],"components":[{"type":"textnode","content":"🛵"}],"data-gjs-animate":"","data-gjs-duration":"","data-gjs-delay":""},{"tagName":"h4","type":"text","classes":["text-xl","font-black","text-gray-900","mb-4"],"components":[{"type":"textnode","content":"দ্রুত হোম ডেলিভারি"}],"data-gjs-animate":"","data-gjs-duration":"","data-gjs-delay":""},{"tagName":"p","type":"text","classes":["text-gray-600","font-medium","leading-relaxed"],"components":[{"type":"textnode","content":"ঢাকার ভিতরে ২৪ ঘণ্টা এবং সারা বাংলাদেশে মাত্র ২-৩ দিনের ডেলিভারি।"}],"data-gjs-animate":"","data-gjs-duration":"","data-gjs-delay":""}],"data-gjs-animate":"","data-gjs-duration":"","data-gjs-delay":""},{"classes":["group","bg-gradient-to-br","from-amber-50","to-white","p-8","rounded-[2.5rem]","border","border-amber-100","hover:shadow-2xl","hover:shadow-amber-200/50","transition-all","duration-500","text-center"],"components":[{"type":"text","classes":["w-20","h-20","bg-white","rounded-3xl","shadow-xl","shadow-amber-100","flex","items-center","justify-center","text-4xl","mx-auto","mb-6","transform","group-hover:rotate-12","transition"],"components":[{"type":"textnode","content":"💎"}],"data-gjs-animate":"","data-gjs-duration":"","data-gjs-delay":""},{"tagName":"h4","type":"text","classes":["text-xl","font-black","text-gray-900","mb-4"],"components":[{"type":"textnode","content":"প্রিমিয়াম কোয়ালিটি"}],"data-gjs-animate":"","data-gjs-duration":"","data-gjs-delay":""},{"tagName":"p","type":"text","classes":["text-gray-600","font-medium","leading-relaxed"],"components":[{"type":"textnode","content":"আমরা দিচ্ছি সরাসরি ইম্পোর্টেড হাই কোয়ালিটি পণ্য যা আপনি নিশ্চিত থাকতে পারেন।"}],"data-gjs-animate":"","data-gjs-duration":"","data-gjs-delay":""}],"data-gjs-animate":"","data-gjs-duration":"","data-gjs-delay":""}],"data-gjs-animate":"","data-gjs-duration":"","data-gjs-delay":""}],"data-gjs-animate":"","data-gjs-duration":"","data-gjs-delay":""}],"data-gjs-animate":"","data-gjs-duration":"","data-gjs-delay":""},{"tagName":"section","classes":["py-10","bg-gray-50"],"components":[{"classes":["max-w-4xl","mx-auto","px-6"],"components":[{"tagName":"h2","type":"text","classes":["text-2xl","font-bold","text-center","text-gray-900","mb-8"],"components":[{"type":"textnode","content":"আমাদের পণ্যের ভিডিওটি দেখুন"}],"data-gjs-animate":"","data-gjs-duration":"","data-gjs-delay":""},{"classes":["relative","w-full","aspect-video","rounded-2xl","overflow-hidden","shadow-2xl","border-4","border-white"],"components":[{"tagName":"iframe","type":"video","resizable":{"ratioDefault":1},"classes":["absolute","inset-0","w-full","h-full"],"attributes":{"allowfullscreen":"","src":"https://www.youtube.com/embed/dQw4w9WgXcQ","title":"YouTube video player","frameborder":"0","allow":"accelerometer; autoplay; clipboard-write; encrypted-media; gyroscope; picture-in-picture"},"src":"https://www.youtube.com/embed/dQw4w9WgXcQ?","videoId":"dQw4w9WgXcQ","provider":"yt","sources":[],"data-gjs-animate":"","data-gjs-duration":"","data-gjs-delay":""}],"data-gjs-animate":"","data-gjs-duration":"","data-gjs-delay":""}],"data-gjs-animate":"","data-gjs-duration":"","data-gjs-delay":""}],"data-gjs-animate":"","data-gjs-duration":"","data-gjs-delay":""},{"tagName":"section","classes":["py-16","bg-slate-900","overflow-hidden"],"components":[{"classes":["text-center","mb-10","px-4"],"components":[{"tagName":"h2","type":"text","classes":["text-3xl","font-bold","text-white","mb-2"],"components":[{"type":"textnode","content":"বিশ্বাস ও ভালোবাসার গল্প"}],"data-gjs-animate":"","data-gjs-duration":"","data-gjs-delay":""},{"tagName":"p","type":"text","classes":["text-slate-400"],"components":[{"type":"textnode","content":"আমাদের ৫০০০+ হ্যাপি কাস্টমারদের কিছু মতামত"}],"data-gjs-animate":"","data-gjs-duration":"","data-gjs-delay":""}],"data-gjs-animate":"","data-gjs-duration":"","data-gjs-delay":""},{"classes":["relative","w-full"],"components":[{"classes":["absolute","left-0","top-0","bottom-0","w-20","bg-gradient-to-r","from-slate-900","to-transparent","z-10"],"data-gjs-animate":"","data-gjs-duration":"","data-gjs-delay":""},{"classes":["absolute","right-0","top-0","bottom-0","w-20","bg-gradient-to-l","from-slate-900","to-transparent","z-10"],"data-gjs-animate":"","data-gjs-duration":"","data-gjs-delay":""},{"classes":["flex","gap-6","animate-[scroll_20s_linear_infinite]","hover:[animation-play-state:paused]","w-max","px-6"],"components":[{"type":"comment","content":" Card 1 "},{"classes":["w-80","p-6","bg-slate-800","rounded-xl","border","border-slate-700","flex-shrink-0"],"components":[{"type":"text","classes":["flex","text-yellow-400","mb-4"],"components":[{"type":"textnode","content":"★★★★★"}],"data-gjs-animate":"","data-gjs-duration":"","data-gjs-delay":""},{"tagName":"p","type":"text","classes":["text-slate-300","mb-6","italic"],"components":[{"type":"textnode","content":"\"প্রোডাক্ট টি হাতে পেয়ে আমি খুবই খুশি। ছবিতে যেমন দেখেছি বাস্তবে ঠিক তেমনই।\""}],"data-gjs-animate":"","data-gjs-duration":"","data-gjs-delay":""},{"classes":["flex","items-center","gap-3"],"components":[{"type":"text","classes":["w-10","h-10","rounded-full","bg-blue-500","flex","items-center","justify-center","text-white","font-bold"],"components":[{"type":"textnode","content":"R"}],"data-gjs-animate":"","data-gjs-duration":"","data-gjs-delay":""},{"components":[{"type":"text","classes":["font-bold","text-white"],"components":[{"type":"textnode","content":"Rakib Hasan"}],"data-gjs-animate":"","data-gjs-duration":"","data-gjs-delay":""},{"type":"text","classes":["text-xs","text-slate-500"],"components":[{"type":"textnode","content":"Dhaka"}],"data-gjs-animate":"","data-gjs-duration":"","data-gjs-delay":""}],"data-gjs-animate":"","data-gjs-duration":"","data-gjs-delay":""}],"data-gjs-animate":"","data-gjs-duration":"","data-gjs-delay":""}],"data-gjs-animate":"","data-gjs-duration":"","data-gjs-delay":""},{"type":"comment","content":" Card 2 "},{"classes":["w-80","p-6","bg-slate-800","rounded-xl","border","border-slate-700","flex-shrink-0"],"components":[{"type":"text","classes":["flex","text-yellow-400","mb-4"],"components":[{"type":"textnode","content":"★★★★★"}],"data-gjs-animate":"","data-gjs-duration":"","data-gjs-delay":""},{"tagName":"p","type":"text","classes":["text-slate-300","mb-6","italic"],"components":[{"type":"textnode","content":"\"খুবই ফাস্ট ডেলিভারি পেয়েছি। ধন্যবাদ সেলারকে।\""}],"data-gjs-animate":"","data-gjs-duration":"","data-gjs-delay":""},{"classes":["flex","items-center","gap-3"],"components":[{"type":"text","classes":["w-10","h-10","rounded-full","bg-emerald-500","flex","items-center","justify-center","text-white","font-bold"],"components":[{"type":"textnode","content":"S"}],"data-gjs-animate":"","data-gjs-duration":"","data-gjs-delay":""},{"components":[{"type":"text","classes":["font-bold","text-white"],"components":[{"type":"textnode","content":"Sumaiya Akter"}],"data-gjs-animate":"","data-gjs-duration":"","data-gjs-delay":""},{"type":"text","classes":["text-xs","text-slate-500"],"components":[{"type":"textnode","content":"Chittagong"}],"data-gjs-animate":"","data-gjs-duration":"","data-gjs-delay":""}],"data-gjs-animate":"","data-gjs-duration":"","data-gjs-delay":""}],"data-gjs-animate":"","data-gjs-duration":"","data-gjs-delay":""}],"data-gjs-animate":"","data-gjs-duration":"","data-gjs-delay":""},{"type":"comment","content":" Card 3 "},{"classes":["w-80","p-6","bg-slate-800","rounded-xl","border","border-slate-700","flex-shrink-0"],"components":[{"type":"text","classes":["flex","text-yellow-400","mb-4"],"components":[{"type":"textnode","content":"★★★★★"}],"data-gjs-animate":"","data-gjs-duration":"","data-gjs-delay":""},{"tagName":"p","type":"text","classes":["text-slate-300","mb-6","italic"],"components":[{"type":"textnode","content":"\"কম দামে এত ভালো জিনিস পাবো আশা করিনি। বেস্ট ডিল!\""}],"data-gjs-animate":"","data-gjs-duration":"","data-gjs-delay":""},{"classes":["flex","items-center","gap-3"],"components":[{"type":"text","classes":["w-10","h-10","rounded-full","bg-purple-500","flex","items-center","justify-center","text-white","font-bold"],"components":[{"type":"textnode","content":"J"}],"data-gjs-animate":"","data-gjs-duration":"","data-gjs-delay":""},{"components":[{"type":"text","classes":["font-bold","text-white"],"components":[{"type":"textnode","content":"Jamil Ahmed"}],"data-gjs-animate":"","data-gjs-duration":"","data-gjs-delay":""},{"type":"text","classes":["text-xs","text-slate-500"],"components":[{"type":"textnode","content":"Sylhet"}],"data-gjs-animate":"","data-gjs-duration":"","data-gjs-delay":""}],"data-gjs-animate":"","data-gjs-duration":"","data-gjs-delay":""}],"data-gjs-animate":"","data-gjs-duration":"","data-gjs-delay":""}],"data-gjs-animate":"","data-gjs-duration":"","data-gjs-delay":""},{"type":"comment","content":" Duplicate for loop effect "},{"classes":["w-80","p-6","bg-slate-800","rounded-xl","border","border-slate-700","flex-shrink-0"],"components":[{"type":"text","classes":["flex","text-yellow-400","mb-4"],"components":[{"type":"textnode","content":"★★★★★"}],"data-gjs-animate":"","data-gjs-duration":"","data-gjs-delay":""},{"tagName":"p","type":"text","classes":["text-slate-300","mb-6","italic"],"components":[{"type":"textnode","content":"\"প্রোডাক্ট টি হাতে পেয়ে আমি খুবই খুশি। ছবিতে যেমন দেখেছি বাস্তবে ঠিক তেমনই।\""}],"data-gjs-animate":"","data-gjs-duration":"","data-gjs-delay":""},{"classes":["flex","items-center","gap-3"],"components":[{"type":"text","classes":["w-10","h-10","rounded-full","bg-blue-500","flex","items-center","justify-center","text-white","font-bold"],"components":[{"type":"textnode","content":"R"}],"data-gjs-animate":"","data-gjs-duration":"","data-gjs-delay":""},{"components":[{"type":"text","classes":["font-bold","text-white"],"components":[{"type":"textnode","content":"Rakib Hasan"}],"data-gjs-animate":"","data-gjs-duration":"","data-gjs-delay":""},{"type":"text","classes":["text-xs","text-slate-500"],"components":[{"type":"textnode","content":"Dhaka"}],"data-gjs-animate":"","data-gjs-duration":"","data-gjs-delay":""}],"data-gjs-animate":"","data-gjs-duration":"","data-gjs-delay":""}],"data-gjs-animate":"","data-gjs-duration":"","data-gjs-delay":""}],"data-gjs-animate":"","data-gjs-duration":"","data-gjs-delay":""}],"data-gjs-animate":"","data-gjs-duration":"","data-gjs-delay":""}],"data-gjs-animate":"","data-gjs-duration":"","data-gjs-delay":""}],"data-gjs-animate":"","data-gjs-duration":"","data-gjs-delay":""},{"tagName":"section","classes":["py-12","bg-gray-50","px-4"],"attributes":{"id":"ix8wdp"},"components":[{"classes":["max-w-3xl","mx-auto"],"components":[{"tagName":"h2","type":"text","classes":["text-3xl","font-bold","text-center","text-gray-900","mb-8"],"components":[{"type":"textnode","content":"সচরাচর জিজ্ঞাসিত প্রশ্ন"}],"data-gjs-animate":"","data-gjs-duration":"","data-gjs-delay":""},{"classes":["space-y-4"],"components":[{"tagName":"details","classes":["group","bg-white","rounded-2xl","shadow-sm","border","border-gray-200"],"components":[{"tagName":"summary","classes":["flex","items-center","justify-between","p-5","font-bold","text-lg","cursor-pointer","list-none"],"attributes":{"id":"ixy33q"},"components":[{"tagName":"span","type":"text","components":[{"type":"textnode","content":"ডেলিভারি চার্জ কত?"}],"data-gjs-animate":"","data-gjs-duration":"","data-gjs-delay":""},{"tagName":"span","classes":["transition","group-open:rotate-180"],"components":[{"type":"svg","resizable":{"ratioDefault":true},"attributes":{"fill":"none","height":"24","stroke":"currentColor","stroke-linecap":"round","stroke-linejoin":"round","stroke-width":"2","viewBox":"0 0 24 24","width":"24"},"components":[{"tagName":"polyline","type":"svg-in","resizable":{"ratioDefault":true},"attributes":{"points":"6 9 12 15 18 9"}}]}],"data-gjs-animate":"","data-gjs-duration":"","data-gjs-delay":""}],"data-gjs-animate":"","data-gjs-duration":"","data-gjs-delay":""},{"type":"text","classes":["text-gray-600","px-5","pb-5","leading-relaxed"],"components":[{"type":"textnode","content":"\n                   ঢাকার ভিতরে ৭০ টাকা এবং ঢাকার বাইরে ১৩০ টাকা।\n                "}],"data-gjs-animate":"","data-gjs-duration":"","data-gjs-delay":""}],"data-gjs-animate":"","data-gjs-duration":"","data-gjs-delay":""},{"tagName":"details","classes":["group","bg-white","rounded-2xl","shadow-sm","border","border-gray-200"],"components":[{"tagName":"summary","classes":["flex","items-center","justify-between","p-5","font-bold","text-lg","cursor-pointer","list-none"],"attributes":{"id":"itgrfl"},"components":[{"tagName":"span","type":"text","attributes":{"id":"i42dds"},"components":[{"type":"textnode","content":"পণ্যটি কি আসল?"}],"data-gjs-animate":"","data-gjs-duration":"","data-gjs-delay":""},{"tagName":"span","classes":["transition","group-open:rotate-180"],"components":[{"type":"svg","resizable":{"ratioDefault":true},"attributes":{"fill":"none","height":"24","stroke":"currentColor","stroke-linecap":"round","stroke-linejoin":"round","stroke-width":"2","viewBox":"0 0 24 24","width":"24"},"components":[{"tagName":"polyline","type":"svg-in","resizable":{"ratioDefault":true},"attributes":{"points":"6 9 12 15 18 9"}}]}],"data-gjs-animate":"","data-gjs-duration":"","data-gjs-delay":""}],"data-gjs-animate":"","data-gjs-duration":"","data-gjs-delay":""},{"type":"text","classes":["text-gray-600","px-5","pb-5","leading-relaxed"],"components":[{"type":"textnode","content":"\n                   জি, আমরা ১০০% অরিজিনাল পণ্যের গ্যারান্টি দিচ্ছি।\n                "}],"data-gjs-animate":"","data-gjs-duration":"","data-gjs-delay":""}],"data-gjs-animate":"","data-gjs-duration":"","data-gjs-delay":""},{"tagName":"details","classes":["group","bg-white","rounded-2xl","shadow-sm","border","border-gray-200"],"components":[{"tagName":"summary","classes":["flex","items-center","justify-between","p-5","font-bold","text-lg","cursor-pointer","list-none"],"attributes":{"id":"i3sw1l"},"components":[{"tagName":"span","type":"text","components":[{"type":"textnode","content":"রিটার্ন পলিসি কি?"}],"data-gjs-animate":"","data-gjs-duration":"","data-gjs-delay":""},{"tagName":"span","classes":["transition","group-open:rotate-180"],"components":[{"type":"svg","resizable":{"ratioDefault":true},"attributes":{"fill":"none","height":"24","stroke":"currentColor","stroke-linecap":"round","stroke-linejoin":"round","stroke-width":"2","viewBox":"0 0 24 24","width":"24"},"components":[{"tagName":"polyline","type":"svg-in","resizable":{"ratioDefault":true},"attributes":{"points":"6 9 12 15 18 9"}}]}],"data-gjs-animate":"","data-gjs-duration":"","data-gjs-delay":""}],"data-gjs-animate":"","data-gjs-duration":"","data-gjs-delay":""},{"type":"text","classes":["text-gray-600","px-5","pb-5","leading-relaxed"],"components":[{"type":"textnode","content":"\n                   পণ্য হাতে পাওয়ার পর যদি কোনো সমস্যা থাকে তবে সাথে সাথে রিটার্ন করতে পারবেন।\n                "}],"data-gjs-animate":"","data-gjs-duration":"","data-gjs-delay":""}],"data-gjs-animate":"","data-gjs-duration":"","data-gjs-delay":""}],"data-gjs-animate":"","data-gjs-duration":"","data-gjs-delay":""}],"data-gjs-animate":"","data-gjs-duration":"","data-gjs-delay":""}],"data-gjs-animate":"","data-gjs-duration":"","data-gjs-delay":""},{"tagName":"section","classes":["py-16","bg-emerald-50/50","px-4"],"attributes":{"id":"order"},"components":[{"classes":["max-w-6xl","mx-auto"],"components":[{"classes":["text-center","mb-10"],"components":[{"tagName":"h2","type":"text","classes":["text-3xl","md:text-5xl","font-black","text-gray-900","mb-4"],"components":[{"type":"textnode","content":"অর্ডার কনফার্ম করুন"}],"data-gjs-animate":"","data-gjs-duration":"","data-gjs-delay":""},{"tagName":"p","type":"text","classes":["text-xl","text-gray-600","font-medium"],"components":[{"type":"textnode","content":"নিচের ফর্মটি পূরণ করুন, আমরা আপনাকে কল করবো"}],"data-gjs-animate":"","data-gjs-duration":"","data-gjs-delay":""}],"data-gjs-animate":"","data-gjs-duration":"","data-gjs-delay":""},{"classes":["bg-white","rounded-[2.5rem]","p-6","md:p-12","shadow-2xl","shadow-emerald-200/50","border","border-gray-100","grid","grid-cols-1","lg:grid-cols-2","gap-10","lg:gap-16"],"attributes":{"id":"i3x2dh"},"components":[{"type":"comment","content":" Product Info Summary "},{"classes":["space-y-8"],"components":[{"classes":["bg-emerald-50","rounded-3xl","p-6","border","border-emerald-100","relative","overflow-hidden"],"components":[{"classes":["flex","items-center","gap-6"],"components":[{"classes":["w-24","h-24","bg-white","rounded-2xl","overflow-hidden","shadow-md","flex-shrink-0","p-1"],"components":[{"type":"image","resizable":{"ratioDefault":1},"classes":["w-full","h-full","object-cover","rounded-xl"],"attributes":{"src":"https://images.unsplash.com/photo-1523275335684-37898b6baf30?w=300&q=80"},"data-gjs-animate":"","data-gjs-duration":"","data-gjs-delay":""}],"data-gjs-animate":"","data-gjs-duration":"","data-gjs-delay":""},{"components":[{"tagName":"h4","type":"text","classes":["text-xl","font-black","text-gray-900","mb-2"],"components":[{"type":"textnode","content":"প্রিমিয়াম কোয়ালিটি পণ্য"}],"data-gjs-animate":"","data-gjs-duration":"","data-gjs-delay":""},{"classes":["flex","items-center","gap-3"],"components":[{"tagName":"span","type":"text","classes":["text-emerald-600","font-black","text-3xl"],"components":[{"type":"textnode","content":"৳৯৫০"}],"data-gjs-animate":"","data-gjs-duration":"","data-gjs-delay":""},{"tagName":"span","type":"text","classes":["text-gray-400","line-through","text-lg"],"components":[{"type":"textnode","content":"৳১,৯৫০"}],"data-gjs-animate":"","data-gjs-duration":"","data-gjs-delay":""}],"data-gjs-animate":"","data-gjs-duration":"","data-gjs-delay":""}],"data-gjs-animate":"","data-gjs-duration":"","data-gjs-delay":""}],"data-gjs-animate":"","data-gjs-duration":"","data-gjs-delay":""}],"data-gjs-animate":"","data-gjs-duration":"","data-gjs-delay":""},{"classes":["space-y-4"],"components":[{"tagName":"h5","classes":["text-lg","font-bold","text-gray-800","flex","items-center","gap-2"],"components":[{"tagName":"span","classes":["w-2","h-8","bg-emerald-500","rounded-full"],"data-gjs-animate":"","data-gjs-duration":"","data-gjs-delay":""},{"type":"textnode","content":"\n                   কেন আপনি আমাদের পণ্যটি কিনবেন?\n                "}],"data-gjs-animate":"","data-gjs-duration":"","data-gjs-delay":""},{"tagName":"ul","classes":["space-y-3"],"components":[{"tagName":"li","type":"text","classes":["flex","items-start","gap-3","font-medium","text-gray-700"],"components":[{"tagName":"span","type":"text","classes":["text-emerald-500","text-xl","font-bold"],"components":[{"type":"textnode","content":"✓"}],"data-gjs-animate":"","data-gjs-duration":"","data-gjs-delay":""},{"type":"textnode","content":"\n                    ১০০% অরিজিনাল কালার গ্যারান্টি।\n                  "}],"data-gjs-animate":"","data-gjs-duration":"","data-gjs-delay":""},{"tagName":"li","type":"text","classes":["flex","items-start","gap-3","font-medium","text-gray-700"],"components":[{"tagName":"span","type":"text","classes":["text-emerald-500","text-xl","font-bold"],"components":[{"type":"textnode","content":"✓"}],"data-gjs-animate":"","data-gjs-duration":"","data-gjs-delay":""},{"type":"textnode","content":"\n                    প্রিমিয়াম মেটেরিয়াল দিয়ে তৈরী।\n                  "}],"data-gjs-animate":"","data-gjs-duration":"","data-gjs-delay":""},{"tagName":"li","type":"text","classes":["flex","items-start","gap-3","font-medium","text-gray-700"],"components":[{"tagName":"span","type":"text","classes":["text-emerald-500","text-xl","font-bold"],"components":[{"type":"textnode","content":"✓"}],"data-gjs-animate":"","data-gjs-duration":"","data-gjs-delay":""},{"type":"textnode","content":"\n                    ৭ দিনের রিপ্লেসমেন্ট ওয়ারেন্টি।\n                  "}],"data-gjs-animate":"","data-gjs-duration":"","data-gjs-delay":""}],"data-gjs-animate":"","data-gjs-duration":"","data-gjs-delay":""}],"data-gjs-animate":"","data-gjs-duration":"","data-gjs-delay":""},{"classes":["bg-blue-50","p-6","rounded-3xl","border","border-blue-100","flex","items-center","gap-4","animate-pulse"],"components":[{"type":"text","classes":["w-12","h-12","bg-white","rounded-full","flex","items-center","justify-center","text-2xl","shadow-sm"],"components":[{"type":"textnode","content":"🔥"}],"data-gjs-animate":"","data-gjs-duration":"","data-gjs-delay":""},{"tagName":"p","type":"text","classes":["text-blue-900","font-bold"],"components":[{"type":"textnode","content":"গত ২৪ ঘণ্টায় ১২৫ জন নতুন গ্রাহক অর্ডার করেছেন!"}],"data-gjs-animate":"","data-gjs-duration":"","data-gjs-delay":""}],"data-gjs-animate":"","data-gjs-duration":"","data-gjs-delay":""}],"data-gjs-animate":"","data-gjs-duration":"","data-gjs-delay":""},{"type":"comment","content":" Form "},{"type":"form","classes":["space-y-6"],"attributes":{"method":"POST","action":"/api/create-order","id":"inlt74"},"components":[{"classes":["space-y-2"],"components":[{"type":"label","classes":["block","text-sm","font-bold","text-gray-500","uppercase","tracking-widest","px-1"],"components":[{"type":"textnode","content":"আপনার নাম"}]},{"type":"input","void":true,"classes":["w-full","px-6","py-4","rounded-2xl","border-2","border-gray-100","focus:border-emerald-500","focus:ring-4","focus:ring-emerald-500/10","outline-none","transition"],"attributes":{"type":"text","name":"customer_name","placeholder":"নাম লিখুন","required":true,"id":"i7891i"}}],"data-gjs-animate":"","data-gjs-duration":"","data-gjs-delay":""},{"classes":["space-y-2"],"components":[{"type":"label","classes":["block","text-sm","font-bold","text-gray-500","uppercase","tracking-widest","px-1"],"components":[{"type":"textnode","content":"মোবাইল নাম্বার"}]},{"type":"input","void":true,"classes":["w-full","px-6","py-4","rounded-2xl","border-2","border-gray-100","focus:border-emerald-500","focus:ring-4","focus:ring-emerald-500/10","outline-none","transition"],"attributes":{"type":"tel","name":"phone","placeholder":"017XXXXXXXX","required":true,"id":"ibv67k"}}],"data-gjs-animate":"","data-gjs-duration":"","data-gjs-delay":""},{"classes":["space-y-2"],"components":[{"type":"label","classes":["block","text-sm","font-bold","text-gray-500","uppercase","tracking-widest","px-1"],"components":[{"type":"textnode","content":"সম্পূর্ণ ঠিকানা"}]},{"type":"textarea","classes":["w-full","px-6","py-4","rounded-2xl","border-2","border-gray-100","focus:border-emerald-500","focus:ring-4","focus:ring-emerald-500/10","outline-none","h-32","transition","resize-none"],"attributes":{"name":"address","placeholder":"বাসা নং, রোড, থানা, জেলা লিখুন","required":true,"id":"iv81xf"}}],"data-gjs-animate":"","data-gjs-duration":"","data-gjs-delay":""},{"classes":["bg-gray-50","p-6","rounded-3xl","border","border-dashed","border-gray-300","space-y-3"],"attributes":{"id":"irj67i"},"components":[{"classes":["flex","justify-between","items-center","text-gray-600","font-medium"],"attributes":{"id":"iz8hwi"},"components":[{"tagName":"span","type":"text","components":[{"type":"textnode","content":"পণ্যের নাম:"}],"data-gjs-animate":"","data-gjs-duration":"","data-gjs-delay":""},{"tagName":"span","type":"text","classes":["font-bold","text-gray-900","text-xl","product-name"],"components":[{"type":"textnode","content":"প্রিমিয়াম পণ্য"}],"data-gjs-animate":"","data-gjs-duration":"","data-gjs-delay":""}],"data-gjs-animate":"","data-gjs-duration":"","data-gjs-delay":""},{"classes":["flex","justify-between","items-center","text-emerald-600","font-medium"],"components":[{"tagName":"span","type":"text","components":[{"type":"textnode","content":"ডেলিভারি চার্জ:"}],"data-gjs-animate":"","data-gjs-duration":"","data-gjs-delay":""},{"tagName":"span","type":"text","classes":["font-bold","text-lg"],"components":[{"type":"textnode","content":"ফ্রি"}],"data-gjs-animate":"","data-gjs-duration":"","data-gjs-delay":""}],"data-gjs-animate":"","data-gjs-duration":"","data-gjs-delay":""},{"content":"সর্বমোট মূল্য: 250","classes":["pt-3","border-t","border-gray-200","flex","justify-between","items-center","text-gray-900"],"attributes":{"id":"i3nh1u"},"components":[{"tagName":"span","type":"text","classes":["text-xl","font-black"],"components":[{"type":"textnode","content":"সর্বমোট মূল্য:"}],"data-gjs-animate":"","data-gjs-duration":"","data-gjs-delay":""},{"tagName":"span","type":"text","content":"৳250","classes":["text-3xl","font-black"],"attributes":{"id":"iv412i"},"components":[{"type":"textnode","content":"৳2৫০"}],"data-gjs-animate":"","data-gjs-duration":"","data-gjs-delay":""}],"data-gjs-animate":"","data-gjs-duration":"","data-gjs-delay":""}],"data-gjs-animate":"","data-gjs-duration":"","data-gjs-delay":""},{"classes":["flex","flex-col","gap-4"],"components":[{"type":"button","classes":["w-full","bg-gradient-to-r","from-emerald-600","to-emerald-500","text-white","font-black","text-2xl","py-6","rounded-3xl","shadow-2xl","shadow-emerald-200","hover:shadow-emerald-300","hover:scale-[1.02]","active:scale-95","transition-all"],"attributes":{"type":"submit"},"text":"অর্ডার কনফার্ম করুন","components":[{"type":"textnode","content":"অর্ডার কনফার্ম করুন"}]},{"type":"link","classes":["w-full","bg-white","text-emerald-600","border-2","border-emerald-100","font-bold","py-4","rounded-3xl","flex","items-center","justify-center","gap-2","hover:bg-emerald-50","transition","whatsapp-link"],"attributes":{"href":"https://wa.me/8801XXXXXXXXX"},"components":[{"type":"svg","resizable":{"ratioDefault":true},"attributes":{"viewBox":"0 0 24 24","width":"24","height":"24","fill":"currentColor"},"components":[{"tagName":"path","type":"svg-in","resizable":{"ratioDefault":true},"attributes":{"d":"M17.472 14.382c-.297-.149-1.758-.867-2.03-.967-.273-.099-.471-.148-.67.15-.197.297-.767.966-.94 1.164-.173.199-.347.223-.644.075-.297-.15-1.255-.463-2.39-1.475-.883-.788-1.48-1.761-1.653-2.059-.173-.297-.018-.458.13-.606.134-.133.298-.347.446-.52.149-.174.198-.298.298-.497.099-.198.05-.371-.025-.52-.075-.149-.669-1.612-.916-2.207-.242-.579-.487-.5-.669-.51-.173-.008-.371-.01-.57-.01-.198 0-.52.074-.792.372-.272.297-1.04 1.016-1.04 2.479 0 1.462 1.065 2.875 1.213 3.074.149.198 2.096 3.2 5.077 4.487.709.306 1.262.489 1.694.625.712.227 1.36.195 1.871.118.571-.085 1.758-.719 2.006-1.413.248-.694.248-1.289.173-1.413-.074-.124-.272-.198-.57-.347m-5.421 7.403h-.004a9.87 9.87 0 01-5.031-1.378l-.361-.214-3.741.982.998-3.648-.235-.374a9.86 9.86 0 01-1.51-5.26c.001-5.45 4.436-9.884 9.888-9.884 2.64 0 5.122 1.03 6.988 2.898a9.825 9.825 0 012.893 6.994c-.003 5.45-4.437 9.884-9.885 9.884m8.413-18.297A11.815 11.815 0 0012.05 0C5.495 0 .16 5.335.157 11.892c0 2.096.547 4.142 1.588 5.945L.057 24l6.305-1.654a11.882 11.882 0 005.683 1.448h.005c6.554 0 11.89-5.335 11.893-11.893a11.821 11.821 0 00-3.48-8.413z"}}]},{"type":"textnode","content":"\n                  সরাসরি কথা বলুন\n                "}]}],"data-gjs-animate":"","data-gjs-duration":"","data-gjs-delay":""}]}],"data-gjs-animate":"","data-gjs-duration":"","data-gjs-delay":""}],"data-gjs-animate":"","data-gjs-duration":"","data-gjs-delay":""}],"data-gjs-animate":"","data-gjs-duration":"","data-gjs-delay":""},{"tagName":"footer","classes":["bg-white","border-t","border-gray-100","py-12","px-4"],"components":[{"classes":["max-w-6xl","mx-auto","flex","flex-col","md:flex-row","items-center","justify-between","gap-6"],"components":[{"classes":["text-center","md:text-left"],"components":[{"type":"text","classes":["font-black","text-xl","text-gray-900","mb-2"],"components":[{"type":"textnode","content":"YOUR STORE"}],"data-gjs-animate":"","data-gjs-duration":"","data-gjs-delay":""},{"tagName":"p","type":"text","classes":["text-gray-500","text-sm"],"components":[{"type":"textnode","content":"© 2024 All rights reserved."}],"data-gjs-animate":"","data-gjs-duration":"","data-gjs-delay":""}],"data-gjs-animate":"","data-gjs-duration":"","data-gjs-delay":""},{"classes":["flex","gap-4"],"components":[{"type":"link","classes":["w-10","h-10","bg-gray-100","text-gray-600","rounded-full","flex","items-center","justify-center","hover:bg-blue-500","hover:text-white","transition"],"attributes":{"href":"#"},"components":[{"type":"textnode","content":"f"}]},{"type":"link","classes":["w-10","h-10","bg-gray-100","text-gray-600","rounded-full","flex","items-center","justify-center","hover:bg-pink-500","hover:text-white","transition"],"attributes":{"href":"#"},"components":[{"type":"textnode","content":"i"}]},{"type":"link","classes":["w-10","h-10","bg-gray-100","text-gray-600","rounded-full","flex","items-center","justify-center","hover:bg-red-500","hover:text-white","transition"],"attributes":{"href":"#"},"components":[{"type":"textnode","content":"y"}]}],"data-gjs-animate":"","data-gjs-duration":"","data-gjs-delay":""},{"classes":["flex","gap-6","text-sm","font-medium","text-gray-600"],"components":[{"type":"link","classes":["hover:text-primary"],"attributes":{"href":"#"},"components":[{"type":"textnode","content":"Terms"}]},{"type":"link","classes":["hover:text-primary"],"attributes":{"href":"#"},"components":[{"type":"textnode","content":"Privacy"}]},{"type":"link","classes":["hover:text-primary"],"attributes":{"href":"#"},"components":[{"type":"textnode","content":"Refund Policy"}]}],"data-gjs-animate":"","data-gjs-duration":"","data-gjs-delay":""}],"data-gjs-animate":"","data-gjs-duration":"","data-gjs-delay":""}],"data-gjs-animate":"","data-gjs-duration":"","data-gjs-delay":""}],"head":{"type":"head"},"docEl":{"tagName":"html","data-gjs-animate":"","data-gjs-duration":"","data-gjs-delay":""},"data-gjs-animate":"","data-gjs-duration":"","data-gjs-delay":""},"id":"zI1ZzvX9hqSggqC5"}],"components":"\n            <div class=\"p-10 text-center font-sans\">\n              <h1 class=\"text-4xl font-bold text-gray-800 mb-4\">স্বাগতম আপনার নতুন ল্যান্ডিং পেজে!</h1>\n              <p class=\"text-lg text-gray-600 mb-8\">এখান থেকে আপনি আপনার পছন্দের ডিজাইন তৈরি করতে পারবেন। বাম দিকের ব্লকগুলো টেনে এখানে আনুন।</p>\n              <a href=\"#order\" class=\"bg-emerald-600 text-white px-8 py-3 rounded-lg font-bold hover:bg-emerald-700 transition inline-block\">অর্ডার করুন</a>\n            </div>\n          ","id":"ID8bKtJX8zD1ZMFZ"}],"symbols":[],"themeConfig":{"primaryColor":"#059669","secondaryColor":"#2563eb","fontHeading":"Hind Siliguri","fontBody":"Hind Siliguri"},"html":"<body id=\"iphk\"><div class=\"sticky top-0 left-0 right-0 z-[60] bg-gradient-to-r from-red-600 via-red-500 to-yellow-500 py-3 shadow-lg\"><div class=\"max-w-4xl mx-auto px-4 flex items-center justify-center gap-4 text-white\"><span class=\"text-xl animate-pulse\">⚡</span><span class=\"font-bold text-sm md:text-base uppercase tracking-wider\">অফারটি শেষ হতে আর মাত্র:</span><div class=\"flex items-center gap-2 font-mono font-black text-xl md:text-2xl\"><div class=\"bg-black/20 px-2 rounded\">02</div><span class=\"animate-pulse\">:</span><div class=\"bg-black/20 px-2 rounded\">45</div><span class=\"animate-pulse\">:</span><div class=\"bg-black/20 px-2 rounded text-yellow-300\">12</div></div><span class=\"text-xl animate-pulse\">⚡</span></div></div><header class=\"bg-white border-b border-gray-100 sticky top-0 z-50\"><div class=\"max-w-7xl mx-auto px-4 sm:px-6 h-20 flex items-center justify-between\"><div id=\"ibsba\" class=\"font-black text-2xl flex items-center gap-2\"><span id=\"ieqq9\" class=\"w-8 h-8 text-white rounded-lg flex items-center justify-center\">S</span>\n             STORE\n           </div><nav class=\"hidden md:flex items-center gap-8 font-medium text-gray-600\"><a href=\"#features\" class=\"hover:text-primary transition\">ফিচার</a><a href=\"#reviews\" class=\"hover:text-primary transition\">রিভিউ</a><a href=\"#faq\" class=\"hover:text-primary transition\">প্রশ্নোত্তৰ</a></nav><a href=\"#order\" class=\"bg-gray-900 text-white font-bold px-6 py-3 rounded-xl hover:bg-gray-800 transition\">অর্ডার করুন</a></div></header><section class=\"py-12 md:py-20 bg-gray-50 overflow-hidden\"><div class=\"max-w-7xl mx-auto px-4 sm:px-6 lg:px-8\"><div class=\"grid grid-cols-1 md:grid-cols-2 gap-12 items-center\"><div class=\"order-2 md:order-1 text-center md:text-left\"><div class=\"inline-flex items-center gap-2 px-3 py-1 rounded-full bg-blue-100 text-blue-700 text-xs font-bold mb-6\"><span class=\"w-2 h-2 rounded-full bg-blue-600 animate-pulse\"></span>\n                নতুন কালেকশন ২০২৫\n              </div><h1 class=\"text-4xl md:text-6xl font-black text-gray-900 leading-tight mb-6\">\n                আপনার স্টাইলের নতুন <span class=\"text-transparent bg-clip-text bg-gradient-to-r from-blue-600 to-purple-600 product-name\">সংজ্ঞা</span></h1><p class=\"text-lg text-gray-600 mb-8 leading-relaxed max-w-lg mx-auto md:mx-0\">\n                সেরা মানের মেটেরিয়াল এবং আধুনিক ডিজাইনের সংমিশ্রণ। আজই অর্ডার করুন এবং উপভোগ করুন বিশেষ ছাড়।\n              </p><div id=\"itepj\" class=\"flex flex-col sm:flex-row gap-4 justify-center md:justify-start\"><a href=\"#order\" class=\"px-8 py-4 bg-gray-900 text-white font-bold rounded-xl hover:bg-gray-800 transition transform hover:-translate-y-1 shadow-lg\">\n                  এখনই কিনুন\n                </a><a href=\"https://wa.me/8801XXXXXXXXX\" id=\"inx4i\" class=\"px-8 py-4 bg-white text-emerald-600 border-2 border-emerald-100 font-bold rounded-xl hover:bg-emerald-50 transition flex items-center justify-center gap-2 whatsapp-link shadow-sm\"><svg viewBox=\"0 0 24 24\" width=\"20\" height=\"20\" fill=\"currentColor\"><path d=\"M17.472 14.382c-.297-.149-1.758-.867-2.03-.967-.273-.099-.471-.148-.67.15-.197.297-.767.966-.94 1.164-.173.199-.347.223-.644.075-.297-.15-1.255-.463-2.39-1.475-.883-.788-1.48-1.761-1.653-2.059-.173-.297-.018-.458.13-.606.134-.133.298-.347.446-.52.149-.174.198-.298.298-.497.099-.198.05-.371-.025-.52-.075-.149-.669-1.612-.916-2.207-.242-.579-.487-.5-.669-.51-.173-.008-.371-.01-.57-.01-.198 0-.52.074-.792.372-.272.297-1.04 1.016-1.04 2.479 0 1.462 1.065 2.875 1.213 3.074.149.198 2.096 3.2 5.077 4.487.709.306 1.262.489 1.694.625.712.227 1.36.195 1.871.118.571-.085 1.758-.719 2.006-1.413.248-.694.248-1.289.173-1.413-.074-.124-.272-.198-.57-.347m-5.421 7.403h-.004a9.87 9.87 0 01-5.031-1.378l-.361-.214-3.741.982.998-3.648-.235-.374a9.86 9.86 0 01-1.51-5.26c.001-5.45 4.436-9.884 9.888-9.884 2.64 0 5.122 1.03 6.988 2.898a9.825 9.825 0 012.893 6.994c-.003 5.45-4.437 9.884-9.885 9.884m8.413-18.297A11.815 11.815 0 0012.05 0C5.495 0 .16 5.335.157 11.892c0 2.096.547 4.142 1.588 5.945L.057 24l6.305-1.654a11.882 11.882 0 005.683 1.448h.005c6.554 0 11.89-5.335 11.893-11.893a11.821 11.821 0 00-3.48-8.413z\"></path></svg>\n                  ওয়াটসঅ্যাপ করুন\n                </a></div></div><div class=\"order-1 md:order-2 relative\"><div class=\"absolute inset-0 bg-gradient-to-tr from-blue-200 to-purple-200 rounded-full blur-3xl opacity-30 animate-pulse\"></div><img src=\"https://images.unsplash.com/photo-1542291026-7eec264c27ff?q=80&amp;w=1000&amp;auto=format&amp;fit=crop\" alt=\"Product\" id=\"iyeks\" class=\"relative w-full h-auto rounded-3xl shadow-2xl transform hover:scale-[1.02] transition duration-500\"/><section id=\"i3kdas\" class=\"py-12 px-4 bg-white\"><div class=\"max-w-6xl mx-auto\"><!-- Add your content here --></div></section></div></div></div></section><section id=\"iogrz\" class=\"py-12 bg-gray-50/50\"><div class=\"max-w-6xl mx-auto px-4 grid grid-cols-2 md:grid-cols-4 gap-4 md:gap-8\"><div class=\"bg-white/70 backdrop-blur-xl border border-white/50 p-6 rounded-3xl shadow-xl shadow-gray-200/50 text-center flex flex-col items-center gap-3 transform hover:-translate-y-2 transition duration-500\"><div class=\"w-16 h-16 bg-emerald-50 rounded-2xl flex items-center justify-center text-emerald-600 shadow-inner\"><svg fill=\"none\" stroke=\"currentColor\" viewBox=\"0 0 24 24\" class=\"w-8 h-8\"><path stroke-linecap=\"round\" stroke-linejoin=\"round\" stroke-width=\"2\" d=\"M5 13l4 4L19 7\"></path></svg></div><h3 class=\"font-black text-gray-900 leading-tight\">দ্রুত ডেলিভারি</h3><p class=\"text-xs text-gray-500 font-bold uppercase tracking-tighter\">সারা বাংলাদেশে</p></div><div class=\"bg-white/70 backdrop-blur-xl border border-white/50 p-6 rounded-3xl shadow-xl shadow-gray-200/50 text-center flex flex-col items-center gap-3 transform hover:-translate-y-2 transition duration-500\"><div class=\"w-16 h-16 bg-blue-50 rounded-2xl flex items-center justify-center text-blue-600 shadow-inner\"><svg fill=\"none\" stroke=\"currentColor\" viewBox=\"0 0 24 24\" class=\"w-8 h-8\"><path stroke-linecap=\"round\" stroke-linejoin=\"round\" stroke-width=\"2\" d=\"M17 9V7a2 2 0 00-2-2H5a2 2 0 00-2 2v6a2 2 0 002 2h2m2 4h10a2 2 0 002-2v-6a2 2 0 00-2-2H9a2 2 0 00-2 2v6a2 2 0 002 2zm7-5a2 2 0 11-4 0 2 2 0 014 0z\"></path></svg></div><h3 class=\"font-black text-gray-900 leading-tight\">ক্যাশ অন ডেলিভারি</h3><p class=\"text-xs text-gray-500 font-bold uppercase tracking-tighter\">হাতে পেয়ে পেমেন্ট</p></div><div class=\"bg-white/70 backdrop-blur-xl border border-white/50 p-6 rounded-3xl shadow-xl shadow-gray-200/50 text-center flex flex-col items-center gap-3 transform hover:-translate-y-2 transition duration-500\"><div class=\"w-16 h-16 bg-purple-50 rounded-2xl flex items-center justify-center text-purple-600 shadow-inner\"><svg fill=\"none\" stroke=\"currentColor\" viewBox=\"0 0 24 24\" class=\"w-8 h-8\"><path stroke-linecap=\"round\" stroke-linejoin=\"round\" stroke-width=\"2\" d=\"M9 12l2 2 4-4m5.618-4.016A11.955 11.955 0 0112 2.944a11.955 11.955 0 01-8.618 3.04A12.02 12.02 0 003 9c0 5.591 3.824 10.29 9 11.622 5.176-1.332 9-6.03 9-11.622 0-1.042-.133-2.052-.382-3.016z\"></path></svg></div><h3 class=\"font-black text-gray-900 leading-tight\">১০০% গ্যারান্টি</h3><p class=\"text-xs text-gray-500 font-bold uppercase tracking-tighter\">অরিজিনাল প্রোডাক্ট</p></div><div class=\"bg-white/70 backdrop-blur-xl border border-white/50 p-6 rounded-3xl shadow-xl shadow-gray-200/50 text-center flex flex-col items-center gap-3 transform hover:-translate-y-2 transition duration-500\"><div class=\"w-16 h-16 bg-red-50 rounded-2xl flex items-center justify-center text-red-600 shadow-inner\"><svg fill=\"none\" stroke=\"currentColor\" viewBox=\"0 0 24 24\" class=\"w-8 h-8\"><path stroke-linecap=\"round\" stroke-linejoin=\"round\" stroke-width=\"2\" d=\"M4 4v5h.582m15.356 2A8.001 8.001 0 004.582 9m0 0H9m11 11v-5h-.581m0 0a8.003 8.003 0 01-15.357-2m15.357 2H15\"></path></svg></div><h3 class=\"font-black text-gray-900 leading-tight\">সহজ রিটার্ন</h3><p class=\"text-xs text-gray-500 font-bold uppercase tracking-tighter\">৭ দিনের পলিসি</p></div></div></section><section class=\"py-16 bg-white px-4\"><div class=\"max-w-6xl mx-auto\"><div class=\"grid grid-cols-1 md:grid-cols-3 gap-6 lg:gap-10\"><div class=\"group bg-gradient-to-br from-emerald-50 to-white p-8 rounded-[2.5rem] border border-emerald-100 hover:shadow-2xl hover:shadow-emerald-200/50 transition-all duration-500 text-center\"><div class=\"w-20 h-20 bg-white rounded-3xl shadow-xl shadow-emerald-100 flex items-center justify-center text-4xl mx-auto mb-6 transform group-hover:rotate-12 transition\">🛡️</div><h4 class=\"text-xl font-black text-gray-900 mb-4\">মানি ব্যাক গ্যারান্টি</h4><p class=\"text-gray-600 font-medium leading-relaxed\">পণ্য হাতে পেয়ে কোনো সমস্যা থাকলে আমাদের বলুন, ১০০% রিটার্ন গ্যারান্টি।</p></div><div class=\"group bg-gradient-to-br from-blue-50 to-white p-8 rounded-[2.5rem] border border-blue-100 hover:shadow-2xl hover:shadow-blue-200/50 transition-all duration-500 text-center\"><div class=\"w-20 h-20 bg-white rounded-3xl shadow-xl shadow-blue-100 flex items-center justify-center text-4xl mx-auto mb-6 transform group-hover:rotate-12 transition\">🛵</div><h4 class=\"text-xl font-black text-gray-900 mb-4\">দ্রুত হোম ডেলিভারি</h4><p class=\"text-gray-600 font-medium leading-relaxed\">ঢাকার ভিতরে ২৪ ঘণ্টা এবং সারা বাংলাদেশে মাত্র ২-৩ দিনের ডেলিভারি।</p></div><div class=\"group bg-gradient-to-br from-amber-50 to-white p-8 rounded-[2.5rem] border border-amber-100 hover:shadow-2xl hover:shadow-amber-200/50 transition-all duration-500 text-center\"><div class=\"w-20 h-20 bg-white rounded-3xl shadow-xl shadow-amber-100 flex items-center justify-center text-4xl mx-auto mb-6 transform group-hover:rotate-12 transition\">💎</div><h4 class=\"text-xl font-black text-gray-900 mb-4\">প্রিমিয়াম কোয়ালিটি</h4><p class=\"text-gray-600 font-medium leading-relaxed\">আমরা দিচ্ছি সরাসরি ইম্পোর্টেড হাই কোয়ালিটি পণ্য যা আপনি নিশ্চিত থাকতে পারেন।</p></div></div></div></section><section class=\"py-10 bg-gray-50\"><div class=\"max-w-4xl mx-auto px-6\"><h2 class=\"text-2xl font-bold text-center text-gray-900 mb-8\">আমাদের পণ্যের ভিডিওটি দেখুন</h2><div class=\"relative w-full aspect-video rounded-2xl overflow-hidden shadow-2xl border-4 border-white\"><iframe allowfullscreen=\"\" src=\"https://www.youtube.com/embed/dQw4w9WgXcQ?\" title=\"YouTube video player\" frameborder=\"0\" allow=\"accelerometer; autoplay; clipboard-write; encrypted-media; gyroscope; picture-in-picture\" class=\"absolute inset-0 w-full h-full\"></iframe></div></div></section><section class=\"py-16 bg-slate-900 overflow-hidden\"><div class=\"text-center mb-10 px-4\"><h2 class=\"text-3xl font-bold text-white mb-2\">বিশ্বাস ও ভালোবাসার গল্প</h2><p class=\"text-slate-400\">আমাদের ৫০০০+ হ্যাপি কাস্টমারদের কিছু মতামত</p></div><div class=\"relative w-full\"><div class=\"absolute left-0 top-0 bottom-0 w-20 bg-gradient-to-r from-slate-900 to-transparent z-10\"></div><div class=\"absolute right-0 top-0 bottom-0 w-20 bg-gradient-to-l from-slate-900 to-transparent z-10\"></div><div class=\"flex gap-6 animate-[scroll_20s_linear_infinite] hover:[animation-play-state:paused] w-max px-6\"><!-- Card 1 --><div class=\"w-80 p-6 bg-slate-800 rounded-xl border border-slate-700 flex-shrink-0\"><div class=\"flex text-yellow-400 mb-4\">★★★★★</div><p class=\"text-slate-300 mb-6 italic\">\"প্রোডাক্ট টি হাতে পেয়ে আমি খুবই খুশি। ছবিতে যেমন দেখেছি বাস্তবে ঠিক তেমনই।\"</p><div class=\"flex items-center gap-3\"><div class=\"w-10 h-10 rounded-full bg-blue-500 flex items-center justify-center text-white font-bold\">R</div><div><div class=\"font-bold text-white\">Rakib Hasan</div><div class=\"text-xs text-slate-500\">Dhaka</div></div></div></div><!-- Card 2 --><div class=\"w-80 p-6 bg-slate-800 rounded-xl border border-slate-700 flex-shrink-0\"><div class=\"flex text-yellow-400 mb-4\">★★★★★</div><p class=\"text-slate-300 mb-6 italic\">\"খুবই ফাস্ট ডেলিভারি পেয়েছি। ধন্যবাদ সেলারকে।\"</p><div class=\"flex items-center gap-3\"><div class=\"w-10 h-10 rounded-full bg-emerald-500 flex items-center justify-center text-white font-bold\">S</div><div><div class=\"font-bold text-white\">Sumaiya Akter</div><div class=\"text-xs text-slate-500\">Chittagong</div></div></div></div><!-- Card 3 --><div class=\"w-80 p-6 bg-slate-800 rounded-xl border border-slate-700 flex-shrink-0\"><div class=\"flex text-yellow-400 mb-4\">★★★★★</div><p class=\"text-slate-300 mb-6 italic\">\"কম দামে এত ভালো জিনিস পাবো আশা করিনি। বেস্ট ডিল!\"</p><div class=\"flex items-center gap-3\"><div class=\"w-10 h-10 rounded-full bg-purple-500 flex items-center justify-center text-white font-bold\">J</div><div><div class=\"font-bold text-white\">Jamil Ahmed</div><div class=\"text-xs text-slate-500\">Sylhet</div></div></div></div><!-- Duplicate for loop effect --><div class=\"w-80 p-6 bg-slate-800 rounded-xl border border-slate-700 flex-shrink-0\"><div class=\"flex text-yellow-400 mb-4\">★★★★★</div><p class=\"text-slate-300 mb-6 italic\">\"প্রোডাক্ট টি হাতে পেয়ে আমি খুবই খুশি। ছবিতে যেমন দেখেছি বাস্তবে ঠিক তেমনই।\"</p><div class=\"flex items-center gap-3\"><div class=\"w-10 h-10 rounded-full bg-blue-500 flex items-center justify-center text-white font-bold\">R</div><div><div class=\"font-bold text-white\">Rakib Hasan</div><div class=\"text-xs text-slate-500\">Dhaka</div></div></div></div></div></div></section><section id=\"ix8wdp\" class=\"py-12 bg-gray-50 px-4\"><div class=\"max-w-3xl mx-auto\"><h2 class=\"text-3xl font-bold text-center text-gray-900 mb-8\">সচরাচর জিজ্ঞাসিত প্রশ্ন</h2><div class=\"space-y-4\"><details class=\"group bg-white rounded-2xl shadow-sm border border-gray-200\"><summary id=\"ixy33q\" class=\"flex items-center justify-between p-5 font-bold text-lg cursor-pointer list-none\"><span>ডেলিভারি চার্জ কত?</span><span class=\"transition group-open:rotate-180\"><svg fill=\"none\" height=\"24\" stroke=\"currentColor\" stroke-linecap=\"round\" stroke-linejoin=\"round\" stroke-width=\"2\" viewBox=\"0 0 24 24\" width=\"24\"><polyline points=\"6 9 12 15 18 9\"></polyline></svg></span></summary><div class=\"text-gray-600 px-5 pb-5 leading-relaxed\">\n                   ঢাকার ভিতরে ৭০ টাকা এবং ঢাকার বাইরে ১৩০ টাকা।\n                </div></details><details class=\"group bg-white rounded-2xl shadow-sm border border-gray-200\"><summary id=\"itgrfl\" class=\"flex items-center justify-between p-5 font-bold text-lg cursor-pointer list-none\"><span id=\"i42dds\">পণ্যটি কি আসল?</span><span class=\"transition group-open:rotate-180\"><svg fill=\"none\" height=\"24\" stroke=\"currentColor\" stroke-linecap=\"round\" stroke-linejoin=\"round\" stroke-width=\"2\" viewBox=\"0 0 24 24\" width=\"24\"><polyline points=\"6 9 12 15 18 9\"></polyline></svg></span></summary><div class=\"text-gray-600 px-5 pb-5 leading-relaxed\">\n                   জি, আমরা ১০০% অরিজিনাল পণ্যের গ্যারান্টি দিচ্ছি।\n                </div></details><details class=\"group bg-white rounded-2xl shadow-sm border border-gray-200\"><summary id=\"i3sw1l\" class=\"flex items-center justify-between p-5 font-bold text-lg cursor-pointer list-none\"><span>রিটার্ন পলিসি কি?</span><span class=\"transition group-open:rotate-180\"><svg fill=\"none\" height=\"24\" stroke=\"currentColor\" stroke-linecap=\"round\" stroke-linejoin=\"round\" stroke-width=\"2\" viewBox=\"0 0 24 24\" width=\"24\"><polyline points=\"6 9 12 15 18 9\"></polyline></svg></span></summary><div class=\"text-gray-600 px-5 pb-5 leading-relaxed\">\n                   পণ্য হাতে পাওয়ার পর যদি কোনো সমস্যা থাকে তবে সাথে সাথে রিটার্ন করতে পারবেন।\n                </div></details></div></div></section><section id=\"order\" class=\"py-16 bg-emerald-50/50 px-4\"><div class=\"max-w-6xl mx-auto\"><div class=\"text-center mb-10\"><h2 class=\"text-3xl md:text-5xl font-black text-gray-900 mb-4\">অর্ডার কনফার্ম করুন</h2><p class=\"text-xl text-gray-600 font-medium\">নিচের ফর্মটি পূরণ করুন, আমরা আপনাকে কল করবো</p></div><div id=\"i3x2dh\" class=\"bg-white rounded-[2.5rem] p-6 md:p-12 shadow-2xl shadow-emerald-200/50 border border-gray-100 grid grid-cols-1 lg:grid-cols-2 gap-10 lg:gap-16\"><!-- Product Info Summary --><div class=\"space-y-8\"><div class=\"bg-emerald-50 rounded-3xl p-6 border border-emerald-100 relative overflow-hidden\"><div class=\"flex items-center gap-6\"><div class=\"w-24 h-24 bg-white rounded-2xl overflow-hidden shadow-md flex-shrink-0 p-1\"><img src=\"https://images.unsplash.com/photo-1523275335684-37898b6baf30?w=300&amp;q=80\" class=\"w-full h-full object-cover rounded-xl\"/></div><div><h4 class=\"text-xl font-black text-gray-900 mb-2\">প্রিমিয়াম কোয়ালিটি পণ্য</h4><div class=\"flex items-center gap-3\"><span class=\"text-emerald-600 font-black text-3xl\">৳৯৫০</span><span class=\"text-gray-400 line-through text-lg\">৳১,৯৫০</span></div></div></div></div><div class=\"space-y-4\"><h5 class=\"text-lg font-bold text-gray-800 flex items-center gap-2\"><span class=\"w-2 h-8 bg-emerald-500 rounded-full\"></span>\n                   কেন আপনি আমাদের পণ্যটি কিনবেন?\n                </h5><ul class=\"space-y-3\"><li class=\"flex items-start gap-3 font-medium text-gray-700\"><span class=\"text-emerald-500 text-xl font-bold\">✓</span>\n                    ১০০% অরিজিনাল কালার গ্যারান্টি।\n                  </li><li class=\"flex items-start gap-3 font-medium text-gray-700\"><span class=\"text-emerald-500 text-xl font-bold\">✓</span>\n                    প্রিমিয়াম মেটেরিয়াল দিয়ে তৈরী।\n                  </li><li class=\"flex items-start gap-3 font-medium text-gray-700\"><span class=\"text-emerald-500 text-xl font-bold\">✓</span>\n                    ৭ দিনের রিপ্লেসমেন্ট ওয়ারেন্টি।\n                  </li></ul></div><div class=\"bg-blue-50 p-6 rounded-3xl border border-blue-100 flex items-center gap-4 animate-pulse\"><div class=\"w-12 h-12 bg-white rounded-full flex items-center justify-center text-2xl shadow-sm\">🔥</div><p class=\"text-blue-900 font-bold\">গত ২৪ ঘণ্টায় ১২৫ জন নতুন গ্রাহক অর্ডার করেছেন!</p></div></div><!-- Form --><form method=\"POST\" action=\"/api/create-order\" id=\"inlt74\" class=\"space-y-6\"><div class=\"space-y-2\"><label class=\"block text-sm font-bold text-gray-500 uppercase tracking-widest px-1\">আপনার নাম</label><input type=\"text\" name=\"customer_name\" placeholder=\"নাম লিখুন\" required id=\"i7891i\" class=\"w-full px-6 py-4 rounded-2xl border-2 border-gray-100 focus:border-emerald-500 focus:ring-4 focus:ring-emerald-500/10 outline-none transition\"/></div><div class=\"space-y-2\"><label class=\"block text-sm font-bold text-gray-500 uppercase tracking-widest px-1\">মোবাইল নাম্বার</label><input type=\"tel\" name=\"phone\" placeholder=\"017XXXXXXXX\" required id=\"ibv67k\" class=\"w-full px-6 py-4 rounded-2xl border-2 border-gray-100 focus:border-emerald-500 focus:ring-4 focus:ring-emerald-500/10 outline-none transition\"/></div><div class=\"space-y-2\"><label class=\"block text-sm font-bold text-gray-500 uppercase tracking-widest px-1\">সম্পূর্ণ ঠিকানা</label><textarea name=\"address\" placeholder=\"বাসা নং, রোড, থানা, জেলা লিখুন\" required id=\"iv81xf\" class=\"w-full px-6 py-4 rounded-2xl border-2 border-gray-100 focus:border-emerald-500 focus:ring-4 focus:ring-emerald-500/10 outline-none h-32 transition resize-none\"></textarea></div><div id=\"irj67i\" class=\"bg-gray-50 p-6 rounded-3xl border border-dashed border-gray-300 space-y-3\"><div id=\"iz8hwi\" class=\"flex justify-between items-center text-gray-600 font-medium\"><span>পণ্যের নাম:</span><span class=\"font-bold text-gray-900 text-xl product-name\">প্রিমিয়াম পণ্য</span></div><div class=\"flex justify-between items-center text-emerald-600 font-medium\"><span>ডেলিভারি চার্জ:</span><span class=\"font-bold text-lg\">ফ্রি</span></div><div id=\"i3nh1u\" class=\"pt-3 border-t border-gray-200 flex justify-between items-center text-gray-900\"><span class=\"text-xl font-black\">সর্বমোট মূল্য:</span><span id=\"iv412i\" class=\"text-3xl font-black\">৳2৫০</span></div></div><div class=\"flex flex-col gap-4\"><button type=\"submit\" class=\"w-full bg-gradient-to-r from-emerald-600 to-emerald-500 text-white font-black text-2xl py-6 rounded-3xl shadow-2xl shadow-emerald-200 hover:shadow-emerald-300 hover:scale-[1.02] active:scale-95 transition-all\">অর্ডার কনফার্ম করুন</button><a href=\"https://wa.me/8801XXXXXXXXX\" class=\"w-full bg-white text-emerald-600 border-2 border-emerald-100 font-bold py-4 rounded-3xl flex items-center justify-center gap-2 hover:bg-emerald-50 transition whatsapp-link\"><svg viewBox=\"0 0 24 24\" width=\"24\" height=\"24\" fill=\"currentColor\"><path d=\"M17.472 14.382c-.297-.149-1.758-.867-2.03-.967-.273-.099-.471-.148-.67.15-.197.297-.767.966-.94 1.164-.173.199-.347.223-.644.075-.297-.15-1.255-.463-2.39-1.475-.883-.788-1.48-1.761-1.653-2.059-.173-.297-.018-.458.13-.606.134-.133.298-.347.446-.52.149-.174.198-.298.298-.497.099-.198.05-.371-.025-.52-.075-.149-.669-1.612-.916-2.207-.242-.579-.487-.5-.669-.51-.173-.008-.371-.01-.57-.01-.198 0-.52.074-.792.372-.272.297-1.04 1.016-1.04 2.479 0 1.462 1.065 2.875 1.213 3.074.149.198 2.096 3.2 5.077 4.487.709.306 1.262.489 1.694.625.712.227 1.36.195 1.871.118.571-.085 1.758-.719 2.006-1.413.248-.694.248-1.289.173-1.413-.074-.124-.272-.198-.57-.347m-5.421 7.403h-.004a9.87 9.87 0 01-5.031-1.378l-.361-.214-3.741.982.998-3.648-.235-.374a9.86 9.86 0 01-1.51-5.26c.001-5.45 4.436-9.884 9.888-9.884 2.64 0 5.122 1.03 6.988 2.898a9.825 9.825 0 012.893 6.994c-.003 5.45-4.437 9.884-9.885 9.884m8.413-18.297A11.815 11.815 0 0012.05 0C5.495 0 .16 5.335.157 11.892c0 2.096.547 4.142 1.588 5.945L.057 24l6.305-1.654a11.882 11.882 0 005.683 1.448h.005c6.554 0 11.89-5.335 11.893-11.893a11.821 11.821 0 00-3.48-8.413z\"></path></svg>\n                  সরাসরি কথা বলুন\n                </a></div></form></div></div></section><footer class=\"bg-white border-t border-gray-100 py-12 px-4\"><div class=\"max-w-6xl mx-auto flex flex-col md:flex-row items-center justify-between gap-6\"><div class=\"text-center md:text-left\"><div class=\"font-black text-xl text-gray-900 mb-2\">YOUR STORE</div><p class=\"text-gray-500 text-sm\">© 2024 All rights reserved.</p></div><div class=\"flex gap-4\"><a href=\"#\" class=\"w-10 h-10 bg-gray-100 text-gray-600 rounded-full flex items-center justify-center hover:bg-blue-500 hover:text-white transition\">f</a><a href=\"#\" class=\"w-10 h-10 bg-gray-100 text-gray-600 rounded-full flex items-center justify-center hover:bg-pink-500 hover:text-white transition\">i</a><a href=\"#\" class=\"w-10 h-10 bg-gray-100 text-gray-600 rounded-full flex items-center justify-center hover:bg-red-500 hover:text-white transition\">y</a></div><div class=\"flex gap-6 text-sm font-medium text-gray-600\"><a href=\"#\" class=\"hover:text-primary\">Terms</a><a href=\"#\" class=\"hover:text-primary\">Privacy</a><a href=\"#\" class=\"hover:text-primary\">Refund Policy</a></div></div></footer></body>","css":"* { box-sizing: border-box; } body {margin: 0;}:root{--bg:#0b1220;--card:rgba(255,255,255,.08);--stroke:rgba(255,255,255,.14);--text:rgba(255,255,255,.92);--muted:rgba(255,255,255,.72);--brand:#14b8a6;--brand2:#f59e0b;--ok:#22c55e;--shadow:0 18px 60px rgba(0,0,0,.35);--radius:18px;--max:1120px;}*{box-sizing:border-box;}html{scroll-behavior:smooth;}body{margin-top:0px;margin-right:0px;margin-bottom:0px;margin-left:0px;font-family:ui-sans-serif, system-ui, -apple-system, \"Segoe UI\", Roboto, Helvetica, Arial, \"Noto Sans\", \"Apple Color Emoji\", \"Segoe UI Emoji\";color:var(--text);line-height:1.55;}a{color:inherit;text-decoration-line:none;text-decoration-thickness:initial;text-decoration-style:initial;text-decoration-color:initial;}.nav-links a{color:var(--muted);padding-top:8px;padding-right:10px;padding-bottom:8px;padding-left:10px;border-top-left-radius:10px;border-top-right-radius:10px;border-bottom-right-radius:10px;border-bottom-left-radius:10px;border-top-width:1px;border-right-width:1px;border-bottom-width:1px;border-left-width:1px;border-top-style:solid;border-right-style:solid;border-bottom-style:solid;border-left-style:solid;border-top-color:transparent;border-right-color:transparent;border-bottom-color:transparent;border-left-color:transparent;border-image-source:initial;border-image-slice:initial;border-image-width:initial;border-image-outset:initial;border-image-repeat:initial;}.nav-links a:hover{color:var(--text);border-top-color:rgba(255, 255, 255, 0.12);border-right-color:rgba(255, 255, 255, 0.12);border-bottom-color:rgba(255, 255, 255, 0.12);border-left-color:rgba(255, 255, 255, 0.12);background-image:initial;background-position-x:initial;background-position-y:initial;background-size:initial;background-repeat:initial;background-attachment:initial;background-origin:initial;background-clip:initial;background-color:rgba(255, 255, 255, 0.04);}.badge .dot{width:9px;height:9px;border-top-left-radius:999px;border-top-right-radius:999px;border-bottom-right-radius:999px;border-bottom-left-radius:999px;box-shadow:rgba(34, 197, 94, 0.18) 0px 0px 0px 4px;}h1{margin-top:0px;margin-right:0px;margin-bottom:10px;margin-left:0px;font-size:clamp(28px, 4vw, 44px);line-height:1.12;letter-spacing:0.2px;}.hero-card img{width:100%;height:260px;object-fit:cover;display:block;filter:saturate(1.05) contrast(1.05);}.hero-card .overlay{position:absolute;top:0px;right:0px;bottom:0px;left:0px;background-image:linear-gradient(to top, rgba(11, 18, 32, 0.88), rgba(11, 18, 32, 0.15) 60%, transparent);background-position-x:initial;background-position-y:initial;background-size:initial;background-repeat:initial;background-attachment:initial;background-origin:initial;background-clip:initial;background-color:initial;pointer-events:none;}.hero-card .info{position:absolute;left:16px;right:16px;bottom:16px;display:grid;row-gap:10px;column-gap:10px;}.price-pill strong{font-size:16px;}.price-pill span{color:var(--muted);font-weight:700;}.mini .chip{padding-top:10px;padding-right:10px;padding-bottom:10px;padding-left:10px;border-top-left-radius:14px;border-top-right-radius:14px;border-bottom-right-radius:14px;border-bottom-left-radius:14px;border-top-width:1px;border-right-width:1px;border-bottom-width:1px;border-left-width:1px;border-top-style:solid;border-right-style:solid;border-bottom-style:solid;border-left-style:solid;border-top-color:rgba(255, 255, 255, 0.12);border-right-color:rgba(255, 255, 255, 0.12);border-bottom-color:rgba(255, 255, 255, 0.12);border-left-color:rgba(255, 255, 255, 0.12);border-image-source:initial;border-image-slice:initial;border-image-width:initial;border-image-outset:initial;border-image-repeat:initial;background-image:initial;background-position-x:initial;background-position-y:initial;background-size:initial;background-repeat:initial;background-attachment:initial;background-origin:initial;background-clip:initial;background-color:rgba(255, 255, 255, 0.06);text-align:center;font-weight:800;font-size:13px;color:rgba(255, 255, 255, 0.86);}.mini .chip small{display:block;font-weight:700;color:var(--muted);margin-top:2px;}section{padding-top:26px;padding-right:0px;padding-bottom:26px;padding-left:0px;}.section-title h2{margin-top:0px;margin-right:0px;margin-bottom:0px;margin-left:0px;font-size:clamp(20px, 2.4vw, 28px);letter-spacing:0.2px;}.section-title p{margin-top:0px;margin-right:0px;margin-bottom:0px;margin-left:0px;color:var(--muted);max-width:70ch;}.card h3{margin-top:0px;margin-right:0px;margin-bottom:6px;margin-left:0px;font-size:18px;}.card p{margin-top:0px;margin-right:0px;margin-bottom:0px;margin-left:0px;color:var(--muted);}.price-card .tag{position:absolute;top:14px;right:14px;font-size:12px;font-weight:900;padding-top:6px;padding-right:10px;padding-bottom:6px;padding-left:10px;border-top-left-radius:999px;border-top-right-radius:999px;border-bottom-right-radius:999px;border-bottom-left-radius:999px;background-image:initial;background-position-x:initial;background-position-y:initial;background-size:initial;background-repeat:initial;background-attachment:initial;background-origin:initial;background-clip:initial;background-color:rgba(245, 158, 11, 0.18);border-top-width:1px;border-right-width:1px;border-bottom-width:1px;border-left-width:1px;border-top-style:solid;border-right-style:solid;border-bottom-style:solid;border-left-style:solid;border-top-color:rgba(245, 158, 11, 0.25);border-right-color:rgba(245, 158, 11, 0.25);border-bottom-color:rgba(245, 158, 11, 0.25);border-left-color:rgba(245, 158, 11, 0.25);border-image-source:initial;border-image-slice:initial;border-image-width:initial;border-image-outset:initial;border-image-repeat:initial;color:rgba(255, 255, 255, 0.92);}ul{margin-top:10px;margin-right:0px;margin-bottom:0px;margin-left:0px;padding-top:0px;padding-right:0px;padding-bottom:0px;padding-left:0px;list-style-position:initial;list-style-image:initial;list-style-type:none;}li{display:flex;row-gap:10px;column-gap:10px;align-items:flex-start;color:var(--muted);margin-top:8px;margin-right:0px;margin-bottom:8px;margin-left:0px;}form{display:grid;row-gap:10px;column-gap:10px;}label{font-weight:800;color:rgba(255, 255, 255, 0.85);font-size:13px;}input, textarea, select{width:100%;padding-top:12px;padding-right:12px;padding-bottom:12px;padding-left:12px;border-top-left-radius:12px;border-top-right-radius:12px;border-bottom-right-radius:12px;border-bottom-left-radius:12px;border-top-width:1px;border-right-width:1px;border-bottom-width:1px;border-left-width:1px;border-top-style:solid;border-right-style:solid;border-bottom-style:solid;border-left-style:solid;border-top-color:rgba(255, 255, 255, 0.14);border-right-color:rgba(255, 255, 255, 0.14);border-bottom-color:rgba(255, 255, 255, 0.14);border-left-color:rgba(255, 255, 255, 0.14);border-image-source:initial;border-image-slice:initial;border-image-width:initial;border-image-outset:initial;border-image-repeat:initial;background-image:initial;background-position-x:initial;background-position-y:initial;background-size:initial;background-repeat:initial;background-attachment:initial;background-origin:initial;background-clip:initial;background-color:rgba(2, 6, 23, 0.35);color:var(--text);outline-color:initial;outline-style:none;outline-width:initial;}input:focus, textarea:focus, select:focus{border-top-color:rgba(20, 184, 166, 0.55);border-right-color:rgba(20, 184, 166, 0.55);border-bottom-color:rgba(20, 184, 166, 0.55);border-left-color:rgba(20, 184, 166, 0.55);box-shadow:rgba(20, 184, 166, 0.12) 0px 0px 0px 4px;}textarea{min-height:92px;resize:vertical;}footer{padding-top:26px;padding-right:0px;padding-bottom:40px;padding-left:0px;color:var(--muted);}#ibsba{color:#ff0000;}#ieqq9{background-color:#ff0000;}#iv412i{color:#22c55e;}#ix8wdp{background-color:#fafafa;}#ixy33q{background-color:#080808;}#i42dds{background-color:#0d0c0c;}#i3sw1l{background-color:#080808;}#itgrfl{background-color:#050505;}#i7891i{background-color:#fcfcfc;}#ibv67k{background-color:#fefbfb;}#iv81xf{background-color:#ffffff;color:#000000;border:1px solid #000000;}@keyframes bounce-slow{0%, 100%{transform:translateY(0px);}50%{transform:translateY(-10px);}0%, 100%{transform:translateY(0px);}50%{transform:translateY(-10px);}0%, 100%{transform:translateY(0px);}50%{transform:translateY(-10px);}}@keyframes scroll{0%{transform:translateX(0px);}100%{transform:translateX(-50%);}}","publish":true}',replace('<body id="iphk"><div class="sticky top-0 left-0 right-0 z-[60] bg-gradient-to-r from-red-600 via-red-500 to-yellow-500 py-3 shadow-lg"><div class="max-w-4xl mx-auto px-4 flex items-center justify-center gap-4 text-white"><span class="text-xl animate-pulse">⚡</span><span class="font-bold text-sm md:text-base uppercase tracking-wider">অফারটি শেষ হতে আর মাত্র:</span><div class="flex items-center gap-2 font-mono font-black text-xl md:text-2xl"><div class="bg-black/20 px-2 rounded">02</div><span class="animate-pulse">:</span><div class="bg-black/20 px-2 rounded">45</div><span class="animate-pulse">:</span><div class="bg-black/20 px-2 rounded text-yellow-300">12</div></div><span class="text-xl animate-pulse">⚡</span></div></div><header class="bg-white border-b border-gray-100 sticky top-0 z-50"><div class="max-w-7xl mx-auto px-4 sm:px-6 h-20 flex items-center justify-between"><div id="ibsba" class="font-black text-2xl flex items-center gap-2"><span id="ieqq9" class="w-8 h-8 text-white rounded-lg flex items-center justify-center">S</span>\n             STORE\n           </div><nav class="hidden md:flex items-center gap-8 font-medium text-gray-600"><a href="#features" class="hover:text-primary transition">ফিচার</a><a href="#reviews" class="hover:text-primary transition">রিভিউ</a><a href="#faq" class="hover:text-primary transition">প্রশ্নোত্তৰ</a></nav><a href="#order" class="bg-gray-900 text-white font-bold px-6 py-3 rounded-xl hover:bg-gray-800 transition">অর্ডার করুন</a></div></header><section class="py-12 md:py-20 bg-gray-50 overflow-hidden"><div class="max-w-7xl mx-auto px-4 sm:px-6 lg:px-8"><div class="grid grid-cols-1 md:grid-cols-2 gap-12 items-center"><div class="order-2 md:order-1 text-center md:text-left"><div class="inline-flex items-center gap-2 px-3 py-1 rounded-full bg-blue-100 text-blue-700 text-xs font-bold mb-6"><span class="w-2 h-2 rounded-full bg-blue-600 animate-pulse"></span>\n                নতুন কালেকশন ২০২৫\n              </div><h1 class="text-4xl md:text-6xl font-black text-gray-900 leading-tight mb-6">\n                আপনার স্টাইলের নতুন <span class="text-transparent bg-clip-text bg-gradient-to-r from-blue-600 to-purple-600 product-name">সংজ্ঞা</span></h1><p class="text-lg text-gray-600 mb-8 leading-relaxed max-w-lg mx-auto md:mx-0">\n                সেরা মানের মেটেরিয়াল এবং আধুনিক ডিজাইনের সংমিশ্রণ। আজই অর্ডার করুন এবং উপভোগ করুন বিশেষ ছাড়।\n              </p><div id="itepj" class="flex flex-col sm:flex-row gap-4 justify-center md:justify-start"><a href="#order" class="px-8 py-4 bg-gray-900 text-white font-bold rounded-xl hover:bg-gray-800 transition transform hover:-translate-y-1 shadow-lg">\n                  এখনই কিনুন\n                </a><a href="https://wa.me/8801XXXXXXXXX" id="inx4i" class="px-8 py-4 bg-white text-emerald-600 border-2 border-emerald-100 font-bold rounded-xl hover:bg-emerald-50 transition flex items-center justify-center gap-2 whatsapp-link shadow-sm"><svg viewBox="0 0 24 24" width="20" height="20" fill="currentColor"><path d="M17.472 14.382c-.297-.149-1.758-.867-2.03-.967-.273-.099-.471-.148-.67.15-.197.297-.767.966-.94 1.164-.173.199-.347.223-.644.075-.297-.15-1.255-.463-2.39-1.475-.883-.788-1.48-1.761-1.653-2.059-.173-.297-.018-.458.13-.606.134-.133.298-.347.446-.52.149-.174.198-.298.298-.497.099-.198.05-.371-.025-.52-.075-.149-.669-1.612-.916-2.207-.242-.579-.487-.5-.669-.51-.173-.008-.371-.01-.57-.01-.198 0-.52.074-.792.372-.272.297-1.04 1.016-1.04 2.479 0 1.462 1.065 2.875 1.213 3.074.149.198 2.096 3.2 5.077 4.487.709.306 1.262.489 1.694.625.712.227 1.36.195 1.871.118.571-.085 1.758-.719 2.006-1.413.248-.694.248-1.289.173-1.413-.074-.124-.272-.198-.57-.347m-5.421 7.403h-.004a9.87 9.87 0 01-5.031-1.378l-.361-.214-3.741.982.998-3.648-.235-.374a9.86 9.86 0 01-1.51-5.26c.001-5.45 4.436-9.884 9.888-9.884 2.64 0 5.122 1.03 6.988 2.898a9.825 9.825 0 012.893 6.994c-.003 5.45-4.437 9.884-9.885 9.884m8.413-18.297A11.815 11.815 0 0012.05 0C5.495 0 .16 5.335.157 11.892c0 2.096.547 4.142 1.588 5.945L.057 24l6.305-1.654a11.882 11.882 0 005.683 1.448h.005c6.554 0 11.89-5.335 11.893-11.893a11.821 11.821 0 00-3.48-8.413z"></path></svg>\n                  ওয়াটসঅ্যাপ করুন\n                </a></div></div><div class="order-1 md:order-2 relative"><div class="absolute inset-0 bg-gradient-to-tr from-blue-200 to-purple-200 rounded-full blur-3xl opacity-30 animate-pulse"></div><img src="https://images.unsplash.com/photo-1542291026-7eec264c27ff?q=80&amp;w=1000&amp;auto=format&amp;fit=crop" alt="Product" id="iyeks" class="relative w-full h-auto rounded-3xl shadow-2xl transform hover:scale-[1.02] transition duration-500"/><section id="i3kdas" class="py-12 px-4 bg-white"><div class="max-w-6xl mx-auto"><!-- Add your content here --></div></section></div></div></div></section><section id="iogrz" class="py-12 bg-gray-50/50"><div class="max-w-6xl mx-auto px-4 grid grid-cols-2 md:grid-cols-4 gap-4 md:gap-8"><div class="bg-white/70 backdrop-blur-xl border border-white/50 p-6 rounded-3xl shadow-xl shadow-gray-200/50 text-center flex flex-col items-center gap-3 transform hover:-translate-y-2 transition duration-500"><div class="w-16 h-16 bg-emerald-50 rounded-2xl flex items-center justify-center text-emerald-600 shadow-inner"><svg fill="none" stroke="currentColor" viewBox="0 0 24 24" class="w-8 h-8"><path stroke-linecap="round" stroke-linejoin="round" stroke-width="2" d="M5 13l4 4L19 7"></path></svg></div><h3 class="font-black text-gray-900 leading-tight">দ্রুত ডেলিভারি</h3><p class="text-xs text-gray-500 font-bold uppercase tracking-tighter">সারা বাংলাদেশে</p></div><div class="bg-white/70 backdrop-blur-xl border border-white/50 p-6 rounded-3xl shadow-xl shadow-gray-200/50 text-center flex flex-col items-center gap-3 transform hover:-translate-y-2 transition duration-500"><div class="w-16 h-16 bg-blue-50 rounded-2xl flex items-center justify-center text-blue-600 shadow-inner"><svg fill="none" stroke="currentColor" viewBox="0 0 24 24" class="w-8 h-8"><path stroke-linecap="round" stroke-linejoin="round" stroke-width="2" d="M17 9V7a2 2 0 00-2-2H5a2 2 0 00-2 2v6a2 2 0 002 2h2m2 4h10a2 2 0 002-2v-6a2 2 0 00-2-2H9a2 2 0 00-2 2v6a2 2 0 002 2zm7-5a2 2 0 11-4 0 2 2 0 014 0z"></path></svg></div><h3 class="font-black text-gray-900 leading-tight">ক্যাশ অন ডেলিভারি</h3><p class="text-xs text-gray-500 font-bold uppercase tracking-tighter">হাতে পেয়ে পেমেন্ট</p></div><div class="bg-white/70 backdrop-blur-xl border border-white/50 p-6 rounded-3xl shadow-xl shadow-gray-200/50 text-center flex flex-col items-center gap-3 transform hover:-translate-y-2 transition duration-500"><div class="w-16 h-16 bg-purple-50 rounded-2xl flex items-center justify-center text-purple-600 shadow-inner"><svg fill="none" stroke="currentColor" viewBox="0 0 24 24" class="w-8 h-8"><path stroke-linecap="round" stroke-linejoin="round" stroke-width="2" d="M9 12l2 2 4-4m5.618-4.016A11.955 11.955 0 0112 2.944a11.955 11.955 0 01-8.618 3.04A12.02 12.02 0 003 9c0 5.591 3.824 10.29 9 11.622 5.176-1.332 9-6.03 9-11.622 0-1.042-.133-2.052-.382-3.016z"></path></svg></div><h3 class="font-black text-gray-900 leading-tight">১০০% গ্যারান্টি</h3><p class="text-xs text-gray-500 font-bold uppercase tracking-tighter">অরিজিনাল প্রোডাক্ট</p></div><div class="bg-white/70 backdrop-blur-xl border border-white/50 p-6 rounded-3xl shadow-xl shadow-gray-200/50 text-center flex flex-col items-center gap-3 transform hover:-translate-y-2 transition duration-500"><div class="w-16 h-16 bg-red-50 rounded-2xl flex items-center justify-center text-red-600 shadow-inner"><svg fill="none" stroke="currentColor" viewBox="0 0 24 24" class="w-8 h-8"><path stroke-linecap="round" stroke-linejoin="round" stroke-width="2" d="M4 4v5h.582m15.356 2A8.001 8.001 0 004.582 9m0 0H9m11 11v-5h-.581m0 0a8.003 8.003 0 01-15.357-2m15.357 2H15"></path></svg></div><h3 class="font-black text-gray-900 leading-tight">সহজ রিটার্ন</h3><p class="text-xs text-gray-500 font-bold uppercase tracking-tighter">৭ দিনের পলিসি</p></div></div></section><section class="py-16 bg-white px-4"><div class="max-w-6xl mx-auto"><div class="grid grid-cols-1 md:grid-cols-3 gap-6 lg:gap-10"><div class="group bg-gradient-to-br from-emerald-50 to-white p-8 rounded-[2.5rem] border border-emerald-100 hover:shadow-2xl hover:shadow-emerald-200/50 transition-all duration-500 text-center"><div class="w-20 h-20 bg-white rounded-3xl shadow-xl shadow-emerald-100 flex items-center justify-center text-4xl mx-auto mb-6 transform group-hover:rotate-12 transition">🛡️</div><h4 class="text-xl font-black text-gray-900 mb-4">মানি ব্যাক গ্যারান্টি</h4><p class="text-gray-600 font-medium leading-relaxed">পণ্য হাতে পেয়ে কোনো সমস্যা থাকলে আমাদের বলুন, ১০০% রিটার্ন গ্যারান্টি।</p></div><div class="group bg-gradient-to-br from-blue-50 to-white p-8 rounded-[2.5rem] border border-blue-100 hover:shadow-2xl hover:shadow-blue-200/50 transition-all duration-500 text-center"><div class="w-20 h-20 bg-white rounded-3xl shadow-xl shadow-blue-100 flex items-center justify-center text-4xl mx-auto mb-6 transform group-hover:rotate-12 transition">🛵</div><h4 class="text-xl font-black text-gray-900 mb-4">দ্রুত হোম ডেলিভারি</h4><p class="text-gray-600 font-medium leading-relaxed">ঢাকার ভিতরে ২৪ ঘণ্টা এবং সারা বাংলাদেশে মাত্র ২-৩ দিনের ডেলিভারি।</p></div><div class="group bg-gradient-to-br from-amber-50 to-white p-8 rounded-[2.5rem] border border-amber-100 hover:shadow-2xl hover:shadow-amber-200/50 transition-all duration-500 text-center"><div class="w-20 h-20 bg-white rounded-3xl shadow-xl shadow-amber-100 flex items-center justify-center text-4xl mx-auto mb-6 transform group-hover:rotate-12 transition">💎</div><h4 class="text-xl font-black text-gray-900 mb-4">প্রিমিয়াম কোয়ালিটি</h4><p class="text-gray-600 font-medium leading-relaxed">আমরা দিচ্ছি সরাসরি ইম্পোর্টেড হাই কোয়ালিটি পণ্য যা আপনি নিশ্চিত থাকতে পারেন।</p></div></div></div></section><section class="py-10 bg-gray-50"><div class="max-w-4xl mx-auto px-6"><h2 class="text-2xl font-bold text-center text-gray-900 mb-8">আমাদের পণ্যের ভিডিওটি দেখুন</h2><div class="relative w-full aspect-video rounded-2xl overflow-hidden shadow-2xl border-4 border-white"><iframe allowfullscreen="" src="https://www.youtube.com/embed/dQw4w9WgXcQ?" title="YouTube video player" frameborder="0" allow="accelerometer; autoplay; clipboard-write; encrypted-media; gyroscope; picture-in-picture" class="absolute inset-0 w-full h-full"></iframe></div></div></section><section class="py-16 bg-slate-900 overflow-hidden"><div class="text-center mb-10 px-4"><h2 class="text-3xl font-bold text-white mb-2">বিশ্বাস ও ভালোবাসার গল্প</h2><p class="text-slate-400">আমাদের ৫০০০+ হ্যাপি কাস্টমারদের কিছু মতামত</p></div><div class="relative w-full"><div class="absolute left-0 top-0 bottom-0 w-20 bg-gradient-to-r from-slate-900 to-transparent z-10"></div><div class="absolute right-0 top-0 bottom-0 w-20 bg-gradient-to-l from-slate-900 to-transparent z-10"></div><div class="flex gap-6 animate-[scroll_20s_linear_infinite] hover:[animation-play-state:paused] w-max px-6"><!-- Card 1 --><div class="w-80 p-6 bg-slate-800 rounded-xl border border-slate-700 flex-shrink-0"><div class="flex text-yellow-400 mb-4">★★★★★</div><p class="text-slate-300 mb-6 italic">"প্রোডাক্ট টি হাতে পেয়ে আমি খুবই খুশি। ছবিতে যেমন দেখেছি বাস্তবে ঠিক তেমনই।"</p><div class="flex items-center gap-3"><div class="w-10 h-10 rounded-full bg-blue-500 flex items-center justify-center text-white font-bold">R</div><div><div class="font-bold text-white">Rakib Hasan</div><div class="text-xs text-slate-500">Dhaka</div></div></div></div><!-- Card 2 --><div class="w-80 p-6 bg-slate-800 rounded-xl border border-slate-700 flex-shrink-0"><div class="flex text-yellow-400 mb-4">★★★★★</div><p class="text-slate-300 mb-6 italic">"খুবই ফাস্ট ডেলিভারি পেয়েছি। ধন্যবাদ সেলারকে।"</p><div class="flex items-center gap-3"><div class="w-10 h-10 rounded-full bg-emerald-500 flex items-center justify-center text-white font-bold">S</div><div><div class="font-bold text-white">Sumaiya Akter</div><div class="text-xs text-slate-500">Chittagong</div></div></div></div><!-- Card 3 --><div class="w-80 p-6 bg-slate-800 rounded-xl border border-slate-700 flex-shrink-0"><div class="flex text-yellow-400 mb-4">★★★★★</div><p class="text-slate-300 mb-6 italic">"কম দামে এত ভালো জিনিস পাবো আশা করিনি। বেস্ট ডিল!"</p><div class="flex items-center gap-3"><div class="w-10 h-10 rounded-full bg-purple-500 flex items-center justify-center text-white font-bold">J</div><div><div class="font-bold text-white">Jamil Ahmed</div><div class="text-xs text-slate-500">Sylhet</div></div></div></div><!-- Duplicate for loop effect --><div class="w-80 p-6 bg-slate-800 rounded-xl border border-slate-700 flex-shrink-0"><div class="flex text-yellow-400 mb-4">★★★★★</div><p class="text-slate-300 mb-6 italic">"প্রোডাক্ট টি হাতে পেয়ে আমি খুবই খুশি। ছবিতে যেমন দেখেছি বাস্তবে ঠিক তেমনই।"</p><div class="flex items-center gap-3"><div class="w-10 h-10 rounded-full bg-blue-500 flex items-center justify-center text-white font-bold">R</div><div><div class="font-bold text-white">Rakib Hasan</div><div class="text-xs text-slate-500">Dhaka</div></div></div></div></div></div></section><section id="ix8wdp" class="py-12 bg-gray-50 px-4"><div class="max-w-3xl mx-auto"><h2 class="text-3xl font-bold text-center text-gray-900 mb-8">সচরাচর জিজ্ঞাসিত প্রশ্ন</h2><div class="space-y-4"><details class="group bg-white rounded-2xl shadow-sm border border-gray-200"><summary id="ixy33q" class="flex items-center justify-between p-5 font-bold text-lg cursor-pointer list-none"><span>ডেলিভারি চার্জ কত?</span><span class="transition group-open:rotate-180"><svg fill="none" height="24" stroke="currentColor" stroke-linecap="round" stroke-linejoin="round" stroke-width="2" viewBox="0 0 24 24" width="24"><polyline points="6 9 12 15 18 9"></polyline></svg></span></summary><div class="text-gray-600 px-5 pb-5 leading-relaxed">\n                   ঢাকার ভিতরে ৭০ টাকা এবং ঢাকার বাইরে ১৩০ টাকা।\n                </div></details><details class="group bg-white rounded-2xl shadow-sm border border-gray-200"><summary id="itgrfl" class="flex items-center justify-between p-5 font-bold text-lg cursor-pointer list-none"><span id="i42dds">পণ্যটি কি আসল?</span><span class="transition group-open:rotate-180"><svg fill="none" height="24" stroke="currentColor" stroke-linecap="round" stroke-linejoin="round" stroke-width="2" viewBox="0 0 24 24" width="24"><polyline points="6 9 12 15 18 9"></polyline></svg></span></summary><div class="text-gray-600 px-5 pb-5 leading-relaxed">\n                   জি, আমরা ১০০% অরিজিনাল পণ্যের গ্যারান্টি দিচ্ছি।\n                </div></details><details class="group bg-white rounded-2xl shadow-sm border border-gray-200"><summary id="i3sw1l" class="flex items-center justify-between p-5 font-bold text-lg cursor-pointer list-none"><span>রিটার্ন পলিসি কি?</span><span class="transition group-open:rotate-180"><svg fill="none" height="24" stroke="currentColor" stroke-linecap="round" stroke-linejoin="round" stroke-width="2" viewBox="0 0 24 24" width="24"><polyline points="6 9 12 15 18 9"></polyline></svg></span></summary><div class="text-gray-600 px-5 pb-5 leading-relaxed">\n                   পণ্য হাতে পাওয়ার পর যদি কোনো সমস্যা থাকে তবে সাথে সাথে রিটার্ন করতে পারবেন।\n                </div></details></div></div></section><section id="order" class="py-16 bg-emerald-50/50 px-4"><div class="max-w-6xl mx-auto"><div class="text-center mb-10"><h2 class="text-3xl md:text-5xl font-black text-gray-900 mb-4">অর্ডার কনফার্ম করুন</h2><p class="text-xl text-gray-600 font-medium">নিচের ফর্মটি পূরণ করুন, আমরা আপনাকে কল করবো</p></div><div id="i3x2dh" class="bg-white rounded-[2.5rem] p-6 md:p-12 shadow-2xl shadow-emerald-200/50 border border-gray-100 grid grid-cols-1 lg:grid-cols-2 gap-10 lg:gap-16"><!-- Product Info Summary --><div class="space-y-8"><div class="bg-emerald-50 rounded-3xl p-6 border border-emerald-100 relative overflow-hidden"><div class="flex items-center gap-6"><div class="w-24 h-24 bg-white rounded-2xl overflow-hidden shadow-md flex-shrink-0 p-1"><img src="https://images.unsplash.com/photo-1523275335684-37898b6baf30?w=300&amp;q=80" class="w-full h-full object-cover rounded-xl"/></div><div><h4 class="text-xl font-black text-gray-900 mb-2">প্রিমিয়াম কোয়ালিটি পণ্য</h4><div class="flex items-center gap-3"><span class="text-emerald-600 font-black text-3xl">৳৯৫০</span><span class="text-gray-400 line-through text-lg">৳১,৯৫০</span></div></div></div></div><div class="space-y-4"><h5 class="text-lg font-bold text-gray-800 flex items-center gap-2"><span class="w-2 h-8 bg-emerald-500 rounded-full"></span>\n                   কেন আপনি আমাদের পণ্যটি কিনবেন?\n                </h5><ul class="space-y-3"><li class="flex items-start gap-3 font-medium text-gray-700"><span class="text-emerald-500 text-xl font-bold">✓</span>\n                    ১০০% অরিজিনাল কালার গ্যারান্টি।\n                  </li><li class="flex items-start gap-3 font-medium text-gray-700"><span class="text-emerald-500 text-xl font-bold">✓</span>\n                    প্রিমিয়াম মেটেরিয়াল দিয়ে তৈরী।\n                  </li><li class="flex items-start gap-3 font-medium text-gray-700"><span class="text-emerald-500 text-xl font-bold">✓</span>\n                    ৭ দিনের রিপ্লেসমেন্ট ওয়ারেন্টি।\n                  </li></ul></div><div class="bg-blue-50 p-6 rounded-3xl border border-blue-100 flex items-center gap-4 animate-pulse"><div class="w-12 h-12 bg-white rounded-full flex items-center justify-center text-2xl shadow-sm">🔥</div><p class="text-blue-900 font-bold">গত ২৪ ঘণ্টায় ১২৫ জন নতুন গ্রাহক অর্ডার করেছেন!</p></div></div><!-- Form --><form method="POST" action="/api/create-order" id="inlt74" class="space-y-6"><div class="space-y-2"><label class="block text-sm font-bold text-gray-500 uppercase tracking-widest px-1">আপনার নাম</label><input type="text" name="customer_name" placeholder="নাম লিখুন" required id="i7891i" class="w-full px-6 py-4 rounded-2xl border-2 border-gray-100 focus:border-emerald-500 focus:ring-4 focus:ring-emerald-500/10 outline-none transition"/></div><div class="space-y-2"><label class="block text-sm font-bold text-gray-500 uppercase tracking-widest px-1">মোবাইল নাম্বার</label><input type="tel" name="phone" placeholder="017XXXXXXXX" required id="ibv67k" class="w-full px-6 py-4 rounded-2xl border-2 border-gray-100 focus:border-emerald-500 focus:ring-4 focus:ring-emerald-500/10 outline-none transition"/></div><div class="space-y-2"><label class="block text-sm font-bold text-gray-500 uppercase tracking-widest px-1">সম্পূর্ণ ঠিকানা</label><textarea name="address" placeholder="বাসা নং, রোড, থানা, জেলা লিখুন" required id="iv81xf" class="w-full px-6 py-4 rounded-2xl border-2 border-gray-100 focus:border-emerald-500 focus:ring-4 focus:ring-emerald-500/10 outline-none h-32 transition resize-none"></textarea></div><div id="irj67i" class="bg-gray-50 p-6 rounded-3xl border border-dashed border-gray-300 space-y-3"><div id="iz8hwi" class="flex justify-between items-center text-gray-600 font-medium"><span>পণ্যের নাম:</span><span class="font-bold text-gray-900 text-xl product-name">প্রিমিয়াম পণ্য</span></div><div class="flex justify-between items-center text-emerald-600 font-medium"><span>ডেলিভারি চার্জ:</span><span class="font-bold text-lg">ফ্রি</span></div><div id="i3nh1u" class="pt-3 border-t border-gray-200 flex justify-between items-center text-gray-900"><span class="text-xl font-black">সর্বমোট মূল্য:</span><span id="iv412i" class="text-3xl font-black">৳2৫০</span></div></div><div class="flex flex-col gap-4"><button type="submit" class="w-full bg-gradient-to-r from-emerald-600 to-emerald-500 text-white font-black text-2xl py-6 rounded-3xl shadow-2xl shadow-emerald-200 hover:shadow-emerald-300 hover:scale-[1.02] active:scale-95 transition-all">অর্ডার কনফার্ম করুন</button><a href="https://wa.me/8801XXXXXXXXX" class="w-full bg-white text-emerald-600 border-2 border-emerald-100 font-bold py-4 rounded-3xl flex items-center justify-center gap-2 hover:bg-emerald-50 transition whatsapp-link"><svg viewBox="0 0 24 24" width="24" height="24" fill="currentColor"><path d="M17.472 14.382c-.297-.149-1.758-.867-2.03-.967-.273-.099-.471-.148-.67.15-.197.297-.767.966-.94 1.164-.173.199-.347.223-.644.075-.297-.15-1.255-.463-2.39-1.475-.883-.788-1.48-1.761-1.653-2.059-.173-.297-.018-.458.13-.606.134-.133.298-.347.446-.52.149-.174.198-.298.298-.497.099-.198.05-.371-.025-.52-.075-.149-.669-1.612-.916-2.207-.242-.579-.487-.5-.669-.51-.173-.008-.371-.01-.57-.01-.198 0-.52.074-.792.372-.272.297-1.04 1.016-1.04 2.479 0 1.462 1.065 2.875 1.213 3.074.149.198 2.096 3.2 5.077 4.487.709.306 1.262.489 1.694.625.712.227 1.36.195 1.871.118.571-.085 1.758-.719 2.006-1.413.248-.694.248-1.289.173-1.413-.074-.124-.272-.198-.57-.347m-5.421 7.403h-.004a9.87 9.87 0 01-5.031-1.378l-.361-.214-3.741.982.998-3.648-.235-.374a9.86 9.86 0 01-1.51-5.26c.001-5.45 4.436-9.884 9.888-9.884 2.64 0 5.122 1.03 6.988 2.898a9.825 9.825 0 012.893 6.994c-.003 5.45-4.437 9.884-9.885 9.884m8.413-18.297A11.815 11.815 0 0012.05 0C5.495 0 .16 5.335.157 11.892c0 2.096.547 4.142 1.588 5.945L.057 24l6.305-1.654a11.882 11.882 0 005.683 1.448h.005c6.554 0 11.89-5.335 11.893-11.893a11.821 11.821 0 00-3.48-8.413z"></path></svg>\n                  সরাসরি কথা বলুন\n                </a></div></form></div></div></section><footer class="bg-white border-t border-gray-100 py-12 px-4"><div class="max-w-6xl mx-auto flex flex-col md:flex-row items-center justify-between gap-6"><div class="text-center md:text-left"><div class="font-black text-xl text-gray-900 mb-2">YOUR STORE</div><p class="text-gray-500 text-sm">© 2024 All rights reserved.</p></div><div class="flex gap-4"><a href="#" class="w-10 h-10 bg-gray-100 text-gray-600 rounded-full flex items-center justify-center hover:bg-blue-500 hover:text-white transition">f</a><a href="#" class="w-10 h-10 bg-gray-100 text-gray-600 rounded-full flex items-center justify-center hover:bg-pink-500 hover:text-white transition">i</a><a href="#" class="w-10 h-10 bg-gray-100 text-gray-600 rounded-full flex items-center justify-center hover:bg-red-500 hover:text-white transition">y</a></div><div class="flex gap-6 text-sm font-medium text-gray-600"><a href="#" class="hover:text-primary">Terms</a><a href="#" class="hover:text-primary">Privacy</a><a href="#" class="hover:text-primary">Refund Policy</a></div></div></footer></body>','\n',char(10)),'* { box-sizing: border-box; } body {margin: 0;}:root{--bg:#0b1220;--card:rgba(255,255,255,.08);--stroke:rgba(255,255,255,.14);--text:rgba(255,255,255,.92);--muted:rgba(255,255,255,.72);--brand:#14b8a6;--brand2:#f59e0b;--ok:#22c55e;--shadow:0 18px 60px rgba(0,0,0,.35);--radius:18px;--max:1120px;}*{box-sizing:border-box;}html{scroll-behavior:smooth;}body{margin-top:0px;margin-right:0px;margin-bottom:0px;margin-left:0px;font-family:ui-sans-serif, system-ui, -apple-system, "Segoe UI", Roboto, Helvetica, Arial, "Noto Sans", "Apple Color Emoji", "Segoe UI Emoji";color:var(--text);line-height:1.55;}a{color:inherit;text-decoration-line:none;text-decoration-thickness:initial;text-decoration-style:initial;text-decoration-color:initial;}.nav-links a{color:var(--muted);padding-top:8px;padding-right:10px;padding-bottom:8px;padding-left:10px;border-top-left-radius:10px;border-top-right-radius:10px;border-bottom-right-radius:10px;border-bottom-left-radius:10px;border-top-width:1px;border-right-width:1px;border-bottom-width:1px;border-left-width:1px;border-top-style:solid;border-right-style:solid;border-bottom-style:solid;border-left-style:solid;border-top-color:transparent;border-right-color:transparent;border-bottom-color:transparent;border-left-color:transparent;border-image-source:initial;border-image-slice:initial;border-image-width:initial;border-image-outset:initial;border-image-repeat:initial;}.nav-links a:hover{color:var(--text);border-top-color:rgba(255, 255, 255, 0.12);border-right-color:rgba(255, 255, 255, 0.12);border-bottom-color:rgba(255, 255, 255, 0.12);border-left-color:rgba(255, 255, 255, 0.12);background-image:initial;background-position-x:initial;background-position-y:initial;background-size:initial;background-repeat:initial;background-attachment:initial;background-origin:initial;background-clip:initial;background-color:rgba(255, 255, 255, 0.04);}.badge .dot{width:9px;height:9px;border-top-left-radius:999px;border-top-right-radius:999px;border-bottom-right-radius:999px;border-bottom-left-radius:999px;box-shadow:rgba(34, 197, 94, 0.18) 0px 0px 0px 4px;}h1{margin-top:0px;margin-right:0px;margin-bottom:10px;margin-left:0px;font-size:clamp(28px, 4vw, 44px);line-height:1.12;letter-spacing:0.2px;}.hero-card img{width:100%;height:260px;object-fit:cover;display:block;filter:saturate(1.05) contrast(1.05);}.hero-card .overlay{position:absolute;top:0px;right:0px;bottom:0px;left:0px;background-image:linear-gradient(to top, rgba(11, 18, 32, 0.88), rgba(11, 18, 32, 0.15) 60%, transparent);background-position-x:initial;background-position-y:initial;background-size:initial;background-repeat:initial;background-attachment:initial;background-origin:initial;background-clip:initial;background-color:initial;pointer-events:none;}.hero-card .info{position:absolute;left:16px;right:16px;bottom:16px;display:grid;row-gap:10px;column-gap:10px;}.price-pill strong{font-size:16px;}.price-pill span{color:var(--muted);font-weight:700;}.mini .chip{padding-top:10px;padding-right:10px;padding-bottom:10px;padding-left:10px;border-top-left-radius:14px;border-top-right-radius:14px;border-bottom-right-radius:14px;border-bottom-left-radius:14px;border-top-width:1px;border-right-width:1px;border-bottom-width:1px;border-left-width:1px;border-top-style:solid;border-right-style:solid;border-bottom-style:solid;border-left-style:solid;border-top-color:rgba(255, 255, 255, 0.12);border-right-color:rgba(255, 255, 255, 0.12);border-bottom-color:rgba(255, 255, 255, 0.12);border-left-color:rgba(255, 255, 255, 0.12);border-image-source:initial;border-image-slice:initial;border-image-width:initial;border-image-outset:initial;border-image-repeat:initial;background-image:initial;background-position-x:initial;background-position-y:initial;background-size:initial;background-repeat:initial;background-attachment:initial;background-origin:initial;background-clip:initial;background-color:rgba(255, 255, 255, 0.06);text-align:center;font-weight:800;font-size:13px;color:rgba(255, 255, 255, 0.86);}.mini .chip small{display:block;font-weight:700;color:var(--muted);margin-top:2px;}section{padding-top:26px;padding-right:0px;padding-bottom:26px;padding-left:0px;}.section-title h2{margin-top:0px;margin-right:0px;margin-bottom:0px;margin-left:0px;font-size:clamp(20px, 2.4vw, 28px);letter-spacing:0.2px;}.section-title p{margin-top:0px;margin-right:0px;margin-bottom:0px;margin-left:0px;color:var(--muted);max-width:70ch;}.card h3{margin-top:0px;margin-right:0px;margin-bottom:6px;margin-left:0px;font-size:18px;}.card p{margin-top:0px;margin-right:0px;margin-bottom:0px;margin-left:0px;color:var(--muted);}.price-card .tag{position:absolute;top:14px;right:14px;font-size:12px;font-weight:900;padding-top:6px;padding-right:10px;padding-bottom:6px;padding-left:10px;border-top-left-radius:999px;border-top-right-radius:999px;border-bottom-right-radius:999px;border-bottom-left-radius:999px;background-image:initial;background-position-x:initial;background-position-y:initial;background-size:initial;background-repeat:initial;background-attachment:initial;background-origin:initial;background-clip:initial;background-color:rgba(245, 158, 11, 0.18);border-top-width:1px;border-right-width:1px;border-bottom-width:1px;border-left-width:1px;border-top-style:solid;border-right-style:solid;border-bottom-style:solid;border-left-style:solid;border-top-color:rgba(245, 158, 11, 0.25);border-right-color:rgba(245, 158, 11, 0.25);border-bottom-color:rgba(245, 158, 11, 0.25);border-left-color:rgba(245, 158, 11, 0.25);border-image-source:initial;border-image-slice:initial;border-image-width:initial;border-image-outset:initial;border-image-repeat:initial;color:rgba(255, 255, 255, 0.92);}ul{margin-top:10px;margin-right:0px;margin-bottom:0px;margin-left:0px;padding-top:0px;padding-right:0px;padding-bottom:0px;padding-left:0px;list-style-position:initial;list-style-image:initial;list-style-type:none;}li{display:flex;row-gap:10px;column-gap:10px;align-items:flex-start;color:var(--muted);margin-top:8px;margin-right:0px;margin-bottom:8px;margin-left:0px;}form{display:grid;row-gap:10px;column-gap:10px;}label{font-weight:800;color:rgba(255, 255, 255, 0.85);font-size:13px;}input, textarea, select{width:100%;padding-top:12px;padding-right:12px;padding-bottom:12px;padding-left:12px;border-top-left-radius:12px;border-top-right-radius:12px;border-bottom-right-radius:12px;border-bottom-left-radius:12px;border-top-width:1px;border-right-width:1px;border-bottom-width:1px;border-left-width:1px;border-top-style:solid;border-right-style:solid;border-bottom-style:solid;border-left-style:solid;border-top-color:rgba(255, 255, 255, 0.14);border-right-color:rgba(255, 255, 255, 0.14);border-bottom-color:rgba(255, 255, 255, 0.14);border-left-color:rgba(255, 255, 255, 0.14);border-image-source:initial;border-image-slice:initial;border-image-width:initial;border-image-outset:initial;border-image-repeat:initial;background-image:initial;background-position-x:initial;background-position-y:initial;background-size:initial;background-repeat:initial;background-attachment:initial;background-origin:initial;background-clip:initial;background-color:rgba(2, 6, 23, 0.35);color:var(--text);outline-color:initial;outline-style:none;outline-width:initial;}input:focus, textarea:focus, select:focus{border-top-color:rgba(20, 184, 166, 0.55);border-right-color:rgba(20, 184, 166, 0.55);border-bottom-color:rgba(20, 184, 166, 0.55);border-left-color:rgba(20, 184, 166, 0.55);box-shadow:rgba(20, 184, 166, 0.12) 0px 0px 0px 4px;}textarea{min-height:92px;resize:vertical;}footer{padding-top:26px;padding-right:0px;padding-bottom:40px;padding-left:0px;color:var(--muted);}#ibsba{color:#ff0000;}#ieqq9{background-color:#ff0000;}#iv412i{color:#22c55e;}#ix8wdp{background-color:#fafafa;}#ixy33q{background-color:#080808;}#i42dds{background-color:#0d0c0c;}#i3sw1l{background-color:#080808;}#itgrfl{background-color:#050505;}#i7891i{background-color:#fcfcfc;}#ibv67k{background-color:#fefbfb;}#iv81xf{background-color:#ffffff;color:#000000;border:1px solid #000000;}@keyframes bounce-slow{0%, 100%{transform:translateY(0px);}50%{transform:translateY(-10px);}0%, 100%{transform:translateY(0px);}50%{transform:translateY(-10px);}0%, 100%{transform:translateY(0px);}50%{transform:translateY(-10px);}}@keyframes scroll{0%{transform:translateX(0px);}100%{transform:translateX(-50%);}}',1,1767998135,1768372805,'{}');
INSERT INTO "landing_pages" VALUES(2,5,'Untitled Page','page-1768371897948','{"dataSources":[],"assets":[],"styles":[{"selectors":[],"selectorsAdd":"0%","style":{"transform":"translateX(0px)"},"mediaText":"scroll","atRuleType":"keyframes"},{"selectors":[],"selectorsAdd":"100%","style":{"transform":"translateX(-50%)"},"mediaText":"scroll","atRuleType":"keyframes"}],"pages":[{"frames":[{"component":{"type":"wrapper","stylable":["background","background-color","background-image","background-repeat","background-attachment","background-position","background-size"],"components":[{"classes":["sticky","top-0","left-0","right-0","z-[60]","bg-gradient-to-r","from-red-600","via-red-500","to-yellow-500","py-3","shadow-lg"],"components":[{"classes":["max-w-4xl","mx-auto","px-4","flex","items-center","justify-center","gap-4","text-white"],"components":[{"tagName":"span","type":"text","classes":["text-xl","animate-pulse"],"components":[{"type":"textnode","content":"⚡"}],"data-gjs-animate":"","data-gjs-duration":"","data-gjs-delay":""},{"tagName":"span","type":"text","classes":["font-bold","text-sm","md:text-base","uppercase","tracking-wider"],"components":[{"type":"textnode","content":"অফারটি শেষ হতে আর মাত্র:"}],"data-gjs-animate":"","data-gjs-duration":"","data-gjs-delay":""},{"type":"countdown","classes":["flex","items-center","gap-2","font-mono","font-black","text-xl","md:text-2xl"],"components":[{"type":"text","classes":["bg-black/20","px-2","rounded"],"components":[{"type":"textnode","content":"02"}],"data-gjs-animate":"","data-gjs-duration":"","data-gjs-delay":""},{"tagName":"span","type":"text","classes":["animate-pulse"],"components":[{"type":"textnode","content":":"}],"data-gjs-animate":"","data-gjs-duration":"","data-gjs-delay":""},{"type":"text","classes":["bg-black/20","px-2","rounded"],"components":[{"type":"textnode","content":"45"}],"data-gjs-animate":"","data-gjs-duration":"","data-gjs-delay":""},{"tagName":"span","type":"text","classes":["animate-pulse"],"components":[{"type":"textnode","content":":"}],"data-gjs-animate":"","data-gjs-duration":"","data-gjs-delay":""},{"type":"text","classes":["bg-black/20","px-2","rounded","text-yellow-300"],"components":[{"type":"textnode","content":"12"}],"data-gjs-animate":"","data-gjs-duration":"","data-gjs-delay":""}],"data-gjs-animate":"","data-gjs-duration":"","data-gjs-delay":""},{"tagName":"span","type":"text","classes":["text-xl","animate-pulse"],"components":[{"type":"textnode","content":"⚡"}],"data-gjs-animate":"","data-gjs-duration":"","data-gjs-delay":""}],"data-gjs-animate":"","data-gjs-duration":"","data-gjs-delay":""}],"data-gjs-animate":"","data-gjs-duration":"","data-gjs-delay":""},{"tagName":"header","classes":["bg-white","border-b","border-gray-100","sticky","top-0","z-50"],"components":[{"classes":["max-w-7xl","mx-auto","px-4","sm:px-6","h-20","flex","items-center","justify-between"],"components":[{"type":"text","classes":["font-black","text-2xl","text-primary","flex","items-center","gap-2"],"components":[{"tagName":"span","type":"text","classes":["w-8","h-8","bg-primary","text-white","rounded-lg","flex","items-center","justify-center"],"components":[{"type":"textnode","content":"S"}],"data-gjs-animate":"","data-gjs-duration":"","data-gjs-delay":""},{"type":"textnode","content":"\n             STORE\n           "}],"data-gjs-animate":"","data-gjs-duration":"","data-gjs-delay":""},{"tagName":"nav","classes":["hidden","md:flex","items-center","gap-8","font-medium","text-gray-600"],"components":[{"type":"link","classes":["hover:text-primary","transition"],"attributes":{"href":"#features"},"components":[{"type":"textnode","content":"ফিচার"}]},{"type":"link","classes":["hover:text-primary","transition"],"attributes":{"href":"#reviews"},"components":[{"type":"textnode","content":"রিভিউ"}]},{"type":"link","classes":["hover:text-primary","transition"],"attributes":{"href":"#faq"},"components":[{"type":"textnode","content":"প্রশ্নোত্তৰ"}]}],"data-gjs-animate":"","data-gjs-duration":"","data-gjs-delay":""},{"type":"link","classes":["bg-gray-900","text-white","font-bold","px-6","py-3","rounded-xl","hover:bg-gray-800","transition"],"attributes":{"href":"#order"},"components":[{"type":"textnode","content":"অর্ডার করুন"}]}],"data-gjs-animate":"","data-gjs-duration":"","data-gjs-delay":""}],"data-gjs-animate":"","data-gjs-duration":"","data-gjs-delay":""},{"tagName":"section","classes":["py-12","md:py-20","bg-gray-50","overflow-hidden"],"components":[{"classes":["max-w-7xl","mx-auto","px-4","sm:px-6","lg:px-8"],"components":[{"classes":["grid","grid-cols-1","md:grid-cols-2","gap-12","items-center"],"components":[{"classes":["order-2","md:order-1","text-center","md:text-left"],"components":[{"classes":["inline-flex","items-center","gap-2","px-3","py-1","rounded-full","bg-blue-100","text-blue-700","text-xs","font-bold","mb-6"],"components":[{"tagName":"span","classes":["w-2","h-2","rounded-full","bg-blue-600","animate-pulse"],"data-gjs-animate":"","data-gjs-duration":"","data-gjs-delay":""},{"type":"textnode","content":"\n                নতুন কালেকশন ২০২৫\n              "}],"data-gjs-animate":"","data-gjs-duration":"","data-gjs-delay":""},{"tagName":"h1","type":"text","classes":["text-4xl","md:text-6xl","font-black","text-gray-900","leading-tight","mb-6"],"components":[{"type":"textnode","content":"\n                আপনার স্টাইলের নতুন "},{"tagName":"span","type":"text","classes":["text-transparent","bg-clip-text","bg-gradient-to-r","from-blue-600","to-purple-600","product-name"],"components":[{"type":"textnode","content":"সংজ্ঞা"}],"data-gjs-animate":"","data-gjs-duration":"","data-gjs-delay":""}],"data-gjs-animate":"","data-gjs-duration":"","data-gjs-delay":""},{"tagName":"p","type":"text","classes":["text-lg","text-gray-600","mb-8","leading-relaxed","max-w-lg","mx-auto","md:mx-0"],"components":[{"type":"textnode","content":"\n                সেরা মানের মেটেরিয়াল এবং আধুনিক ডিজাইনের সংমিশ্রণ। আজই অর্ডার করুন এবং উপভোগ করুন বিশেষ ছাড়।\n              "}],"data-gjs-animate":"","data-gjs-duration":"","data-gjs-delay":""},{"classes":["flex","flex-col","sm:flex-row","gap-4","justify-center","md:justify-start"],"components":[{"type":"link","classes":["px-8","py-4","bg-gray-900","text-white","font-bold","rounded-xl","hover:bg-gray-800","transition","transform","hover:-translate-y-1","shadow-lg"],"attributes":{"href":"#order"},"components":[{"type":"textnode","content":"\n                  এখনই কিনুন\n                "}]},{"type":"link","classes":["px-8","py-4","bg-white","text-emerald-600","border-2","border-emerald-100","font-bold","rounded-xl","hover:bg-emerald-50","transition","flex","items-center","justify-center","gap-2","whatsapp-link","shadow-sm"],"attributes":{"href":"https://wa.me/8801XXXXXXXXX"},"components":[{"type":"svg","resizable":{"ratioDefault":true},"attributes":{"viewBox":"0 0 24 24","width":"20","height":"20","fill":"currentColor"},"components":[{"tagName":"path","type":"svg-in","resizable":{"ratioDefault":true},"attributes":{"d":"M17.472 14.382c-.297-.149-1.758-.867-2.03-.967-.273-.099-.471-.148-.67.15-.197.297-.767.966-.94 1.164-.173.199-.347.223-.644.075-.297-.15-1.255-.463-2.39-1.475-.883-.788-1.48-1.761-1.653-2.059-.173-.297-.018-.458.13-.606.134-.133.298-.347.446-.52.149-.174.198-.298.298-.497.099-.198.05-.371-.025-.52-.075-.149-.669-1.612-.916-2.207-.242-.579-.487-.5-.669-.51-.173-.008-.371-.01-.57-.01-.198 0-.52.074-.792.372-.272.297-1.04 1.016-1.04 2.479 0 1.462 1.065 2.875 1.213 3.074.149.198 2.096 3.2 5.077 4.487.709.306 1.262.489 1.694.625.712.227 1.36.195 1.871.118.571-.085 1.758-.719 2.006-1.413.248-.694.248-1.289.173-1.413-.074-.124-.272-.198-.57-.347m-5.421 7.403h-.004a9.87 9.87 0 01-5.031-1.378l-.361-.214-3.741.982.998-3.648-.235-.374a9.86 9.86 0 01-1.51-5.26c.001-5.45 4.436-9.884 9.888-9.884 2.64 0 5.122 1.03 6.988 2.898a9.825 9.825 0 012.893 6.994c-.003 5.45-4.437 9.884-9.885 9.884m8.413-18.297A11.815 11.815 0 0012.05 0C5.495 0 .16 5.335.157 11.892c0 2.096.547 4.142 1.588 5.945L.057 24l6.305-1.654a11.882 11.882 0 005.683 1.448h.005c6.554 0 11.89-5.335 11.893-11.893a11.821 11.821 0 00-3.48-8.413z"}}]},{"type":"textnode","content":"\n                  ওয়াটসঅ্যাপ করুন\n                "}]}],"data-gjs-animate":"","data-gjs-duration":"","data-gjs-delay":""}],"data-gjs-animate":"","data-gjs-duration":"","data-gjs-delay":""},{"classes":["order-1","md:order-2","relative"],"components":[{"classes":["absolute","inset-0","bg-gradient-to-tr","from-blue-200","to-purple-200","rounded-full","blur-3xl","opacity-30","animate-pulse"],"data-gjs-animate":"","data-gjs-duration":"","data-gjs-delay":""},{"type":"image","resizable":{"ratioDefault":1},"classes":["relative","w-full","h-auto","rounded-3xl","shadow-2xl","transform","hover:scale-[1.02]","transition","duration-500"],"attributes":{"src":"https://images.unsplash.com/photo-1542291026-7eec264c27ff?q=80&w=1000&auto=format&fit=crop","alt":"Product"},"data-gjs-animate":"","data-gjs-duration":"","data-gjs-delay":""}],"data-gjs-animate":"","data-gjs-duration":"","data-gjs-delay":""}],"data-gjs-animate":"","data-gjs-duration":"","data-gjs-delay":""}],"data-gjs-animate":"","data-gjs-duration":"","data-gjs-delay":""}],"data-gjs-animate":"","data-gjs-duration":"","data-gjs-delay":""},{"tagName":"section","classes":["py-12","bg-gray-50/50"],"components":[{"classes":["max-w-6xl","mx-auto","px-4","grid","grid-cols-2","md:grid-cols-4","gap-4","md:gap-8"],"components":[{"classes":["bg-white/70","backdrop-blur-xl","border","border-white/50","p-6","rounded-3xl","shadow-xl","shadow-gray-200/50","text-center","flex","flex-col","items-center","gap-3","transform","hover:-translate-y-2","transition","duration-500"],"components":[{"classes":["w-16","h-16","bg-emerald-50","rounded-2xl","flex","items-center","justify-center","text-emerald-600","shadow-inner"],"components":[{"type":"svg","resizable":{"ratioDefault":true},"classes":["w-8","h-8"],"attributes":{"fill":"none","stroke":"currentColor","viewBox":"0 0 24 24"},"components":[{"tagName":"path","type":"svg-in","resizable":{"ratioDefault":true},"attributes":{"stroke-linecap":"round","stroke-linejoin":"round","stroke-width":"2","d":"M5 13l4 4L19 7"}}]}],"data-gjs-animate":"","data-gjs-duration":"","data-gjs-delay":""},{"tagName":"h3","type":"text","classes":["font-black","text-gray-900","leading-tight"],"components":[{"type":"textnode","content":"দ্রুত ডেলিভারি"}],"data-gjs-animate":"","data-gjs-duration":"","data-gjs-delay":""},{"tagName":"p","type":"text","classes":["text-xs","text-gray-500","font-bold","uppercase","tracking-tighter"],"components":[{"type":"textnode","content":"সারা বাংলাদেশে"}],"data-gjs-animate":"","data-gjs-duration":"","data-gjs-delay":""}],"data-gjs-animate":"","data-gjs-duration":"","data-gjs-delay":""},{"classes":["bg-white/70","backdrop-blur-xl","border","border-white/50","p-6","rounded-3xl","shadow-xl","shadow-gray-200/50","text-center","flex","flex-col","items-center","gap-3","transform","hover:-translate-y-2","transition","duration-500"],"components":[{"classes":["w-16","h-16","bg-blue-50","rounded-2xl","flex","items-center","justify-center","text-blue-600","shadow-inner"],"components":[{"type":"svg","resizable":{"ratioDefault":true},"classes":["w-8","h-8"],"attributes":{"fill":"none","stroke":"currentColor","viewBox":"0 0 24 24"},"components":[{"tagName":"path","type":"svg-in","resizable":{"ratioDefault":true},"attributes":{"stroke-linecap":"round","stroke-linejoin":"round","stroke-width":"2","d":"M17 9V7a2 2 0 00-2-2H5a2 2 0 00-2 2v6a2 2 0 002 2h2m2 4h10a2 2 0 002-2v-6a2 2 0 00-2-2H9a2 2 0 00-2 2v6a2 2 0 002 2zm7-5a2 2 0 11-4 0 2 2 0 014 0z"}}]}],"data-gjs-animate":"","data-gjs-duration":"","data-gjs-delay":""},{"tagName":"h3","type":"text","classes":["font-black","text-gray-900","leading-tight"],"components":[{"type":"textnode","content":"ক্যাশ অন ডেলিভারি"}],"data-gjs-animate":"","data-gjs-duration":"","data-gjs-delay":""},{"tagName":"p","type":"text","classes":["text-xs","text-gray-500","font-bold","uppercase","tracking-tighter"],"components":[{"type":"textnode","content":"হাতে পেয়ে পেমেন্ট"}],"data-gjs-animate":"","data-gjs-duration":"","data-gjs-delay":""}],"data-gjs-animate":"","data-gjs-duration":"","data-gjs-delay":""},{"classes":["bg-white/70","backdrop-blur-xl","border","border-white/50","p-6","rounded-3xl","shadow-xl","shadow-gray-200/50","text-center","flex","flex-col","items-center","gap-3","transform","hover:-translate-y-2","transition","duration-500"],"components":[{"classes":["w-16","h-16","bg-purple-50","rounded-2xl","flex","items-center","justify-center","text-purple-600","shadow-inner"],"components":[{"type":"svg","resizable":{"ratioDefault":true},"classes":["w-8","h-8"],"attributes":{"fill":"none","stroke":"currentColor","viewBox":"0 0 24 24"},"components":[{"tagName":"path","type":"svg-in","resizable":{"ratioDefault":true},"attributes":{"stroke-linecap":"round","stroke-linejoin":"round","stroke-width":"2","d":"M9 12l2 2 4-4m5.618-4.016A11.955 11.955 0 0112 2.944a11.955 11.955 0 01-8.618 3.04A12.02 12.02 0 003 9c0 5.591 3.824 10.29 9 11.622 5.176-1.332 9-6.03 9-11.622 0-1.042-.133-2.052-.382-3.016z"}}]}],"data-gjs-animate":"","data-gjs-duration":"","data-gjs-delay":""},{"tagName":"h3","type":"text","classes":["font-black","text-gray-900","leading-tight"],"components":[{"type":"textnode","content":"১০০% গ্যারান্টি"}],"data-gjs-animate":"","data-gjs-duration":"","data-gjs-delay":""},{"tagName":"p","type":"text","classes":["text-xs","text-gray-500","font-bold","uppercase","tracking-tighter"],"components":[{"type":"textnode","content":"অরিজিনাল প্রোডাক্ট"}],"data-gjs-animate":"","data-gjs-duration":"","data-gjs-delay":""}],"data-gjs-animate":"","data-gjs-duration":"","data-gjs-delay":""},{"classes":["bg-white/70","backdrop-blur-xl","border","border-white/50","p-6","rounded-3xl","shadow-xl","shadow-gray-200/50","text-center","flex","flex-col","items-center","gap-3","transform","hover:-translate-y-2","transition","duration-500"],"components":[{"classes":["w-16","h-16","bg-red-50","rounded-2xl","flex","items-center","justify-center","text-red-600","shadow-inner"],"components":[{"type":"svg","resizable":{"ratioDefault":true},"classes":["w-8","h-8"],"attributes":{"fill":"none","stroke":"currentColor","viewBox":"0 0 24 24"},"components":[{"tagName":"path","type":"svg-in","resizable":{"ratioDefault":true},"attributes":{"stroke-linecap":"round","stroke-linejoin":"round","stroke-width":"2","d":"M4 4v5h.582m15.356 2A8.001 8.001 0 004.582 9m0 0H9m11 11v-5h-.581m0 0a8.003 8.003 0 01-15.357-2m15.357 2H15"}}]}],"data-gjs-animate":"","data-gjs-duration":"","data-gjs-delay":""},{"tagName":"h3","type":"text","classes":["font-black","text-gray-900","leading-tight"],"components":[{"type":"textnode","content":"সহজ রিটার্ন"}],"data-gjs-animate":"","data-gjs-duration":"","data-gjs-delay":""},{"tagName":"p","type":"text","classes":["text-xs","text-gray-500","font-bold","uppercase","tracking-tighter"],"components":[{"type":"textnode","content":"৭ দিনের পলিসি"}],"data-gjs-animate":"","data-gjs-duration":"","data-gjs-delay":""}],"data-gjs-animate":"","data-gjs-duration":"","data-gjs-delay":""}],"data-gjs-animate":"","data-gjs-duration":"","data-gjs-delay":""}],"data-gjs-animate":"","data-gjs-duration":"","data-gjs-delay":""},{"tagName":"section","classes":["py-10","bg-gray-50"],"components":[{"classes":["max-w-4xl","mx-auto","px-6"],"components":[{"tagName":"h2","type":"text","classes":["text-2xl","font-bold","text-center","text-gray-900","mb-8"],"components":[{"type":"textnode","content":"আমাদের পণ্যের ভিডিওটি দেখুন"}],"data-gjs-animate":"","data-gjs-duration":"","data-gjs-delay":""},{"classes":["relative","w-full","aspect-video","rounded-2xl","overflow-hidden","shadow-2xl","border-4","border-white"],"components":[{"tagName":"iframe","type":"video","resizable":{"ratioDefault":1},"classes":["absolute","inset-0","w-full","h-full"],"attributes":{"allowfullscreen":"","src":"https://www.youtube.com/embed/dQw4w9WgXcQ","title":"YouTube video player","frameborder":"0","allow":"accelerometer; autoplay; clipboard-write; encrypted-media; gyroscope; picture-in-picture"},"src":"https://www.youtube.com/embed/dQw4w9WgXcQ?","videoId":"dQw4w9WgXcQ","provider":"yt","sources":[],"data-gjs-animate":"","data-gjs-duration":"","data-gjs-delay":""}],"data-gjs-animate":"","data-gjs-duration":"","data-gjs-delay":""}],"data-gjs-animate":"","data-gjs-duration":"","data-gjs-delay":""}],"data-gjs-animate":"","data-gjs-duration":"","data-gjs-delay":""},{"tagName":"section","classes":["py-12","bg-white","px-4"],"components":[{"classes":["max-w-6xl","mx-auto"],"components":[{"tagName":"h2","type":"text","classes":["text-3xl","font-bold","text-center","text-gray-900","mb-10"],"components":[{"type":"textnode","content":"প্রোডাক্ট গ্যালারি"}],"data-gjs-animate":"","data-gjs-duration":"","data-gjs-delay":""},{"classes":["grid","grid-cols-2","md:grid-cols-4","gap-4"],"components":[{"type":"image","resizable":{"ratioDefault":1},"classes":["rounded-xl","shadow-sm","hover:scale-105","transition","duration-300","w-full","h-48","object-cover","cursor-pointer"],"attributes":{"src":"https://images.unsplash.com/photo-1523275335684-37898b6baf30?w=500&q=80"},"data-gjs-animate":"","data-gjs-duration":"","data-gjs-delay":""},{"type":"image","resizable":{"ratioDefault":1},"classes":["rounded-xl","shadow-sm","hover:scale-105","transition","duration-300","w-full","h-48","object-cover","cursor-pointer"],"attributes":{"src":"https://images.unsplash.com/photo-1505740420928-5e560c06d30e?w=500&q=80"},"data-gjs-animate":"","data-gjs-duration":"","data-gjs-delay":""},{"type":"image","resizable":{"ratioDefault":1},"classes":["rounded-xl","shadow-sm","hover:scale-105","transition","duration-300","w-full","h-48","object-cover","cursor-pointer"],"attributes":{"src":"https://images.unsplash.com/photo-1572635196237-14b3f281503f?w=500&q=80"},"data-gjs-animate":"","data-gjs-duration":"","data-gjs-delay":""},{"type":"image","resizable":{"ratioDefault":1},"classes":["rounded-xl","shadow-sm","hover:scale-105","transition","duration-300","w-full","h-48","object-cover","cursor-pointer"],"attributes":{"src":"https://images.unsplash.com/photo-1542291026-7eec264c27ff?w=500&q=80"},"data-gjs-animate":"","data-gjs-duration":"","data-gjs-delay":""}],"data-gjs-animate":"","data-gjs-duration":"","data-gjs-delay":""}],"data-gjs-animate":"","data-gjs-duration":"","data-gjs-delay":""}],"data-gjs-animate":"","data-gjs-duration":"","data-gjs-delay":""},{"tagName":"section","classes":["py-16","bg-white","px-4"],"components":[{"classes":["max-w-6xl","mx-auto"],"components":[{"tagName":"h2","type":"text","classes":["text-center","text-3xl","md:text-4xl","font-black","mb-12"],"components":[{"type":"textnode","content":"কেন অর্ডার করবেন?"}],"data-gjs-animate":"","data-gjs-duration":"","data-gjs-delay":""},{"classes":["grid","grid-cols-1","md:grid-cols-3","gap-6","lg:gap-10"],"components":[{"classes":["group","bg-gradient-to-br","from-emerald-50","to-white","p-8","rounded-[2.5rem]","border","border-emerald-100","hover:shadow-2xl","hover:shadow-emerald-200/50","transition-all","duration-500","text-center"],"components":[{"type":"text","classes":["w-20","h-20","bg-white","rounded-3xl","shadow-xl","shadow-emerald-100","flex","items-center","justify-center","text-4xl","mx-auto","mb-6","transform","group-hover:rotate-12","transition"],"components":[{"type":"textnode","content":"🛡️"}],"data-gjs-animate":"","data-gjs-duration":"","data-gjs-delay":""},{"tagName":"h4","type":"text","classes":["text-xl","font-black","text-gray-900","mb-4"],"components":[{"type":"textnode","content":"মানি ব্যাক গ্যারান্টি"}],"data-gjs-animate":"","data-gjs-duration":"","data-gjs-delay":""},{"tagName":"p","type":"text","classes":["text-gray-600","font-medium","leading-relaxed"],"components":[{"type":"textnode","content":"পণ্য হাতে পেয়ে কোনো সমস্যা থাকলে আমাদের বলুন, ১০০% রিটার্ন গ্যারান্টি।"}],"data-gjs-animate":"","data-gjs-duration":"","data-gjs-delay":""}],"data-gjs-animate":"","data-gjs-duration":"","data-gjs-delay":""},{"classes":["group","bg-gradient-to-br","from-blue-50","to-white","p-8","rounded-[2.5rem]","border","border-blue-100","hover:shadow-2xl","hover:shadow-blue-200/50","transition-all","duration-500","text-center"],"components":[{"type":"text","classes":["w-20","h-20","bg-white","rounded-3xl","shadow-xl","shadow-blue-100","flex","items-center","justify-center","text-4xl","mx-auto","mb-6","transform","group-hover:rotate-12","transition"],"components":[{"type":"textnode","content":"🛵"}],"data-gjs-animate":"","data-gjs-duration":"","data-gjs-delay":""},{"tagName":"h4","type":"text","classes":["text-xl","font-black","text-gray-900","mb-4"],"components":[{"type":"textnode","content":"দ্রুত হোম ডেলিভারি"}],"data-gjs-animate":"","data-gjs-duration":"","data-gjs-delay":""},{"tagName":"p","type":"text","classes":["text-gray-600","font-medium","leading-relaxed"],"components":[{"type":"textnode","content":"ঢাকার ভিতরে ২৪ ঘণ্টা এবং সারা বাংলাদেশে মাত্র ২-৩ দিনের ডেলিভারি।"}],"data-gjs-animate":"","data-gjs-duration":"","data-gjs-delay":""}],"data-gjs-animate":"","data-gjs-duration":"","data-gjs-delay":""},{"classes":["group","bg-gradient-to-br","from-amber-50","to-white","p-8","rounded-[2.5rem]","border","border-amber-100","hover:shadow-2xl","hover:shadow-amber-200/50","transition-all","duration-500","text-center"],"components":[{"type":"text","classes":["w-20","h-20","bg-white","rounded-3xl","shadow-xl","shadow-amber-100","flex","items-center","justify-center","text-4xl","mx-auto","mb-6","transform","group-hover:rotate-12","transition"],"components":[{"type":"textnode","content":"💎"}],"data-gjs-animate":"","data-gjs-duration":"","data-gjs-delay":""},{"tagName":"h4","type":"text","classes":["text-xl","font-black","text-gray-900","mb-4"],"components":[{"type":"textnode","content":"প্রিমিয়াম কোয়ালিটি"}],"data-gjs-animate":"","data-gjs-duration":"","data-gjs-delay":""},{"tagName":"p","type":"text","classes":["text-gray-600","font-medium","leading-relaxed"],"components":[{"type":"textnode","content":"আমরা দিচ্ছি সরাসরি ইম্পোর্টেড হাই কোয়ালিটি পণ্য যা আপনি নিশ্চিত থাকতে পারেন।"}],"data-gjs-animate":"","data-gjs-duration":"","data-gjs-delay":""}],"data-gjs-animate":"","data-gjs-duration":"","data-gjs-delay":""}],"data-gjs-animate":"","data-gjs-duration":"","data-gjs-delay":""}],"data-gjs-animate":"","data-gjs-duration":"","data-gjs-delay":""}],"data-gjs-animate":"","data-gjs-duration":"","data-gjs-delay":""},{"tagName":"section","classes":["py-16","bg-white","px-4"],"components":[{"classes":["max-w-5xl","mx-auto"],"components":[{"classes":["text-center","mb-16"],"components":[{"tagName":"h2","type":"text","classes":["text-3xl","md:text-5xl","font-black","text-gray-900","mb-4"],"components":[{"type":"textnode","content":"পার্থক্যটি নিজেই দেখুন"}],"data-gjs-animate":"","data-gjs-duration":"","data-gjs-delay":""},{"classes":["w-24","h-2","bg-emerald-500","mx-auto","rounded-full"],"data-gjs-animate":"","data-gjs-duration":"","data-gjs-delay":""}],"data-gjs-animate":"","data-gjs-duration":"","data-gjs-delay":""},{"classes":["grid","grid-cols-1","md:grid-cols-2","gap-8","items-stretch"],"components":[{"classes":["bg-red-50/50","p-8","rounded-[3rem]","border","border-red-100","relative","grayscale-[0.5]","opacity-80"],"components":[{"type":"text","classes":["absolute","-top-4","left-8","bg-red-500","text-white","px-6","py-2","rounded-full","font-bold","shadow-lg"],"components":[{"type":"textnode","content":"সাধারণ বাজারজাত পণ্য"}],"data-gjs-animate":"","data-gjs-duration":"","data-gjs-delay":""},{"classes":["aspect-video","bg-gray-200","rounded-3xl","mb-8","overflow-hidden"],"components":[{"type":"image","resizable":{"ratioDefault":1},"classes":["w-full","h-full","object-cover"],"attributes":{"src":"https://images.unsplash.com/photo-1523275335684-37898b6baf30?w=500&q=50"},"data-gjs-animate":"","data-gjs-duration":"","data-gjs-delay":""}],"data-gjs-animate":"","data-gjs-duration":"","data-gjs-delay":""},{"tagName":"ul","classes":["space-y-4","font-bold","text-gray-500"],"components":[{"tagName":"li","type":"text","classes":["flex","items-center","gap-3"],"components":[{"tagName":"span","type":"text","classes":["text-red-500","text-2xl"],"components":[{"type":"textnode","content":"❌"}],"data-gjs-animate":"","data-gjs-duration":"","data-gjs-delay":""},{"type":"textnode","content":" নিম্নমানের পাতলা ফেব্রিক"}],"data-gjs-animate":"","data-gjs-duration":"","data-gjs-delay":""},{"tagName":"li","type":"text","classes":["flex","items-center","gap-3"],"components":[{"tagName":"span","type":"text","classes":["text-red-500","text-2xl"],"components":[{"type":"textnode","content":"❌"}],"data-gjs-animate":"","data-gjs-duration":"","data-gjs-delay":""},{"type":"textnode","content":" ধোয়ার পর রং নষ্ট হয়ে যায়"}],"data-gjs-animate":"","data-gjs-duration":"","data-gjs-delay":""},{"tagName":"li","type":"text","classes":["flex","items-center","gap-3"],"components":[{"tagName":"span","type":"text","classes":["text-red-500","text-2xl"],"components":[{"type":"textnode","content":"❌"}],"data-gjs-animate":"","data-gjs-duration":"","data-gjs-delay":""},{"type":"textnode","content":" কোনো গ্যারান্টি বা ওয়ারেন্টি নেই"}],"data-gjs-animate":"","data-gjs-duration":"","data-gjs-delay":""},{"tagName":"li","type":"text","classes":["flex","items-center","gap-3"],"components":[{"tagName":"span","type":"text","classes":["text-red-500","text-2xl"],"components":[{"type":"textnode","content":"❌"}],"data-gjs-animate":"","data-gjs-duration":"","data-gjs-delay":""},{"type":"textnode","content":" সাইজ ছোট-বড় হওয়ার ভয় থাকে"}],"data-gjs-animate":"","data-gjs-duration":"","data-gjs-delay":""}],"data-gjs-animate":"","data-gjs-duration":"","data-gjs-delay":""}],"data-gjs-animate":"","data-gjs-duration":"","data-gjs-delay":""},{"classes":["bg-emerald-50","p-8","rounded-[3rem]","border-2","border-emerald-200","relative","shadow-2xl","shadow-emerald-200/50","transform","md:scale-105"],"components":[{"type":"text","classes":["absolute","-top-4","left-8","bg-emerald-600","text-white","px-6","py-2","rounded-full","font-bold","shadow-lg"],"components":[{"type":"textnode","content":"আমাদের প্রিমিয়াম পণ্য"}],"data-gjs-animate":"","data-gjs-duration":"","data-gjs-delay":""},{"classes":["aspect-video","bg-white","rounded-3xl","mb-8","overflow-hidden","shadow-inner"],"components":[{"type":"image","resizable":{"ratioDefault":1},"classes":["w-full","h-full","object-cover"],"attributes":{"src":"https://images.unsplash.com/photo-1523275335684-37898b6baf30?w=500&q=80"},"data-gjs-animate":"","data-gjs-duration":"","data-gjs-delay":""}],"data-gjs-animate":"","data-gjs-duration":"","data-gjs-delay":""},{"tagName":"ul","classes":["space-y-4","font-black","text-gray-800"],"components":[{"tagName":"li","type":"text","classes":["flex","items-center","gap-3"],"components":[{"tagName":"span","type":"text","classes":["text-emerald-500","text-2xl"],"components":[{"type":"textnode","content":"✅"}],"data-gjs-animate":"","data-gjs-duration":"","data-gjs-delay":""},{"type":"textnode","content":" ১০০% প্রিমিয়াম কটন ফেব্রিক"}],"data-gjs-animate":"","data-gjs-duration":"","data-gjs-delay":""},{"tagName":"li","type":"text","classes":["flex","items-center","gap-3"],"components":[{"tagName":"span","type":"text","classes":["text-emerald-500","text-2xl"],"components":[{"type":"textnode","content":"✅"}],"data-gjs-animate":"","data-gjs-duration":"","data-gjs-delay":""},{"type":"textnode","content":" গ্যারান্টিড কালার ও টেকসই বুনন"}],"data-gjs-animate":"","data-gjs-duration":"","data-gjs-delay":""},{"tagName":"li","type":"text","classes":["flex","items-center","gap-3"],"components":[{"tagName":"span","type":"text","classes":["text-emerald-500","text-2xl"],"components":[{"type":"textnode","content":"✅"}],"data-gjs-animate":"","data-gjs-duration":"","data-gjs-delay":""},{"type":"textnode","content":" ৭ দিনের মানি ব্যাক গ্যারান্টি"}],"data-gjs-animate":"","data-gjs-duration":"","data-gjs-delay":""},{"tagName":"li","type":"text","classes":["flex","items-center","gap-3"],"components":[{"tagName":"span","type":"text","classes":["text-emerald-500","text-2xl"],"components":[{"type":"textnode","content":"✅"}],"data-gjs-animate":"","data-gjs-duration":"","data-gjs-delay":""},{"type":"textnode","content":" সঠিক এবং স্ট্যান্ডার্ড সাইজিং"}],"data-gjs-animate":"","data-gjs-duration":"","data-gjs-delay":""}],"data-gjs-animate":"","data-gjs-duration":"","data-gjs-delay":""}],"data-gjs-animate":"","data-gjs-duration":"","data-gjs-delay":""}],"data-gjs-animate":"","data-gjs-duration":"","data-gjs-delay":""}],"data-gjs-animate":"","data-gjs-duration":"","data-gjs-delay":""}],"data-gjs-animate":"","data-gjs-duration":"","data-gjs-delay":""},{"classes":["bg-indigo-900","text-white","py-4","px-6","text-center","animate-pulse"],"components":[{"tagName":"p","type":"text","classes":["text-lg","font-bold","flex","items-center","justify-center","gap-2"],"components":[{"tagName":"span","type":"text","classes":["bg-white","text-indigo-900","rounded-full","w-6","h-6","flex","items-center","justify-center","text-xs"],"components":[{"type":"textnode","content":"🔥"}],"data-gjs-animate":"","data-gjs-duration":"","data-gjs-delay":""},{"type":"textnode","content":"\n            গত ২৪ ঘন্টায় "},{"tagName":"span","type":"text","classes":["text-yellow-400","font-black","text-2xl","mx-1","social-proof-count"],"components":[{"type":"textnode","content":"১২৫"}],"data-gjs-animate":"","data-gjs-duration":"","data-gjs-delay":""},{"type":"textnode","content":" জন এই পণ্যটি অর্ডার করেছেন!\n         "}],"data-gjs-animate":"","data-gjs-duration":"","data-gjs-delay":""}],"data-gjs-animate":"","data-gjs-duration":"","data-gjs-delay":""},{"tagName":"section","classes":["py-12","bg-white","px-4"],"components":[{"classes":["max-w-5xl","mx-auto"],"components":[{"tagName":"h2","type":"text","classes":["text-3xl","font-bold","text-center","text-gray-900","mb-12"],"components":[{"type":"textnode","content":"কেন এখনই অর্ডার করবেন?"}],"data-gjs-animate":"","data-gjs-duration":"","data-gjs-delay":""},{"classes":["grid","grid-cols-1","md:grid-cols-2","gap-8"],"components":[{"classes":["bg-red-50","p-8","rounded-3xl","border","border-red-100"],"components":[{"tagName":"h3","type":"text","classes":["text-xl","font-bold","text-red-700","mb-6","flex","items-center","gap-2"],"components":[{"tagName":"span","type":"text","classes":["bg-red-200","p-1","rounded"],"components":[{"type":"textnode","content":"🚫"}],"data-gjs-animate":"","data-gjs-duration":"","data-gjs-delay":""},{"type":"textnode","content":" সমস্যাগুলো (আপনাদের যা হয়)\n                 "}],"data-gjs-animate":"","data-gjs-duration":"","data-gjs-delay":""},{"tagName":"ul","classes":["space-y-4"],"components":[{"tagName":"li","type":"text","classes":["flex","gap-3","text-gray-700"],"components":[{"tagName":"span","type":"text","classes":["text-red-500","font-bold"],"components":[{"type":"textnode","content":"✖"}],"data-gjs-animate":"","data-gjs-duration":"","data-gjs-delay":""},{"type":"textnode","content":"\n                       বাজারের নিম্নমানের পণ্যে ঠকে যাওয়া\n                    "}],"data-gjs-animate":"","data-gjs-duration":"","data-gjs-delay":""},{"tagName":"li","type":"text","classes":["flex","gap-3","text-gray-700"],"components":[{"tagName":"span","type":"text","classes":["text-red-500","font-bold"],"components":[{"type":"textnode","content":"✖"}],"data-gjs-animate":"","data-gjs-duration":"","data-gjs-delay":""},{"type":"textnode","content":"\n                       অতিরিক্ত দামে পণ্য কেনা\n                    "}],"data-gjs-animate":"","data-gjs-duration":"","data-gjs-delay":""},{"tagName":"li","type":"text","classes":["flex","gap-3","text-gray-700"],"components":[{"tagName":"span","type":"text","classes":["text-red-500","font-bold"],"components":[{"type":"textnode","content":"✖"}],"data-gjs-animate":"","data-gjs-duration":"","data-gjs-delay":""},{"type":"textnode","content":"\n                       কোনো ওয়ারেন্টি বা গ্যারান্টি না পাওয়া\n                    "}],"data-gjs-animate":"","data-gjs-duration":"","data-gjs-delay":""}],"data-gjs-animate":"","data-gjs-duration":"","data-gjs-delay":""}],"data-gjs-animate":"","data-gjs-duration":"","data-gjs-delay":""},{"classes":["bg-emerald-50","p-8","rounded-3xl","border","border-emerald-100","shadow-xl","transform","md:-translate-y-4"],"components":[{"tagName":"h3","type":"text","classes":["text-xl","font-bold","text-primary","mb-6","flex","items-center","gap-2"],"components":[{"tagName":"span","type":"text","classes":["bg-emerald-200","p-1","rounded"],"components":[{"type":"textnode","content":"✅"}],"data-gjs-animate":"","data-gjs-duration":"","data-gjs-delay":""},{"type":"textnode","content":" আমাদের সমাধান\n                 "}],"data-gjs-animate":"","data-gjs-duration":"","data-gjs-delay":""},{"tagName":"ul","classes":["space-y-4"],"components":[{"tagName":"li","type":"text","classes":["flex","gap-3","text-gray-800","font-medium"],"components":[{"tagName":"span","type":"text","classes":["text-primary","font-bold"],"components":[{"type":"textnode","content":"✔"}],"data-gjs-animate":"","data-gjs-duration":"","data-gjs-delay":""},{"type":"textnode","content":"\n                       ১০০% প্রিমিয়াম কোয়ালিটি নিশ্চিত করি\n                    "}],"data-gjs-animate":"","data-gjs-duration":"","data-gjs-delay":""},{"tagName":"li","type":"text","classes":["flex","gap-3","text-gray-800","font-medium"],"components":[{"tagName":"span","type":"text","classes":["text-primary","font-bold"],"components":[{"type":"textnode","content":"✔"}],"data-gjs-animate":"","data-gjs-duration":"","data-gjs-delay":""},{"type":"textnode","content":"\n                       সরাসরি ইম্পোর্টার থেকে কম দামে কেনা\n                    "}],"data-gjs-animate":"","data-gjs-duration":"","data-gjs-delay":""},{"tagName":"li","type":"text","classes":["flex","gap-3","text-gray-800","font-medium"],"components":[{"tagName":"span","type":"text","classes":["text-primary","font-bold"],"components":[{"type":"textnode","content":"✔"}],"data-gjs-animate":"","data-gjs-duration":"","data-gjs-delay":""},{"type":"textnode","content":"\n                       ১ বছরের ফুল রিপ্লেসমেন্ট গ্যারান্টি\n                    "}],"data-gjs-animate":"","data-gjs-duration":"","data-gjs-delay":""}],"data-gjs-animate":"","data-gjs-duration":"","data-gjs-delay":""}],"data-gjs-animate":"","data-gjs-duration":"","data-gjs-delay":""}],"data-gjs-animate":"","data-gjs-duration":"","data-gjs-delay":""}],"data-gjs-animate":"","data-gjs-duration":"","data-gjs-delay":""}],"data-gjs-animate":"","data-gjs-duration":"","data-gjs-delay":""},{"tagName":"section","classes":["py-12","bg-white","px-4"],"components":[{"classes":["max-w-6xl","mx-auto"],"components":[{"tagName":"h2","type":"text","classes":["text-3xl","font-bold","text-center","text-gray-900","mb-10"],"components":[{"type":"textnode","content":"আমাদের গ্রাহকরা যা বলছেন"}],"data-gjs-animate":"","data-gjs-duration":"","data-gjs-delay":""},{"classes":["grid","grid-cols-1","md:grid-cols-3","gap-6"],"components":[{"classes":["bg-gray-50","p-6","rounded-3xl","border","border-gray-100","shadow-sm","relative"],"components":[{"type":"text","classes":["text-yellow-400","text-2xl","mb-3"],"components":[{"type":"textnode","content":"★★★★★"}],"data-gjs-animate":"","data-gjs-duration":"","data-gjs-delay":""},{"tagName":"p","type":"text","classes":["text-gray-600","font-medium","italic","mb-6"],"components":[{"type":"textnode","content":"\"প্রোডাক্টটি খুবই ভালো। ডেলিভারি খুব ফাস্ট পেয়েছি। সেলারের ব্যবহারও চমৎকার।\""}],"data-gjs-animate":"","data-gjs-duration":"","data-gjs-delay":""},{"classes":["flex","items-center","gap-3"],"components":[{"type":"text","classes":["w-10","h-10","bg-emerald-100","rounded-full","flex","items-center","justify-center","font-bold","text-primary"],"components":[{"type":"textnode","content":"R"}],"data-gjs-animate":"","data-gjs-duration":"","data-gjs-delay":""},{"components":[{"tagName":"h4","type":"text","classes":["font-bold","text-gray-900","text-sm"],"components":[{"type":"textnode","content":"রহিম মিয়া"}],"data-gjs-animate":"","data-gjs-duration":"","data-gjs-delay":""},{"tagName":"p","type":"text","classes":["text-xs","text-gray-500"],"components":[{"type":"textnode","content":"ঢাকা"}],"data-gjs-animate":"","data-gjs-duration":"","data-gjs-delay":""}],"data-gjs-animate":"","data-gjs-duration":"","data-gjs-delay":""}],"data-gjs-animate":"","data-gjs-duration":"","data-gjs-delay":""}],"data-gjs-animate":"","data-gjs-duration":"","data-gjs-delay":""},{"classes":["bg-gray-50","p-6","rounded-3xl","border","border-gray-100","shadow-sm","relative"],"components":[{"type":"text","classes":["text-yellow-400","text-2xl","mb-3"],"components":[{"type":"textnode","content":"★★★★★"}],"data-gjs-animate":"","data-gjs-duration":"","data-gjs-delay":""},{"tagName":"p","type":"text","classes":["text-gray-600","font-medium","italic","mb-6"],"components":[{"type":"textnode","content":"\"অরিজিনাল প্রোডাক্ট পেয়েছি। ধন্যবাদ!\""}],"data-gjs-animate":"","data-gjs-duration":"","data-gjs-delay":""},{"classes":["flex","items-center","gap-3"],"components":[{"type":"text","classes":["w-10","h-10","bg-blue-100","rounded-full","flex","items-center","justify-center","font-bold","text-secondary"],"components":[{"type":"textnode","content":"S"}],"data-gjs-animate":"","data-gjs-duration":"","data-gjs-delay":""},{"components":[{"tagName":"h4","type":"text","classes":["font-bold","text-gray-900","text-sm"],"components":[{"type":"textnode","content":"সোহেল রানা"}],"data-gjs-animate":"","data-gjs-duration":"","data-gjs-delay":""},{"tagName":"p","type":"text","classes":["text-xs","text-gray-500"],"components":[{"type":"textnode","content":"চট্টগ্রাম"}],"data-gjs-animate":"","data-gjs-duration":"","data-gjs-delay":""}],"data-gjs-animate":"","data-gjs-duration":"","data-gjs-delay":""}],"data-gjs-animate":"","data-gjs-duration":"","data-gjs-delay":""}],"data-gjs-animate":"","data-gjs-duration":"","data-gjs-delay":""},{"classes":["bg-gray-50","p-6","rounded-3xl","border","border-gray-100","shadow-sm","relative"],"components":[{"type":"text","classes":["text-yellow-400","text-2xl","mb-3"],"components":[{"type":"textnode","content":"★★★★★"}],"data-gjs-animate":"","data-gjs-duration":"","data-gjs-delay":""},{"tagName":"p","type":"text","classes":["text-gray-600","font-medium","italic","mb-6"],"components":[{"type":"textnode","content":"\"দাম অনুযায়ী মান বেশ ভালো। আমি সন্তুষ্ট।\""}],"data-gjs-animate":"","data-gjs-duration":"","data-gjs-delay":""},{"classes":["flex","items-center","gap-3"],"components":[{"type":"text","classes":["w-10","h-10","bg-purple-100","rounded-full","flex","items-center","justify-center","font-bold","text-purple-700"],"components":[{"type":"textnode","content":"T"}],"data-gjs-animate":"","data-gjs-duration":"","data-gjs-delay":""},{"components":[{"tagName":"h4","type":"text","classes":["font-bold","text-gray-900","text-sm"],"components":[{"type":"textnode","content":"তানিয়া আক্তার"}],"data-gjs-animate":"","data-gjs-duration":"","data-gjs-delay":""},{"tagName":"p","type":"text","classes":["text-xs","text-gray-500"],"components":[{"type":"textnode","content":"সিলেট"}],"data-gjs-animate":"","data-gjs-duration":"","data-gjs-delay":""}],"data-gjs-animate":"","data-gjs-duration":"","data-gjs-delay":""}],"data-gjs-animate":"","data-gjs-duration":"","data-gjs-delay":""}],"data-gjs-animate":"","data-gjs-duration":"","data-gjs-delay":""}],"data-gjs-animate":"","data-gjs-duration":"","data-gjs-delay":""}],"data-gjs-animate":"","data-gjs-duration":"","data-gjs-delay":""}],"data-gjs-animate":"","data-gjs-duration":"","data-gjs-delay":""},{"tagName":"section","classes":["py-12","bg-gray-50","px-4"],"components":[{"classes":["max-w-3xl","mx-auto"],"components":[{"tagName":"h2","type":"text","classes":["text-3xl","font-bold","text-center","text-gray-900","mb-8"],"components":[{"type":"textnode","content":"সচরাচর জিজ্ঞাসিত প্রশ্ন"}],"data-gjs-animate":"","data-gjs-duration":"","data-gjs-delay":""},{"classes":["space-y-4"],"components":[{"tagName":"details","classes":["group","bg-white","rounded-2xl","shadow-sm","border","border-gray-200"],"components":[{"tagName":"summary","classes":["flex","items-center","justify-between","p-5","font-bold","text-lg","cursor-pointer","list-none"],"components":[{"tagName":"span","type":"text","components":[{"type":"textnode","content":"ডেলিভারি চার্জ কত?"}],"data-gjs-animate":"","data-gjs-duration":"","data-gjs-delay":""},{"tagName":"span","classes":["transition","group-open:rotate-180"],"components":[{"type":"svg","resizable":{"ratioDefault":true},"attributes":{"fill":"none","height":"24","stroke":"currentColor","stroke-linecap":"round","stroke-linejoin":"round","stroke-width":"2","viewBox":"0 0 24 24","width":"24"},"components":[{"tagName":"polyline","type":"svg-in","resizable":{"ratioDefault":true},"attributes":{"points":"6 9 12 15 18 9"}}]}],"data-gjs-animate":"","data-gjs-duration":"","data-gjs-delay":""}],"data-gjs-animate":"","data-gjs-duration":"","data-gjs-delay":""},{"type":"text","classes":["text-gray-600","px-5","pb-5","leading-relaxed"],"components":[{"type":"textnode","content":"\n                   ঢাকার ভিতরে ৭০ টাকা এবং ঢাকার বাইরে ১৩০ টাকা।\n                "}],"data-gjs-animate":"","data-gjs-duration":"","data-gjs-delay":""}],"data-gjs-animate":"","data-gjs-duration":"","data-gjs-delay":""},{"tagName":"details","classes":["group","bg-white","rounded-2xl","shadow-sm","border","border-gray-200"],"components":[{"tagName":"summary","classes":["flex","items-center","justify-between","p-5","font-bold","text-lg","cursor-pointer","list-none"],"components":[{"tagName":"span","type":"text","components":[{"type":"textnode","content":"পণ্যটি কি আসল?"}],"data-gjs-animate":"","data-gjs-duration":"","data-gjs-delay":""},{"tagName":"span","classes":["transition","group-open:rotate-180"],"components":[{"type":"svg","resizable":{"ratioDefault":true},"attributes":{"fill":"none","height":"24","stroke":"currentColor","stroke-linecap":"round","stroke-linejoin":"round","stroke-width":"2","viewBox":"0 0 24 24","width":"24"},"components":[{"tagName":"polyline","type":"svg-in","resizable":{"ratioDefault":true},"attributes":{"points":"6 9 12 15 18 9"}}]}],"data-gjs-animate":"","data-gjs-duration":"","data-gjs-delay":""}],"data-gjs-animate":"","data-gjs-duration":"","data-gjs-delay":""},{"type":"text","classes":["text-gray-600","px-5","pb-5","leading-relaxed"],"components":[{"type":"textnode","content":"\n                   জি, আমরা ১০০% অরিজিনাল পণ্যের গ্যারান্টি দিচ্ছি।\n                "}],"data-gjs-animate":"","data-gjs-duration":"","data-gjs-delay":""}],"data-gjs-animate":"","data-gjs-duration":"","data-gjs-delay":""},{"tagName":"details","classes":["group","bg-white","rounded-2xl","shadow-sm","border","border-gray-200"],"components":[{"tagName":"summary","classes":["flex","items-center","justify-between","p-5","font-bold","text-lg","cursor-pointer","list-none"],"components":[{"tagName":"span","type":"text","components":[{"type":"textnode","content":"রিটার্ন পলিসি কি?"}],"data-gjs-animate":"","data-gjs-duration":"","data-gjs-delay":""},{"tagName":"span","classes":["transition","group-open:rotate-180"],"components":[{"type":"svg","resizable":{"ratioDefault":true},"attributes":{"fill":"none","height":"24","stroke":"currentColor","stroke-linecap":"round","stroke-linejoin":"round","stroke-width":"2","viewBox":"0 0 24 24","width":"24"},"components":[{"tagName":"polyline","type":"svg-in","resizable":{"ratioDefault":true},"attributes":{"points":"6 9 12 15 18 9"}}]}],"data-gjs-animate":"","data-gjs-duration":"","data-gjs-delay":""}],"data-gjs-animate":"","data-gjs-duration":"","data-gjs-delay":""},{"type":"text","classes":["text-gray-600","px-5","pb-5","leading-relaxed"],"components":[{"type":"textnode","content":"\n                   পণ্য হাতে পাওয়ার পর যদি কোনো সমস্যা থাকে তবে সাথে সাথে রিটার্ন করতে পারবেন।\n                "}],"data-gjs-animate":"","data-gjs-duration":"","data-gjs-delay":""}],"data-gjs-animate":"","data-gjs-duration":"","data-gjs-delay":""}],"data-gjs-animate":"","data-gjs-duration":"","data-gjs-delay":""}],"data-gjs-animate":"","data-gjs-duration":"","data-gjs-delay":""}],"data-gjs-animate":"","data-gjs-duration":"","data-gjs-delay":""},{"tagName":"section","classes":["py-8","bg-blue-50","border-y","border-blue-100"],"components":[{"classes":["max-w-4xl","mx-auto","px-6","flex","flex-col","md:flex-row","justify-center","items-center","gap-6","md:gap-12"],"components":[{"classes":["flex","items-center","gap-4"],"components":[{"type":"text","classes":["w-12","h-12","bg-white","rounded-full","flex","items-center","justify-center","text-2xl","shadow-sm"],"components":[{"type":"textnode","content":"🏍️"}],"data-gjs-animate":"","data-gjs-duration":"","data-gjs-delay":""},{"components":[{"tagName":"h4","type":"text","classes":["font-bold","text-gray-900"],"components":[{"type":"textnode","content":"ঢাকার ভিতরে"}],"data-gjs-animate":"","data-gjs-duration":"","data-gjs-delay":""},{"tagName":"p","type":"text","classes":["text-blue-700","font-bold"],"components":[{"type":"textnode","content":"৭০ টাকা (২৪-৪৮ ঘন্টা)"}],"data-gjs-animate":"","data-gjs-duration":"","data-gjs-delay":""}],"data-gjs-animate":"","data-gjs-duration":"","data-gjs-delay":""}],"data-gjs-animate":"","data-gjs-duration":"","data-gjs-delay":""},{"classes":["hidden","md:block","w-px","h-12","bg-blue-200"],"data-gjs-animate":"","data-gjs-duration":"","data-gjs-delay":""},{"classes":["flex","items-center","gap-4"],"components":[{"type":"text","classes":["w-12","h-12","bg-white","rounded-full","flex","items-center","justify-center","text-2xl","shadow-sm"],"components":[{"type":"textnode","content":"🚛"}],"data-gjs-animate":"","data-gjs-duration":"","data-gjs-delay":""},{"components":[{"tagName":"h4","type":"text","classes":["font-bold","text-gray-900"],"components":[{"type":"textnode","content":"ঢাকার বাইরে"}],"data-gjs-animate":"","data-gjs-duration":"","data-gjs-delay":""},{"tagName":"p","type":"text","classes":["text-blue-700","font-bold"],"components":[{"type":"textnode","content":"১৩০ টাকা (২-৩ দিন)"}],"data-gjs-animate":"","data-gjs-duration":"","data-gjs-delay":""}],"data-gjs-animate":"","data-gjs-duration":"","data-gjs-delay":""}],"data-gjs-animate":"","data-gjs-duration":"","data-gjs-delay":""}],"data-gjs-animate":"","data-gjs-duration":"","data-gjs-delay":""}],"data-gjs-animate":"","data-gjs-duration":"","data-gjs-delay":""},{"classes":["max-w-3xl","mx-auto","my-10","p-1","rounded-2xl","bg-gradient-to-r","from-yellow-400","via-orange-500","to-red-500"],"components":[{"classes":["bg-white","rounded-xl","p-8","text-center"],"components":[{"type":"text","classes":["w-20","h-20","bg-yellow-100","rounded-full","flex","items-center","justify-center","text-4xl","mx-auto","mb-4"],"components":[{"type":"textnode","content":"🛡️"}],"data-gjs-animate":"","data-gjs-duration":"","data-gjs-delay":""},{"tagName":"h3","type":"text","classes":["text-2xl","font-black","text-gray-900","mb-3"],"components":[{"type":"textnode","content":"১০০% মানি ব্যাক গ্যারান্টি"}],"data-gjs-animate":"","data-gjs-duration":"","data-gjs-delay":""},{"tagName":"p","type":"text","classes":["text-gray-600","leading-relaxed"],"components":[{"type":"textnode","content":"\n               আমরা পণ্যের মানের ব্যাপারে আপোষ করি না। পন্য হাতে পাওয়ার পর যদি মনে হয় এটি আপনার জন্য নয়, তবে আমরা কোনো প্রশ্ন ছাড়াই টাকা ফেরত দেব। আপনার সন্তুষ্টিই আমাদের কাম্য।\n            "}],"data-gjs-animate":"","data-gjs-duration":"","data-gjs-delay":""}],"data-gjs-animate":"","data-gjs-duration":"","data-gjs-delay":""}],"data-gjs-animate":"","data-gjs-duration":"","data-gjs-delay":""},{"tagName":"section","classes":["py-16","bg-emerald-50/50","px-4"],"attributes":{"id":"order"},"components":[{"classes":["max-w-6xl","mx-auto"],"components":[{"classes":["text-center","mb-10"],"components":[{"tagName":"h2","type":"text","classes":["text-3xl","md:text-5xl","font-black","text-gray-900","mb-4"],"components":[{"type":"textnode","content":"অর্ডার কনফার্ম করুন"}],"data-gjs-animate":"","data-gjs-duration":"","data-gjs-delay":""},{"tagName":"p","type":"text","classes":["text-xl","text-gray-600","font-medium"],"components":[{"type":"textnode","content":"নিচের ফর্মটি পূরণ করুন, আমরা আপনাকে কল করবো"}],"data-gjs-animate":"","data-gjs-duration":"","data-gjs-delay":""}],"data-gjs-animate":"","data-gjs-duration":"","data-gjs-delay":""},{"classes":["bg-white","rounded-[2.5rem]","p-6","md:p-12","shadow-2xl","shadow-emerald-200/50","border","border-gray-100","grid","grid-cols-1","lg:grid-cols-2","gap-10","lg:gap-16"],"components":[{"type":"comment","content":" Product Info Summary "},{"classes":["space-y-8"],"components":[{"classes":["bg-emerald-50","rounded-3xl","p-6","border","border-emerald-100","relative","overflow-hidden"],"components":[{"classes":["flex","items-center","gap-6"],"components":[{"classes":["w-24","h-24","bg-white","rounded-2xl","overflow-hidden","shadow-md","flex-shrink-0","p-1"],"components":[{"type":"image","resizable":{"ratioDefault":1},"classes":["w-full","h-full","object-cover","rounded-xl","product-image"],"attributes":{"src":"https://images.unsplash.com/photo-1523275335684-37898b6baf30?w=300&q=80"},"data-gjs-animate":"","data-gjs-duration":"","data-gjs-delay":""}],"data-gjs-animate":"","data-gjs-duration":"","data-gjs-delay":""},{"components":[{"tagName":"h4","type":"text","classes":["text-xl","font-black","text-gray-900","mb-2"],"components":[{"type":"textnode","content":"প্রিমিয়াম কোয়ালিটি পণ্য"}],"data-gjs-animate":"","data-gjs-duration":"","data-gjs-delay":""},{"classes":["flex","items-center","gap-3"],"components":[{"tagName":"span","type":"text","classes":["text-emerald-600","font-black","text-3xl","product-price"],"components":[{"type":"textnode","content":"৳৯৫০"}],"data-gjs-animate":"","data-gjs-duration":"","data-gjs-delay":""},{"tagName":"span","type":"text","classes":["text-gray-400","line-through","text-lg","product-compare-price"],"components":[{"type":"textnode","content":"৳১,৯৫০"}],"data-gjs-animate":"","data-gjs-duration":"","data-gjs-delay":""}],"data-gjs-animate":"","data-gjs-duration":"","data-gjs-delay":""}],"data-gjs-animate":"","data-gjs-duration":"","data-gjs-delay":""}],"data-gjs-animate":"","data-gjs-duration":"","data-gjs-delay":""}],"data-gjs-animate":"","data-gjs-duration":"","data-gjs-delay":""},{"classes":["space-y-4"],"components":[{"tagName":"h5","classes":["text-lg","font-bold","text-gray-800","flex","items-center","gap-2"],"components":[{"tagName":"span","classes":["w-2","h-8","bg-emerald-500","rounded-full"],"data-gjs-animate":"","data-gjs-duration":"","data-gjs-delay":""},{"type":"textnode","content":"\n                   কেন আপনি আমাদের পণ্যটি কিনবেন?\n                "}],"data-gjs-animate":"","data-gjs-duration":"","data-gjs-delay":""},{"tagName":"ul","classes":["space-y-3"],"components":[{"tagName":"li","type":"text","classes":["flex","items-start","gap-3","font-medium","text-gray-700"],"components":[{"tagName":"span","type":"text","classes":["text-emerald-500","text-xl","font-bold"],"components":[{"type":"textnode","content":"✓"}],"data-gjs-animate":"","data-gjs-duration":"","data-gjs-delay":""},{"type":"textnode","content":"\n                    ১০০% অরিজিনাল কালার গ্যারান্টি।\n                  "}],"data-gjs-animate":"","data-gjs-duration":"","data-gjs-delay":""},{"tagName":"li","type":"text","classes":["flex","items-start","gap-3","font-medium","text-gray-700"],"components":[{"tagName":"span","type":"text","classes":["text-emerald-500","text-xl","font-bold"],"components":[{"type":"textnode","content":"✓"}],"data-gjs-animate":"","data-gjs-duration":"","data-gjs-delay":""},{"type":"textnode","content":"\n                    প্রিমিয়াম মেটেরিয়াল দিয়ে তৈরী।\n                  "}],"data-gjs-animate":"","data-gjs-duration":"","data-gjs-delay":""},{"tagName":"li","type":"text","classes":["flex","items-start","gap-3","font-medium","text-gray-700"],"components":[{"tagName":"span","type":"text","classes":["text-emerald-500","text-xl","font-bold"],"components":[{"type":"textnode","content":"✓"}],"data-gjs-animate":"","data-gjs-duration":"","data-gjs-delay":""},{"type":"textnode","content":"\n                    ৭ দিনের রিপ্লেসমেন্ট ওয়ারেন্টি।\n                  "}],"data-gjs-animate":"","data-gjs-duration":"","data-gjs-delay":""}],"data-gjs-animate":"","data-gjs-duration":"","data-gjs-delay":""}],"data-gjs-animate":"","data-gjs-duration":"","data-gjs-delay":""},{"classes":["bg-blue-50","p-6","rounded-3xl","border","border-blue-100","flex","items-center","gap-4","animate-pulse"],"components":[{"type":"text","classes":["w-12","h-12","bg-white","rounded-full","flex","items-center","justify-center","text-2xl","shadow-sm"],"components":[{"type":"textnode","content":"🔥"}],"data-gjs-animate":"","data-gjs-duration":"","data-gjs-delay":""},{"tagName":"p","type":"text","classes":["text-blue-900","font-bold"],"components":[{"type":"textnode","content":"গত ২৪ ঘণ্টায় ১২৫ জন নতুন গ্রাহক অর্ডার করেছেন!"}],"data-gjs-animate":"","data-gjs-duration":"","data-gjs-delay":""}],"data-gjs-animate":"","data-gjs-duration":"","data-gjs-delay":""}],"data-gjs-animate":"","data-gjs-duration":"","data-gjs-delay":""},{"type":"comment","content":" Form "},{"type":"form","classes":["space-y-6"],"attributes":{"method":"POST","action":"/api/create-order"},"components":[{"classes":["space-y-2"],"components":[{"type":"label","classes":["block","text-sm","font-bold","text-gray-500","uppercase","tracking-widest","px-1"],"components":[{"type":"textnode","content":"আপনার নাম"}]},{"type":"input","void":true,"classes":["w-full","px-6","py-4","rounded-2xl","border-2","border-gray-100","focus:border-emerald-500","focus:ring-4","focus:ring-emerald-500/10","outline-none","transition"],"attributes":{"type":"text","name":"customer_name","placeholder":"নাম লিখুন","required":true}}],"data-gjs-animate":"","data-gjs-duration":"","data-gjs-delay":""},{"classes":["space-y-2"],"components":[{"type":"label","classes":["block","text-sm","font-bold","text-gray-500","uppercase","tracking-widest","px-1"],"components":[{"type":"textnode","content":"মোবাইল নাম্বার"}]},{"type":"input","void":true,"classes":["w-full","px-6","py-4","rounded-2xl","border-2","border-gray-100","focus:border-emerald-500","focus:ring-4","focus:ring-emerald-500/10","outline-none","transition"],"attributes":{"type":"tel","name":"phone","placeholder":"017XXXXXXXX","required":true}}],"data-gjs-animate":"","data-gjs-duration":"","data-gjs-delay":""},{"classes":["space-y-2"],"components":[{"type":"label","classes":["block","text-sm","font-bold","text-gray-500","uppercase","tracking-widest","px-1"],"components":[{"type":"textnode","content":"সম্পূর্ণ ঠিকানা"}]},{"type":"textarea","classes":["w-full","px-6","py-4","rounded-2xl","border-2","border-gray-100","focus:border-emerald-500","focus:ring-4","focus:ring-emerald-500/10","outline-none","h-32","transition","resize-none"],"attributes":{"name":"address","placeholder":"বাসা নং, রোড, থানা, জেলা লিখুন","required":true}}],"data-gjs-animate":"","data-gjs-duration":"","data-gjs-delay":""},{"classes":["bg-gray-50","p-6","rounded-3xl","border","border-dashed","border-gray-300","space-y-3"],"components":[{"classes":["flex","justify-between","items-center","text-gray-600","font-medium"],"components":[{"tagName":"span","type":"text","components":[{"type":"textnode","content":"পণ্যের নাম:"}],"data-gjs-animate":"","data-gjs-duration":"","data-gjs-delay":""},{"tagName":"span","type":"text","classes":["font-bold","text-gray-900","text-xl","product-name"],"components":[{"type":"textnode","content":"প্রিমিয়াম পণ্য"}],"data-gjs-animate":"","data-gjs-duration":"","data-gjs-delay":""}],"data-gjs-animate":"","data-gjs-duration":"","data-gjs-delay":""},{"classes":["flex","justify-between","items-center","text-emerald-600","font-medium"],"components":[{"tagName":"span","type":"text","components":[{"type":"textnode","content":"ডেলিভারি চার্জ:"}],"data-gjs-animate":"","data-gjs-duration":"","data-gjs-delay":""},{"tagName":"span","type":"text","classes":["font-bold","text-lg"],"components":[{"type":"textnode","content":"ফ্রি"}],"data-gjs-animate":"","data-gjs-duration":"","data-gjs-delay":""}],"data-gjs-animate":"","data-gjs-duration":"","data-gjs-delay":""},{"classes":["pt-3","border-t","border-gray-200","flex","justify-between","items-center","text-gray-900"],"components":[{"tagName":"span","type":"text","classes":["text-xl","font-black"],"components":[{"type":"textnode","content":"সর্বমোট মূল্য:"}],"data-gjs-animate":"","data-gjs-duration":"","data-gjs-delay":""},{"tagName":"span","type":"text","classes":["text-3xl","font-black","text-emerald-600","product-price"],"components":[{"type":"textnode","content":"৳৯৫০"}],"data-gjs-animate":"","data-gjs-duration":"","data-gjs-delay":""}],"data-gjs-animate":"","data-gjs-duration":"","data-gjs-delay":""}],"data-gjs-animate":"","data-gjs-duration":"","data-gjs-delay":""},{"classes":["flex","flex-col","gap-4"],"components":[{"type":"button","classes":["w-full","bg-gradient-to-r","from-emerald-600","to-emerald-500","text-white","font-black","text-2xl","py-6","rounded-3xl","shadow-2xl","shadow-emerald-200","hover:shadow-emerald-300","hover:scale-[1.02]","active:scale-95","transition-all"],"attributes":{"type":"submit"},"text":"অর্ডার কনফার্ম করুন","components":[{"type":"textnode","content":"অর্ডার কনফার্ম করুন"}]},{"type":"link","classes":["w-full","bg-white","text-emerald-600","border-2","border-emerald-100","font-bold","py-4","rounded-3xl","flex","items-center","justify-center","gap-2","hover:bg-emerald-50","transition","whatsapp-link"],"attributes":{"href":"https://wa.me/8801XXXXXXXXX"},"components":[{"type":"svg","resizable":{"ratioDefault":true},"attributes":{"viewBox":"0 0 24 24","width":"24","height":"24","fill":"currentColor"},"components":[{"tagName":"path","type":"svg-in","resizable":{"ratioDefault":true},"attributes":{"d":"M17.472 14.382c-.297-.149-1.758-.867-2.03-.967-.273-.099-.471-.148-.67.15-.197.297-.767.966-.94 1.164-.173.199-.347.223-.644.075-.297-.15-1.255-.463-2.39-1.475-.883-.788-1.48-1.761-1.653-2.059-.173-.297-.018-.458.13-.606.134-.133.298-.347.446-.52.149-.174.198-.298.298-.497.099-.198.05-.371-.025-.52-.075-.149-.669-1.612-.916-2.207-.242-.579-.487-.5-.669-.51-.173-.008-.371-.01-.57-.01-.198 0-.52.074-.792.372-.272.297-1.04 1.016-1.04 2.479 0 1.462 1.065 2.875 1.213 3.074.149.198 2.096 3.2 5.077 4.487.709.306 1.262.489 1.694.625.712.227 1.36.195 1.871.118.571-.085 1.758-.719 2.006-1.413.248-.694.248-1.289.173-1.413-.074-.124-.272-.198-.57-.347m-5.421 7.403h-.004a9.87 9.87 0 01-5.031-1.378l-.361-.214-3.741.982.998-3.648-.235-.374a9.86 9.86 0 01-1.51-5.26c.001-5.45 4.436-9.884 9.888-9.884 2.64 0 5.122 1.03 6.988 2.898a9.825 9.825 0 012.893 6.994c-.003 5.45-4.437 9.884-9.885 9.884m8.413-18.297A11.815 11.815 0 0012.05 0C5.495 0 .16 5.335.157 11.892c0 2.096.547 4.142 1.588 5.945L.057 24l6.305-1.654a11.882 11.882 0 005.683 1.448h.005c6.554 0 11.89-5.335 11.893-11.893a11.821 11.821 0 00-3.48-8.413z"}}]},{"type":"textnode","content":"\n                  সরাসরি কথা বলুন\n                "}]}],"data-gjs-animate":"","data-gjs-duration":"","data-gjs-delay":""}]}],"data-gjs-animate":"","data-gjs-duration":"","data-gjs-delay":""}],"data-gjs-animate":"","data-gjs-duration":"","data-gjs-delay":""}],"data-gjs-animate":"","data-gjs-duration":"","data-gjs-delay":""},{"tagName":"footer","classes":["bg-white","border-t","border-gray-100","py-12","px-4"],"components":[{"classes":["max-w-6xl","mx-auto","flex","flex-col","md:flex-row","items-center","justify-between","gap-6"],"components":[{"classes":["text-center","md:text-left"],"components":[{"type":"text","classes":["font-black","text-xl","text-gray-900","mb-2"],"components":[{"type":"textnode","content":"YOUR STORE"}],"data-gjs-animate":"","data-gjs-duration":"","data-gjs-delay":""},{"tagName":"p","type":"text","classes":["text-gray-500","text-sm"],"components":[{"type":"textnode","content":"© 2024 All rights reserved."}],"data-gjs-animate":"","data-gjs-duration":"","data-gjs-delay":""}],"data-gjs-animate":"","data-gjs-duration":"","data-gjs-delay":""},{"classes":["flex","gap-4"],"components":[{"type":"link","classes":["w-10","h-10","bg-gray-100","text-gray-600","rounded-full","flex","items-center","justify-center","hover:bg-blue-500","hover:text-white","transition"],"attributes":{"href":"#"},"components":[{"type":"textnode","content":"f"}]},{"type":"link","classes":["w-10","h-10","bg-gray-100","text-gray-600","rounded-full","flex","items-center","justify-center","hover:bg-pink-500","hover:text-white","transition"],"attributes":{"href":"#"},"components":[{"type":"textnode","content":"i"}]},{"type":"link","classes":["w-10","h-10","bg-gray-100","text-gray-600","rounded-full","flex","items-center","justify-center","hover:bg-red-500","hover:text-white","transition"],"attributes":{"href":"#"},"components":[{"type":"textnode","content":"y"}]}],"data-gjs-animate":"","data-gjs-duration":"","data-gjs-delay":""},{"classes":["flex","gap-6","text-sm","font-medium","text-gray-600"],"components":[{"type":"link","classes":["hover:text-primary"],"attributes":{"href":"#"},"components":[{"type":"textnode","content":"Terms"}]},{"type":"link","classes":["hover:text-primary"],"attributes":{"href":"#"},"components":[{"type":"textnode","content":"Privacy"}]},{"type":"link","classes":["hover:text-primary"],"attributes":{"href":"#"},"components":[{"type":"textnode","content":"Refund Policy"}]}],"data-gjs-animate":"","data-gjs-duration":"","data-gjs-delay":""}],"data-gjs-animate":"","data-gjs-duration":"","data-gjs-delay":""}],"data-gjs-animate":"","data-gjs-duration":"","data-gjs-delay":""}],"head":{"type":"head"},"docEl":{"tagName":"html","data-gjs-animate":"","data-gjs-duration":"","data-gjs-delay":""},"data-gjs-animate":"","data-gjs-duration":"","data-gjs-delay":""},"id":"84mYw6vCinCEXLEd"}],"type":"main","id":"0EiOOI1Y4vMFrCVh"}],"symbols":[],"themeConfig":{"primaryColor":"#059669","secondaryColor":"#2563eb","fontHeading":"Hind Siliguri","fontBody":"Hind Siliguri"},"html":"<body><div class=\"sticky top-0 left-0 right-0 z-[60] bg-gradient-to-r from-red-600 via-red-500 to-yellow-500 py-3 shadow-lg\"><div class=\"max-w-4xl mx-auto px-4 flex items-center justify-center gap-4 text-white\"><span class=\"text-xl animate-pulse\">⚡</span><span class=\"font-bold text-sm md:text-base uppercase tracking-wider\">অফারটি শেষ হতে আর মাত্র:</span><div class=\"flex items-center gap-2 font-mono font-black text-xl md:text-2xl\"><div class=\"bg-black/20 px-2 rounded\">02</div><span class=\"animate-pulse\">:</span><div class=\"bg-black/20 px-2 rounded\">45</div><span class=\"animate-pulse\">:</span><div class=\"bg-black/20 px-2 rounded text-yellow-300\">12</div></div><span class=\"text-xl animate-pulse\">⚡</span></div></div><header class=\"bg-white border-b border-gray-100 sticky top-0 z-50\"><div class=\"max-w-7xl mx-auto px-4 sm:px-6 h-20 flex items-center justify-between\"><div class=\"font-black text-2xl text-primary flex items-center gap-2\"><span class=\"w-8 h-8 bg-primary text-white rounded-lg flex items-center justify-center\">S</span>\n             STORE\n           </div><nav class=\"hidden md:flex items-center gap-8 font-medium text-gray-600\"><a href=\"#features\" class=\"hover:text-primary transition\">ফিচার</a><a href=\"#reviews\" class=\"hover:text-primary transition\">রিভিউ</a><a href=\"#faq\" class=\"hover:text-primary transition\">প্রশ্নোত্তৰ</a></nav><a href=\"#order\" class=\"bg-gray-900 text-white font-bold px-6 py-3 rounded-xl hover:bg-gray-800 transition\">অর্ডার করুন</a></div></header><section class=\"py-12 md:py-20 bg-gray-50 overflow-hidden\"><div class=\"max-w-7xl mx-auto px-4 sm:px-6 lg:px-8\"><div class=\"grid grid-cols-1 md:grid-cols-2 gap-12 items-center\"><div class=\"order-2 md:order-1 text-center md:text-left\"><div class=\"inline-flex items-center gap-2 px-3 py-1 rounded-full bg-blue-100 text-blue-700 text-xs font-bold mb-6\"><span class=\"w-2 h-2 rounded-full bg-blue-600 animate-pulse\"></span>\n                নতুন কালেকশন ২০২৫\n              </div><h1 class=\"text-4xl md:text-6xl font-black text-gray-900 leading-tight mb-6\">\n                আপনার স্টাইলের নতুন <span class=\"text-transparent bg-clip-text bg-gradient-to-r from-blue-600 to-purple-600 product-name\">সংজ্ঞা</span></h1><p class=\"text-lg text-gray-600 mb-8 leading-relaxed max-w-lg mx-auto md:mx-0\">\n                সেরা মানের মেটেরিয়াল এবং আধুনিক ডিজাইনের সংমিশ্রণ। আজই অর্ডার করুন এবং উপভোগ করুন বিশেষ ছাড়।\n              </p><div class=\"flex flex-col sm:flex-row gap-4 justify-center md:justify-start\"><a href=\"#order\" class=\"px-8 py-4 bg-gray-900 text-white font-bold rounded-xl hover:bg-gray-800 transition transform hover:-translate-y-1 shadow-lg\">\n                  এখনই কিনুন\n                </a><a href=\"https://wa.me/8801XXXXXXXXX\" class=\"px-8 py-4 bg-white text-emerald-600 border-2 border-emerald-100 font-bold rounded-xl hover:bg-emerald-50 transition flex items-center justify-center gap-2 whatsapp-link shadow-sm\"><svg viewBox=\"0 0 24 24\" width=\"20\" height=\"20\" fill=\"currentColor\"><path d=\"M17.472 14.382c-.297-.149-1.758-.867-2.03-.967-.273-.099-.471-.148-.67.15-.197.297-.767.966-.94 1.164-.173.199-.347.223-.644.075-.297-.15-1.255-.463-2.39-1.475-.883-.788-1.48-1.761-1.653-2.059-.173-.297-.018-.458.13-.606.134-.133.298-.347.446-.52.149-.174.198-.298.298-.497.099-.198.05-.371-.025-.52-.075-.149-.669-1.612-.916-2.207-.242-.579-.487-.5-.669-.51-.173-.008-.371-.01-.57-.01-.198 0-.52.074-.792.372-.272.297-1.04 1.016-1.04 2.479 0 1.462 1.065 2.875 1.213 3.074.149.198 2.096 3.2 5.077 4.487.709.306 1.262.489 1.694.625.712.227 1.36.195 1.871.118.571-.085 1.758-.719 2.006-1.413.248-.694.248-1.289.173-1.413-.074-.124-.272-.198-.57-.347m-5.421 7.403h-.004a9.87 9.87 0 01-5.031-1.378l-.361-.214-3.741.982.998-3.648-.235-.374a9.86 9.86 0 01-1.51-5.26c.001-5.45 4.436-9.884 9.888-9.884 2.64 0 5.122 1.03 6.988 2.898a9.825 9.825 0 012.893 6.994c-.003 5.45-4.437 9.884-9.885 9.884m8.413-18.297A11.815 11.815 0 0012.05 0C5.495 0 .16 5.335.157 11.892c0 2.096.547 4.142 1.588 5.945L.057 24l6.305-1.654a11.882 11.882 0 005.683 1.448h.005c6.554 0 11.89-5.335 11.893-11.893a11.821 11.821 0 00-3.48-8.413z\"></path></svg>\n                  ওয়াটসঅ্যাপ করুন\n                </a></div></div><div class=\"order-1 md:order-2 relative\"><div class=\"absolute inset-0 bg-gradient-to-tr from-blue-200 to-purple-200 rounded-full blur-3xl opacity-30 animate-pulse\"></div><img src=\"https://images.unsplash.com/photo-1542291026-7eec264c27ff?q=80&amp;w=1000&amp;auto=format&amp;fit=crop\" alt=\"Product\" class=\"relative w-full h-auto rounded-3xl shadow-2xl transform hover:scale-[1.02] transition duration-500\"/></div></div></div></section><section class=\"py-12 bg-gray-50/50\"><div class=\"max-w-6xl mx-auto px-4 grid grid-cols-2 md:grid-cols-4 gap-4 md:gap-8\"><div class=\"bg-white/70 backdrop-blur-xl border border-white/50 p-6 rounded-3xl shadow-xl shadow-gray-200/50 text-center flex flex-col items-center gap-3 transform hover:-translate-y-2 transition duration-500\"><div class=\"w-16 h-16 bg-emerald-50 rounded-2xl flex items-center justify-center text-emerald-600 shadow-inner\"><svg fill=\"none\" stroke=\"currentColor\" viewBox=\"0 0 24 24\" class=\"w-8 h-8\"><path stroke-linecap=\"round\" stroke-linejoin=\"round\" stroke-width=\"2\" d=\"M5 13l4 4L19 7\"></path></svg></div><h3 class=\"font-black text-gray-900 leading-tight\">দ্রুত ডেলিভারি</h3><p class=\"text-xs text-gray-500 font-bold uppercase tracking-tighter\">সারা বাংলাদেশে</p></div><div class=\"bg-white/70 backdrop-blur-xl border border-white/50 p-6 rounded-3xl shadow-xl shadow-gray-200/50 text-center flex flex-col items-center gap-3 transform hover:-translate-y-2 transition duration-500\"><div class=\"w-16 h-16 bg-blue-50 rounded-2xl flex items-center justify-center text-blue-600 shadow-inner\"><svg fill=\"none\" stroke=\"currentColor\" viewBox=\"0 0 24 24\" class=\"w-8 h-8\"><path stroke-linecap=\"round\" stroke-linejoin=\"round\" stroke-width=\"2\" d=\"M17 9V7a2 2 0 00-2-2H5a2 2 0 00-2 2v6a2 2 0 002 2h2m2 4h10a2 2 0 002-2v-6a2 2 0 00-2-2H9a2 2 0 00-2 2v6a2 2 0 002 2zm7-5a2 2 0 11-4 0 2 2 0 014 0z\"></path></svg></div><h3 class=\"font-black text-gray-900 leading-tight\">ক্যাশ অন ডেলিভারি</h3><p class=\"text-xs text-gray-500 font-bold uppercase tracking-tighter\">হাতে পেয়ে পেমেন্ট</p></div><div class=\"bg-white/70 backdrop-blur-xl border border-white/50 p-6 rounded-3xl shadow-xl shadow-gray-200/50 text-center flex flex-col items-center gap-3 transform hover:-translate-y-2 transition duration-500\"><div class=\"w-16 h-16 bg-purple-50 rounded-2xl flex items-center justify-center text-purple-600 shadow-inner\"><svg fill=\"none\" stroke=\"currentColor\" viewBox=\"0 0 24 24\" class=\"w-8 h-8\"><path stroke-linecap=\"round\" stroke-linejoin=\"round\" stroke-width=\"2\" d=\"M9 12l2 2 4-4m5.618-4.016A11.955 11.955 0 0112 2.944a11.955 11.955 0 01-8.618 3.04A12.02 12.02 0 003 9c0 5.591 3.824 10.29 9 11.622 5.176-1.332 9-6.03 9-11.622 0-1.042-.133-2.052-.382-3.016z\"></path></svg></div><h3 class=\"font-black text-gray-900 leading-tight\">১০০% গ্যারান্টি</h3><p class=\"text-xs text-gray-500 font-bold uppercase tracking-tighter\">অরিজিনাল প্রোডাক্ট</p></div><div class=\"bg-white/70 backdrop-blur-xl border border-white/50 p-6 rounded-3xl shadow-xl shadow-gray-200/50 text-center flex flex-col items-center gap-3 transform hover:-translate-y-2 transition duration-500\"><div class=\"w-16 h-16 bg-red-50 rounded-2xl flex items-center justify-center text-red-600 shadow-inner\"><svg fill=\"none\" stroke=\"currentColor\" viewBox=\"0 0 24 24\" class=\"w-8 h-8\"><path stroke-linecap=\"round\" stroke-linejoin=\"round\" stroke-width=\"2\" d=\"M4 4v5h.582m15.356 2A8.001 8.001 0 004.582 9m0 0H9m11 11v-5h-.581m0 0a8.003 8.003 0 01-15.357-2m15.357 2H15\"></path></svg></div><h3 class=\"font-black text-gray-900 leading-tight\">সহজ রিটার্ন</h3><p class=\"text-xs text-gray-500 font-bold uppercase tracking-tighter\">৭ দিনের পলিসি</p></div></div></section><section class=\"py-10 bg-gray-50\"><div class=\"max-w-4xl mx-auto px-6\"><h2 class=\"text-2xl font-bold text-center text-gray-900 mb-8\">আমাদের পণ্যের ভিডিওটি দেখুন</h2><div class=\"relative w-full aspect-video rounded-2xl overflow-hidden shadow-2xl border-4 border-white\"><iframe allowfullscreen=\"\" src=\"https://www.youtube.com/embed/dQw4w9WgXcQ?\" title=\"YouTube video player\" frameborder=\"0\" allow=\"accelerometer; autoplay; clipboard-write; encrypted-media; gyroscope; picture-in-picture\" class=\"absolute inset-0 w-full h-full\"></iframe></div></div></section><section class=\"py-12 bg-white px-4\"><div class=\"max-w-6xl mx-auto\"><h2 class=\"text-3xl font-bold text-center text-gray-900 mb-10\">প্রোডাক্ট গ্যালারি</h2><div class=\"grid grid-cols-2 md:grid-cols-4 gap-4\"><img src=\"https://images.unsplash.com/photo-1523275335684-37898b6baf30?w=500&amp;q=80\" class=\"rounded-xl shadow-sm hover:scale-105 transition duration-300 w-full h-48 object-cover cursor-pointer\"/><img src=\"https://images.unsplash.com/photo-1505740420928-5e560c06d30e?w=500&amp;q=80\" class=\"rounded-xl shadow-sm hover:scale-105 transition duration-300 w-full h-48 object-cover cursor-pointer\"/><img src=\"https://images.unsplash.com/photo-1572635196237-14b3f281503f?w=500&amp;q=80\" class=\"rounded-xl shadow-sm hover:scale-105 transition duration-300 w-full h-48 object-cover cursor-pointer\"/><img src=\"https://images.unsplash.com/photo-1542291026-7eec264c27ff?w=500&amp;q=80\" class=\"rounded-xl shadow-sm hover:scale-105 transition duration-300 w-full h-48 object-cover cursor-pointer\"/></div></div></section><section class=\"py-16 bg-white px-4\"><div class=\"max-w-6xl mx-auto\"><h2 class=\"text-center text-3xl md:text-4xl font-black mb-12\">কেন অর্ডার করবেন?</h2><div class=\"grid grid-cols-1 md:grid-cols-3 gap-6 lg:gap-10\"><div class=\"group bg-gradient-to-br from-emerald-50 to-white p-8 rounded-[2.5rem] border border-emerald-100 hover:shadow-2xl hover:shadow-emerald-200/50 transition-all duration-500 text-center\"><div class=\"w-20 h-20 bg-white rounded-3xl shadow-xl shadow-emerald-100 flex items-center justify-center text-4xl mx-auto mb-6 transform group-hover:rotate-12 transition\">🛡️</div><h4 class=\"text-xl font-black text-gray-900 mb-4\">মানি ব্যাক গ্যারান্টি</h4><p class=\"text-gray-600 font-medium leading-relaxed\">পণ্য হাতে পেয়ে কোনো সমস্যা থাকলে আমাদের বলুন, ১০০% রিটার্ন গ্যারান্টি।</p></div><div class=\"group bg-gradient-to-br from-blue-50 to-white p-8 rounded-[2.5rem] border border-blue-100 hover:shadow-2xl hover:shadow-blue-200/50 transition-all duration-500 text-center\"><div class=\"w-20 h-20 bg-white rounded-3xl shadow-xl shadow-blue-100 flex items-center justify-center text-4xl mx-auto mb-6 transform group-hover:rotate-12 transition\">🛵</div><h4 class=\"text-xl font-black text-gray-900 mb-4\">দ্রুত হোম ডেলিভারি</h4><p class=\"text-gray-600 font-medium leading-relaxed\">ঢাকার ভিতরে ২৪ ঘণ্টা এবং সারা বাংলাদেশে মাত্র ২-৩ দিনের ডেলিভারি।</p></div><div class=\"group bg-gradient-to-br from-amber-50 to-white p-8 rounded-[2.5rem] border border-amber-100 hover:shadow-2xl hover:shadow-amber-200/50 transition-all duration-500 text-center\"><div class=\"w-20 h-20 bg-white rounded-3xl shadow-xl shadow-amber-100 flex items-center justify-center text-4xl mx-auto mb-6 transform group-hover:rotate-12 transition\">💎</div><h4 class=\"text-xl font-black text-gray-900 mb-4\">প্রিমিয়াম কোয়ালিটি</h4><p class=\"text-gray-600 font-medium leading-relaxed\">আমরা দিচ্ছি সরাসরি ইম্পোর্টেড হাই কোয়ালিটি পণ্য যা আপনি নিশ্চিত থাকতে পারেন।</p></div></div></div></section><section class=\"py-16 bg-white px-4\"><div class=\"max-w-5xl mx-auto\"><div class=\"text-center mb-16\"><h2 class=\"text-3xl md:text-5xl font-black text-gray-900 mb-4\">পার্থক্যটি নিজেই দেখুন</h2><div class=\"w-24 h-2 bg-emerald-500 mx-auto rounded-full\"></div></div><div class=\"grid grid-cols-1 md:grid-cols-2 gap-8 items-stretch\"><div class=\"bg-red-50/50 p-8 rounded-[3rem] border border-red-100 relative grayscale-[0.5] opacity-80\"><div class=\"absolute -top-4 left-8 bg-red-500 text-white px-6 py-2 rounded-full font-bold shadow-lg\">সাধারণ বাজারজাত পণ্য</div><div class=\"aspect-video bg-gray-200 rounded-3xl mb-8 overflow-hidden\"><img src=\"https://images.unsplash.com/photo-1523275335684-37898b6baf30?w=500&amp;q=50\" class=\"w-full h-full object-cover\"/></div><ul class=\"space-y-4 font-bold text-gray-500\"><li class=\"flex items-center gap-3\"><span class=\"text-red-500 text-2xl\">❌</span> নিম্নমানের পাতলা ফেব্রিক</li><li class=\"flex items-center gap-3\"><span class=\"text-red-500 text-2xl\">❌</span> ধোয়ার পর রং নষ্ট হয়ে যায়</li><li class=\"flex items-center gap-3\"><span class=\"text-red-500 text-2xl\">❌</span> কোনো গ্যারান্টি বা ওয়ারেন্টি নেই</li><li class=\"flex items-center gap-3\"><span class=\"text-red-500 text-2xl\">❌</span> সাইজ ছোট-বড় হওয়ার ভয় থাকে</li></ul></div><div class=\"bg-emerald-50 p-8 rounded-[3rem] border-2 border-emerald-200 relative shadow-2xl shadow-emerald-200/50 transform md:scale-105\"><div class=\"absolute -top-4 left-8 bg-emerald-600 text-white px-6 py-2 rounded-full font-bold shadow-lg\">আমাদের প্রিমিয়াম পণ্য</div><div class=\"aspect-video bg-white rounded-3xl mb-8 overflow-hidden shadow-inner\"><img src=\"https://images.unsplash.com/photo-1523275335684-37898b6baf30?w=500&amp;q=80\" class=\"w-full h-full object-cover\"/></div><ul class=\"space-y-4 font-black text-gray-800\"><li class=\"flex items-center gap-3\"><span class=\"text-emerald-500 text-2xl\">✅</span> ১০০% প্রিমিয়াম কটন ফেব্রিক</li><li class=\"flex items-center gap-3\"><span class=\"text-emerald-500 text-2xl\">✅</span> গ্যারান্টিড কালার ও টেকসই বুনন</li><li class=\"flex items-center gap-3\"><span class=\"text-emerald-500 text-2xl\">✅</span> ৭ দিনের মানি ব্যাক গ্যারান্টি</li><li class=\"flex items-center gap-3\"><span class=\"text-emerald-500 text-2xl\">✅</span> সঠিক এবং স্ট্যান্ডার্ড সাইজিং</li></ul></div></div></div></section><div class=\"bg-indigo-900 text-white py-4 px-6 text-center animate-pulse\"><p class=\"text-lg font-bold flex items-center justify-center gap-2\"><span class=\"bg-white text-indigo-900 rounded-full w-6 h-6 flex items-center justify-center text-xs\">🔥</span>\n            গত ২৪ ঘন্টায় <span class=\"text-yellow-400 font-black text-2xl mx-1 social-proof-count\">১২৫</span> জন এই পণ্যটি অর্ডার করেছেন!\n         </p></div><section class=\"py-12 bg-white px-4\"><div class=\"max-w-5xl mx-auto\"><h2 class=\"text-3xl font-bold text-center text-gray-900 mb-12\">কেন এখনই অর্ডার করবেন?</h2><div class=\"grid grid-cols-1 md:grid-cols-2 gap-8\"><div class=\"bg-red-50 p-8 rounded-3xl border border-red-100\"><h3 class=\"text-xl font-bold text-red-700 mb-6 flex items-center gap-2\"><span class=\"bg-red-200 p-1 rounded\">🚫</span> সমস্যাগুলো (আপনাদের যা হয়)\n                 </h3><ul class=\"space-y-4\"><li class=\"flex gap-3 text-gray-700\"><span class=\"text-red-500 font-bold\">✖</span>\n                       বাজারের নিম্নমানের পণ্যে ঠকে যাওয়া\n                    </li><li class=\"flex gap-3 text-gray-700\"><span class=\"text-red-500 font-bold\">✖</span>\n                       অতিরিক্ত দামে পণ্য কেনা\n                    </li><li class=\"flex gap-3 text-gray-700\"><span class=\"text-red-500 font-bold\">✖</span>\n                       কোনো ওয়ারেন্টি বা গ্যারান্টি না পাওয়া\n                    </li></ul></div><div class=\"bg-emerald-50 p-8 rounded-3xl border border-emerald-100 shadow-xl transform md:-translate-y-4\"><h3 class=\"text-xl font-bold text-primary mb-6 flex items-center gap-2\"><span class=\"bg-emerald-200 p-1 rounded\">✅</span> আমাদের সমাধান\n                 </h3><ul class=\"space-y-4\"><li class=\"flex gap-3 text-gray-800 font-medium\"><span class=\"text-primary font-bold\">✔</span>\n                       ১০০% প্রিমিয়াম কোয়ালিটি নিশ্চিত করি\n                    </li><li class=\"flex gap-3 text-gray-800 font-medium\"><span class=\"text-primary font-bold\">✔</span>\n                       সরাসরি ইম্পোর্টার থেকে কম দামে কেনা\n                    </li><li class=\"flex gap-3 text-gray-800 font-medium\"><span class=\"text-primary font-bold\">✔</span>\n                       ১ বছরের ফুল রিপ্লেসমেন্ট গ্যারান্টি\n                    </li></ul></div></div></div></section><section class=\"py-12 bg-white px-4\"><div class=\"max-w-6xl mx-auto\"><h2 class=\"text-3xl font-bold text-center text-gray-900 mb-10\">আমাদের গ্রাহকরা যা বলছেন</h2><div class=\"grid grid-cols-1 md:grid-cols-3 gap-6\"><div class=\"bg-gray-50 p-6 rounded-3xl border border-gray-100 shadow-sm relative\"><div class=\"text-yellow-400 text-2xl mb-3\">★★★★★</div><p class=\"text-gray-600 font-medium italic mb-6\">\"প্রোডাক্টটি খুবই ভালো। ডেলিভারি খুব ফাস্ট পেয়েছি। সেলারের ব্যবহারও চমৎকার।\"</p><div class=\"flex items-center gap-3\"><div class=\"w-10 h-10 bg-emerald-100 rounded-full flex items-center justify-center font-bold text-primary\">R</div><div><h4 class=\"font-bold text-gray-900 text-sm\">রহিম মিয়া</h4><p class=\"text-xs text-gray-500\">ঢাকা</p></div></div></div><div class=\"bg-gray-50 p-6 rounded-3xl border border-gray-100 shadow-sm relative\"><div class=\"text-yellow-400 text-2xl mb-3\">★★★★★</div><p class=\"text-gray-600 font-medium italic mb-6\">\"অরিজিনাল প্রোডাক্ট পেয়েছি। ধন্যবাদ!\"</p><div class=\"flex items-center gap-3\"><div class=\"w-10 h-10 bg-blue-100 rounded-full flex items-center justify-center font-bold text-secondary\">S</div><div><h4 class=\"font-bold text-gray-900 text-sm\">সোহেল রানা</h4><p class=\"text-xs text-gray-500\">চট্টগ্রাম</p></div></div></div><div class=\"bg-gray-50 p-6 rounded-3xl border border-gray-100 shadow-sm relative\"><div class=\"text-yellow-400 text-2xl mb-3\">★★★★★</div><p class=\"text-gray-600 font-medium italic mb-6\">\"দাম অনুযায়ী মান বেশ ভালো। আমি সন্তুষ্ট।\"</p><div class=\"flex items-center gap-3\"><div class=\"w-10 h-10 bg-purple-100 rounded-full flex items-center justify-center font-bold text-purple-700\">T</div><div><h4 class=\"font-bold text-gray-900 text-sm\">তানিয়া আক্তার</h4><p class=\"text-xs text-gray-500\">সিলেট</p></div></div></div></div></div></section><section class=\"py-12 bg-gray-50 px-4\"><div class=\"max-w-3xl mx-auto\"><h2 class=\"text-3xl font-bold text-center text-gray-900 mb-8\">সচরাচর জিজ্ঞাসিত প্রশ্ন</h2><div class=\"space-y-4\"><details class=\"group bg-white rounded-2xl shadow-sm border border-gray-200\"><summary class=\"flex items-center justify-between p-5 font-bold text-lg cursor-pointer list-none\"><span>ডেলিভারি চার্জ কত?</span><span class=\"transition group-open:rotate-180\"><svg fill=\"none\" height=\"24\" stroke=\"currentColor\" stroke-linecap=\"round\" stroke-linejoin=\"round\" stroke-width=\"2\" viewBox=\"0 0 24 24\" width=\"24\"><polyline points=\"6 9 12 15 18 9\"></polyline></svg></span></summary><div class=\"text-gray-600 px-5 pb-5 leading-relaxed\">\n                   ঢাকার ভিতরে ৭০ টাকা এবং ঢাকার বাইরে ১৩০ টাকা।\n                </div></details><details class=\"group bg-white rounded-2xl shadow-sm border border-gray-200\"><summary class=\"flex items-center justify-between p-5 font-bold text-lg cursor-pointer list-none\"><span>পণ্যটি কি আসল?</span><span class=\"transition group-open:rotate-180\"><svg fill=\"none\" height=\"24\" stroke=\"currentColor\" stroke-linecap=\"round\" stroke-linejoin=\"round\" stroke-width=\"2\" viewBox=\"0 0 24 24\" width=\"24\"><polyline points=\"6 9 12 15 18 9\"></polyline></svg></span></summary><div class=\"text-gray-600 px-5 pb-5 leading-relaxed\">\n                   জি, আমরা ১০০% অরিজিনাল পণ্যের গ্যারান্টি দিচ্ছি।\n                </div></details><details class=\"group bg-white rounded-2xl shadow-sm border border-gray-200\"><summary class=\"flex items-center justify-between p-5 font-bold text-lg cursor-pointer list-none\"><span>রিটার্ন পলিসি কি?</span><span class=\"transition group-open:rotate-180\"><svg fill=\"none\" height=\"24\" stroke=\"currentColor\" stroke-linecap=\"round\" stroke-linejoin=\"round\" stroke-width=\"2\" viewBox=\"0 0 24 24\" width=\"24\"><polyline points=\"6 9 12 15 18 9\"></polyline></svg></span></summary><div class=\"text-gray-600 px-5 pb-5 leading-relaxed\">\n                   পণ্য হাতে পাওয়ার পর যদি কোনো সমস্যা থাকে তবে সাথে সাথে রিটার্ন করতে পারবেন।\n                </div></details></div></div></section><section class=\"py-8 bg-blue-50 border-y border-blue-100\"><div class=\"max-w-4xl mx-auto px-6 flex flex-col md:flex-row justify-center items-center gap-6 md:gap-12\"><div class=\"flex items-center gap-4\"><div class=\"w-12 h-12 bg-white rounded-full flex items-center justify-center text-2xl shadow-sm\">🏍️</div><div><h4 class=\"font-bold text-gray-900\">ঢাকার ভিতরে</h4><p class=\"text-blue-700 font-bold\">৭০ টাকা (২৪-৪৮ ঘন্টা)</p></div></div><div class=\"hidden md:block w-px h-12 bg-blue-200\"></div><div class=\"flex items-center gap-4\"><div class=\"w-12 h-12 bg-white rounded-full flex items-center justify-center text-2xl shadow-sm\">🚛</div><div><h4 class=\"font-bold text-gray-900\">ঢাকার বাইরে</h4><p class=\"text-blue-700 font-bold\">১৩০ টাকা (২-৩ দিন)</p></div></div></div></section><div class=\"max-w-3xl mx-auto my-10 p-1 rounded-2xl bg-gradient-to-r from-yellow-400 via-orange-500 to-red-500\"><div class=\"bg-white rounded-xl p-8 text-center\"><div class=\"w-20 h-20 bg-yellow-100 rounded-full flex items-center justify-center text-4xl mx-auto mb-4\">🛡️</div><h3 class=\"text-2xl font-black text-gray-900 mb-3\">১০০% মানি ব্যাক গ্যারান্টি</h3><p class=\"text-gray-600 leading-relaxed\">\n               আমরা পণ্যের মানের ব্যাপারে আপোষ করি না। পন্য হাতে পাওয়ার পর যদি মনে হয় এটি আপনার জন্য নয়, তবে আমরা কোনো প্রশ্ন ছাড়াই টাকা ফেরত দেব। আপনার সন্তুষ্টিই আমাদের কাম্য।\n            </p></div></div><section id=\"order\" class=\"py-16 bg-emerald-50/50 px-4\"><div class=\"max-w-6xl mx-auto\"><div class=\"text-center mb-10\"><h2 class=\"text-3xl md:text-5xl font-black text-gray-900 mb-4\">অর্ডার কনফার্ম করুন</h2><p class=\"text-xl text-gray-600 font-medium\">নিচের ফর্মটি পূরণ করুন, আমরা আপনাকে কল করবো</p></div><div class=\"bg-white rounded-[2.5rem] p-6 md:p-12 shadow-2xl shadow-emerald-200/50 border border-gray-100 grid grid-cols-1 lg:grid-cols-2 gap-10 lg:gap-16\"><!-- Product Info Summary --><div class=\"space-y-8\"><div class=\"bg-emerald-50 rounded-3xl p-6 border border-emerald-100 relative overflow-hidden\"><div class=\"flex items-center gap-6\"><div class=\"w-24 h-24 bg-white rounded-2xl overflow-hidden shadow-md flex-shrink-0 p-1\"><img src=\"https://images.unsplash.com/photo-1523275335684-37898b6baf30?w=300&amp;q=80\" class=\"w-full h-full object-cover rounded-xl product-image\"/></div><div><h4 class=\"text-xl font-black text-gray-900 mb-2\">প্রিমিয়াম কোয়ালিটি পণ্য</h4><div class=\"flex items-center gap-3\"><span class=\"text-emerald-600 font-black text-3xl product-price\">৳৯৫০</span><span class=\"text-gray-400 line-through text-lg product-compare-price\">৳১,৯৫০</span></div></div></div></div><div class=\"space-y-4\"><h5 class=\"text-lg font-bold text-gray-800 flex items-center gap-2\"><span class=\"w-2 h-8 bg-emerald-500 rounded-full\"></span>\n                   কেন আপনি আমাদের পণ্যটি কিনবেন?\n                </h5><ul class=\"space-y-3\"><li class=\"flex items-start gap-3 font-medium text-gray-700\"><span class=\"text-emerald-500 text-xl font-bold\">✓</span>\n                    ১০০% অরিজিনাল কালার গ্যারান্টি।\n                  </li><li class=\"flex items-start gap-3 font-medium text-gray-700\"><span class=\"text-emerald-500 text-xl font-bold\">✓</span>\n                    প্রিমিয়াম মেটেরিয়াল দিয়ে তৈরী।\n                  </li><li class=\"flex items-start gap-3 font-medium text-gray-700\"><span class=\"text-emerald-500 text-xl font-bold\">✓</span>\n                    ৭ দিনের রিপ্লেসমেন্ট ওয়ারেন্টি।\n                  </li></ul></div><div class=\"bg-blue-50 p-6 rounded-3xl border border-blue-100 flex items-center gap-4 animate-pulse\"><div class=\"w-12 h-12 bg-white rounded-full flex items-center justify-center text-2xl shadow-sm\">🔥</div><p class=\"text-blue-900 font-bold\">গত ২৪ ঘণ্টায় ১২৫ জন নতুন গ্রাহক অর্ডার করেছেন!</p></div></div><!-- Form --><form method=\"POST\" action=\"/api/create-order\" class=\"space-y-6\"><div class=\"space-y-2\"><label class=\"block text-sm font-bold text-gray-500 uppercase tracking-widest px-1\">আপনার নাম</label><input type=\"text\" name=\"customer_name\" placeholder=\"নাম লিখুন\" required class=\"w-full px-6 py-4 rounded-2xl border-2 border-gray-100 focus:border-emerald-500 focus:ring-4 focus:ring-emerald-500/10 outline-none transition\"/></div><div class=\"space-y-2\"><label class=\"block text-sm font-bold text-gray-500 uppercase tracking-widest px-1\">মোবাইল নাম্বার</label><input type=\"tel\" name=\"phone\" placeholder=\"017XXXXXXXX\" required class=\"w-full px-6 py-4 rounded-2xl border-2 border-gray-100 focus:border-emerald-500 focus:ring-4 focus:ring-emerald-500/10 outline-none transition\"/></div><div class=\"space-y-2\"><label class=\"block text-sm font-bold text-gray-500 uppercase tracking-widest px-1\">সম্পূর্ণ ঠিকানা</label><textarea name=\"address\" placeholder=\"বাসা নং, রোড, থানা, জেলা লিখুন\" required class=\"w-full px-6 py-4 rounded-2xl border-2 border-gray-100 focus:border-emerald-500 focus:ring-4 focus:ring-emerald-500/10 outline-none h-32 transition resize-none\"></textarea></div><div class=\"bg-gray-50 p-6 rounded-3xl border border-dashed border-gray-300 space-y-3\"><div class=\"flex justify-between items-center text-gray-600 font-medium\"><span>পণ্যের নাম:</span><span class=\"font-bold text-gray-900 text-xl product-name\">প্রিমিয়াম পণ্য</span></div><div class=\"flex justify-between items-center text-emerald-600 font-medium\"><span>ডেলিভারি চার্জ:</span><span class=\"font-bold text-lg\">ফ্রি</span></div><div class=\"pt-3 border-t border-gray-200 flex justify-between items-center text-gray-900\"><span class=\"text-xl font-black\">সর্বমোট মূল্য:</span><span class=\"text-3xl font-black text-emerald-600 product-price\">৳৯৫০</span></div></div><div class=\"flex flex-col gap-4\"><button type=\"submit\" class=\"w-full bg-gradient-to-r from-emerald-600 to-emerald-500 text-white font-black text-2xl py-6 rounded-3xl shadow-2xl shadow-emerald-200 hover:shadow-emerald-300 hover:scale-[1.02] active:scale-95 transition-all\">অর্ডার কনফার্ম করুন</button><a href=\"https://wa.me/8801XXXXXXXXX\" class=\"w-full bg-white text-emerald-600 border-2 border-emerald-100 font-bold py-4 rounded-3xl flex items-center justify-center gap-2 hover:bg-emerald-50 transition whatsapp-link\"><svg viewBox=\"0 0 24 24\" width=\"24\" height=\"24\" fill=\"currentColor\"><path d=\"M17.472 14.382c-.297-.149-1.758-.867-2.03-.967-.273-.099-.471-.148-.67.15-.197.297-.767.966-.94 1.164-.173.199-.347.223-.644.075-.297-.15-1.255-.463-2.39-1.475-.883-.788-1.48-1.761-1.653-2.059-.173-.297-.018-.458.13-.606.134-.133.298-.347.446-.52.149-.174.198-.298.298-.497.099-.198.05-.371-.025-.52-.075-.149-.669-1.612-.916-2.207-.242-.579-.487-.5-.669-.51-.173-.008-.371-.01-.57-.01-.198 0-.52.074-.792.372-.272.297-1.04 1.016-1.04 2.479 0 1.462 1.065 2.875 1.213 3.074.149.198 2.096 3.2 5.077 4.487.709.306 1.262.489 1.694.625.712.227 1.36.195 1.871.118.571-.085 1.758-.719 2.006-1.413.248-.694.248-1.289.173-1.413-.074-.124-.272-.198-.57-.347m-5.421 7.403h-.004a9.87 9.87 0 01-5.031-1.378l-.361-.214-3.741.982.998-3.648-.235-.374a9.86 9.86 0 01-1.51-5.26c.001-5.45 4.436-9.884 9.888-9.884 2.64 0 5.122 1.03 6.988 2.898a9.825 9.825 0 012.893 6.994c-.003 5.45-4.437 9.884-9.885 9.884m8.413-18.297A11.815 11.815 0 0012.05 0C5.495 0 .16 5.335.157 11.892c0 2.096.547 4.142 1.588 5.945L.057 24l6.305-1.654a11.882 11.882 0 005.683 1.448h.005c6.554 0 11.89-5.335 11.893-11.893a11.821 11.821 0 00-3.48-8.413z\"></path></svg>\n                  সরাসরি কথা বলুন\n                </a></div></form></div></div></section><footer class=\"bg-white border-t border-gray-100 py-12 px-4\"><div class=\"max-w-6xl mx-auto flex flex-col md:flex-row items-center justify-between gap-6\"><div class=\"text-center md:text-left\"><div class=\"font-black text-xl text-gray-900 mb-2\">YOUR STORE</div><p class=\"text-gray-500 text-sm\">© 2024 All rights reserved.</p></div><div class=\"flex gap-4\"><a href=\"#\" class=\"w-10 h-10 bg-gray-100 text-gray-600 rounded-full flex items-center justify-center hover:bg-blue-500 hover:text-white transition\">f</a><a href=\"#\" class=\"w-10 h-10 bg-gray-100 text-gray-600 rounded-full flex items-center justify-center hover:bg-pink-500 hover:text-white transition\">i</a><a href=\"#\" class=\"w-10 h-10 bg-gray-100 text-gray-600 rounded-full flex items-center justify-center hover:bg-red-500 hover:text-white transition\">y</a></div><div class=\"flex gap-6 text-sm font-medium text-gray-600\"><a href=\"#\" class=\"hover:text-primary\">Terms</a><a href=\"#\" class=\"hover:text-primary\">Privacy</a><a href=\"#\" class=\"hover:text-primary\">Refund Policy</a></div></div></footer></body>","css":"* { box-sizing: border-box; } body {margin: 0;}@keyframes scroll{0%{transform:translateX(0px);}100%{transform:translateX(-50%);}}","publish":true}',replace('<body><div class="sticky top-0 left-0 right-0 z-[60] bg-gradient-to-r from-red-600 via-red-500 to-yellow-500 py-3 shadow-lg"><div class="max-w-4xl mx-auto px-4 flex items-center justify-center gap-4 text-white"><span class="text-xl animate-pulse">⚡</span><span class="font-bold text-sm md:text-base uppercase tracking-wider">অফারটি শেষ হতে আর মাত্র:</span><div class="flex items-center gap-2 font-mono font-black text-xl md:text-2xl"><div class="bg-black/20 px-2 rounded">02</div><span class="animate-pulse">:</span><div class="bg-black/20 px-2 rounded">45</div><span class="animate-pulse">:</span><div class="bg-black/20 px-2 rounded text-yellow-300">12</div></div><span class="text-xl animate-pulse">⚡</span></div></div><header class="bg-white border-b border-gray-100 sticky top-0 z-50"><div class="max-w-7xl mx-auto px-4 sm:px-6 h-20 flex items-center justify-between"><div class="font-black text-2xl text-primary flex items-center gap-2"><span class="w-8 h-8 bg-primary text-white rounded-lg flex items-center justify-center">S</span>\n             STORE\n           </div><nav class="hidden md:flex items-center gap-8 font-medium text-gray-600"><a href="#features" class="hover:text-primary transition">ফিচার</a><a href="#reviews" class="hover:text-primary transition">রিভিউ</a><a href="#faq" class="hover:text-primary transition">প্রশ্নোত্তৰ</a></nav><a href="#order" class="bg-gray-900 text-white font-bold px-6 py-3 rounded-xl hover:bg-gray-800 transition">অর্ডার করুন</a></div></header><section class="py-12 md:py-20 bg-gray-50 overflow-hidden"><div class="max-w-7xl mx-auto px-4 sm:px-6 lg:px-8"><div class="grid grid-cols-1 md:grid-cols-2 gap-12 items-center"><div class="order-2 md:order-1 text-center md:text-left"><div class="inline-flex items-center gap-2 px-3 py-1 rounded-full bg-blue-100 text-blue-700 text-xs font-bold mb-6"><span class="w-2 h-2 rounded-full bg-blue-600 animate-pulse"></span>\n                নতুন কালেকশন ২০২৫\n              </div><h1 class="text-4xl md:text-6xl font-black text-gray-900 leading-tight mb-6">\n                আপনার স্টাইলের নতুন <span class="text-transparent bg-clip-text bg-gradient-to-r from-blue-600 to-purple-600 product-name">সংজ্ঞা</span></h1><p class="text-lg text-gray-600 mb-8 leading-relaxed max-w-lg mx-auto md:mx-0">\n                সেরা মানের মেটেরিয়াল এবং আধুনিক ডিজাইনের সংমিশ্রণ। আজই অর্ডার করুন এবং উপভোগ করুন বিশেষ ছাড়।\n              </p><div class="flex flex-col sm:flex-row gap-4 justify-center md:justify-start"><a href="#order" class="px-8 py-4 bg-gray-900 text-white font-bold rounded-xl hover:bg-gray-800 transition transform hover:-translate-y-1 shadow-lg">\n                  এখনই কিনুন\n                </a><a href="https://wa.me/8801XXXXXXXXX" class="px-8 py-4 bg-white text-emerald-600 border-2 border-emerald-100 font-bold rounded-xl hover:bg-emerald-50 transition flex items-center justify-center gap-2 whatsapp-link shadow-sm"><svg viewBox="0 0 24 24" width="20" height="20" fill="currentColor"><path d="M17.472 14.382c-.297-.149-1.758-.867-2.03-.967-.273-.099-.471-.148-.67.15-.197.297-.767.966-.94 1.164-.173.199-.347.223-.644.075-.297-.15-1.255-.463-2.39-1.475-.883-.788-1.48-1.761-1.653-2.059-.173-.297-.018-.458.13-.606.134-.133.298-.347.446-.52.149-.174.198-.298.298-.497.099-.198.05-.371-.025-.52-.075-.149-.669-1.612-.916-2.207-.242-.579-.487-.5-.669-.51-.173-.008-.371-.01-.57-.01-.198 0-.52.074-.792.372-.272.297-1.04 1.016-1.04 2.479 0 1.462 1.065 2.875 1.213 3.074.149.198 2.096 3.2 5.077 4.487.709.306 1.262.489 1.694.625.712.227 1.36.195 1.871.118.571-.085 1.758-.719 2.006-1.413.248-.694.248-1.289.173-1.413-.074-.124-.272-.198-.57-.347m-5.421 7.403h-.004a9.87 9.87 0 01-5.031-1.378l-.361-.214-3.741.982.998-3.648-.235-.374a9.86 9.86 0 01-1.51-5.26c.001-5.45 4.436-9.884 9.888-9.884 2.64 0 5.122 1.03 6.988 2.898a9.825 9.825 0 012.893 6.994c-.003 5.45-4.437 9.884-9.885 9.884m8.413-18.297A11.815 11.815 0 0012.05 0C5.495 0 .16 5.335.157 11.892c0 2.096.547 4.142 1.588 5.945L.057 24l6.305-1.654a11.882 11.882 0 005.683 1.448h.005c6.554 0 11.89-5.335 11.893-11.893a11.821 11.821 0 00-3.48-8.413z"></path></svg>\n                  ওয়াটসঅ্যাপ করুন\n                </a></div></div><div class="order-1 md:order-2 relative"><div class="absolute inset-0 bg-gradient-to-tr from-blue-200 to-purple-200 rounded-full blur-3xl opacity-30 animate-pulse"></div><img src="https://images.unsplash.com/photo-1542291026-7eec264c27ff?q=80&amp;w=1000&amp;auto=format&amp;fit=crop" alt="Product" class="relative w-full h-auto rounded-3xl shadow-2xl transform hover:scale-[1.02] transition duration-500"/></div></div></div></section><section class="py-12 bg-gray-50/50"><div class="max-w-6xl mx-auto px-4 grid grid-cols-2 md:grid-cols-4 gap-4 md:gap-8"><div class="bg-white/70 backdrop-blur-xl border border-white/50 p-6 rounded-3xl shadow-xl shadow-gray-200/50 text-center flex flex-col items-center gap-3 transform hover:-translate-y-2 transition duration-500"><div class="w-16 h-16 bg-emerald-50 rounded-2xl flex items-center justify-center text-emerald-600 shadow-inner"><svg fill="none" stroke="currentColor" viewBox="0 0 24 24" class="w-8 h-8"><path stroke-linecap="round" stroke-linejoin="round" stroke-width="2" d="M5 13l4 4L19 7"></path></svg></div><h3 class="font-black text-gray-900 leading-tight">দ্রুত ডেলিভারি</h3><p class="text-xs text-gray-500 font-bold uppercase tracking-tighter">সারা বাংলাদেশে</p></div><div class="bg-white/70 backdrop-blur-xl border border-white/50 p-6 rounded-3xl shadow-xl shadow-gray-200/50 text-center flex flex-col items-center gap-3 transform hover:-translate-y-2 transition duration-500"><div class="w-16 h-16 bg-blue-50 rounded-2xl flex items-center justify-center text-blue-600 shadow-inner"><svg fill="none" stroke="currentColor" viewBox="0 0 24 24" class="w-8 h-8"><path stroke-linecap="round" stroke-linejoin="round" stroke-width="2" d="M17 9V7a2 2 0 00-2-2H5a2 2 0 00-2 2v6a2 2 0 002 2h2m2 4h10a2 2 0 002-2v-6a2 2 0 00-2-2H9a2 2 0 00-2 2v6a2 2 0 002 2zm7-5a2 2 0 11-4 0 2 2 0 014 0z"></path></svg></div><h3 class="font-black text-gray-900 leading-tight">ক্যাশ অন ডেলিভারি</h3><p class="text-xs text-gray-500 font-bold uppercase tracking-tighter">হাতে পেয়ে পেমেন্ট</p></div><div class="bg-white/70 backdrop-blur-xl border border-white/50 p-6 rounded-3xl shadow-xl shadow-gray-200/50 text-center flex flex-col items-center gap-3 transform hover:-translate-y-2 transition duration-500"><div class="w-16 h-16 bg-purple-50 rounded-2xl flex items-center justify-center text-purple-600 shadow-inner"><svg fill="none" stroke="currentColor" viewBox="0 0 24 24" class="w-8 h-8"><path stroke-linecap="round" stroke-linejoin="round" stroke-width="2" d="M9 12l2 2 4-4m5.618-4.016A11.955 11.955 0 0112 2.944a11.955 11.955 0 01-8.618 3.04A12.02 12.02 0 003 9c0 5.591 3.824 10.29 9 11.622 5.176-1.332 9-6.03 9-11.622 0-1.042-.133-2.052-.382-3.016z"></path></svg></div><h3 class="font-black text-gray-900 leading-tight">১০০% গ্যারান্টি</h3><p class="text-xs text-gray-500 font-bold uppercase tracking-tighter">অরিজিনাল প্রোডাক্ট</p></div><div class="bg-white/70 backdrop-blur-xl border border-white/50 p-6 rounded-3xl shadow-xl shadow-gray-200/50 text-center flex flex-col items-center gap-3 transform hover:-translate-y-2 transition duration-500"><div class="w-16 h-16 bg-red-50 rounded-2xl flex items-center justify-center text-red-600 shadow-inner"><svg fill="none" stroke="currentColor" viewBox="0 0 24 24" class="w-8 h-8"><path stroke-linecap="round" stroke-linejoin="round" stroke-width="2" d="M4 4v5h.582m15.356 2A8.001 8.001 0 004.582 9m0 0H9m11 11v-5h-.581m0 0a8.003 8.003 0 01-15.357-2m15.357 2H15"></path></svg></div><h3 class="font-black text-gray-900 leading-tight">সহজ রিটার্ন</h3><p class="text-xs text-gray-500 font-bold uppercase tracking-tighter">৭ দিনের পলিসি</p></div></div></section><section class="py-10 bg-gray-50"><div class="max-w-4xl mx-auto px-6"><h2 class="text-2xl font-bold text-center text-gray-900 mb-8">আমাদের পণ্যের ভিডিওটি দেখুন</h2><div class="relative w-full aspect-video rounded-2xl overflow-hidden shadow-2xl border-4 border-white"><iframe allowfullscreen="" src="https://www.youtube.com/embed/dQw4w9WgXcQ?" title="YouTube video player" frameborder="0" allow="accelerometer; autoplay; clipboard-write; encrypted-media; gyroscope; picture-in-picture" class="absolute inset-0 w-full h-full"></iframe></div></div></section><section class="py-12 bg-white px-4"><div class="max-w-6xl mx-auto"><h2 class="text-3xl font-bold text-center text-gray-900 mb-10">প্রোডাক্ট গ্যালারি</h2><div class="grid grid-cols-2 md:grid-cols-4 gap-4"><img src="https://images.unsplash.com/photo-1523275335684-37898b6baf30?w=500&amp;q=80" class="rounded-xl shadow-sm hover:scale-105 transition duration-300 w-full h-48 object-cover cursor-pointer"/><img src="https://images.unsplash.com/photo-1505740420928-5e560c06d30e?w=500&amp;q=80" class="rounded-xl shadow-sm hover:scale-105 transition duration-300 w-full h-48 object-cover cursor-pointer"/><img src="https://images.unsplash.com/photo-1572635196237-14b3f281503f?w=500&amp;q=80" class="rounded-xl shadow-sm hover:scale-105 transition duration-300 w-full h-48 object-cover cursor-pointer"/><img src="https://images.unsplash.com/photo-1542291026-7eec264c27ff?w=500&amp;q=80" class="rounded-xl shadow-sm hover:scale-105 transition duration-300 w-full h-48 object-cover cursor-pointer"/></div></div></section><section class="py-16 bg-white px-4"><div class="max-w-6xl mx-auto"><h2 class="text-center text-3xl md:text-4xl font-black mb-12">কেন অর্ডার করবেন?</h2><div class="grid grid-cols-1 md:grid-cols-3 gap-6 lg:gap-10"><div class="group bg-gradient-to-br from-emerald-50 to-white p-8 rounded-[2.5rem] border border-emerald-100 hover:shadow-2xl hover:shadow-emerald-200/50 transition-all duration-500 text-center"><div class="w-20 h-20 bg-white rounded-3xl shadow-xl shadow-emerald-100 flex items-center justify-center text-4xl mx-auto mb-6 transform group-hover:rotate-12 transition">🛡️</div><h4 class="text-xl font-black text-gray-900 mb-4">মানি ব্যাক গ্যারান্টি</h4><p class="text-gray-600 font-medium leading-relaxed">পণ্য হাতে পেয়ে কোনো সমস্যা থাকলে আমাদের বলুন, ১০০% রিটার্ন গ্যারান্টি।</p></div><div class="group bg-gradient-to-br from-blue-50 to-white p-8 rounded-[2.5rem] border border-blue-100 hover:shadow-2xl hover:shadow-blue-200/50 transition-all duration-500 text-center"><div class="w-20 h-20 bg-white rounded-3xl shadow-xl shadow-blue-100 flex items-center justify-center text-4xl mx-auto mb-6 transform group-hover:rotate-12 transition">🛵</div><h4 class="text-xl font-black text-gray-900 mb-4">দ্রুত হোম ডেলিভারি</h4><p class="text-gray-600 font-medium leading-relaxed">ঢাকার ভিতরে ২৪ ঘণ্টা এবং সারা বাংলাদেশে মাত্র ২-৩ দিনের ডেলিভারি।</p></div><div class="group bg-gradient-to-br from-amber-50 to-white p-8 rounded-[2.5rem] border border-amber-100 hover:shadow-2xl hover:shadow-amber-200/50 transition-all duration-500 text-center"><div class="w-20 h-20 bg-white rounded-3xl shadow-xl shadow-amber-100 flex items-center justify-center text-4xl mx-auto mb-6 transform group-hover:rotate-12 transition">💎</div><h4 class="text-xl font-black text-gray-900 mb-4">প্রিমিয়াম কোয়ালিটি</h4><p class="text-gray-600 font-medium leading-relaxed">আমরা দিচ্ছি সরাসরি ইম্পোর্টেড হাই কোয়ালিটি পণ্য যা আপনি নিশ্চিত থাকতে পারেন।</p></div></div></div></section><section class="py-16 bg-white px-4"><div class="max-w-5xl mx-auto"><div class="text-center mb-16"><h2 class="text-3xl md:text-5xl font-black text-gray-900 mb-4">পার্থক্যটি নিজেই দেখুন</h2><div class="w-24 h-2 bg-emerald-500 mx-auto rounded-full"></div></div><div class="grid grid-cols-1 md:grid-cols-2 gap-8 items-stretch"><div class="bg-red-50/50 p-8 rounded-[3rem] border border-red-100 relative grayscale-[0.5] opacity-80"><div class="absolute -top-4 left-8 bg-red-500 text-white px-6 py-2 rounded-full font-bold shadow-lg">সাধারণ বাজারজাত পণ্য</div><div class="aspect-video bg-gray-200 rounded-3xl mb-8 overflow-hidden"><img src="https://images.unsplash.com/photo-1523275335684-37898b6baf30?w=500&amp;q=50" class="w-full h-full object-cover"/></div><ul class="space-y-4 font-bold text-gray-500"><li class="flex items-center gap-3"><span class="text-red-500 text-2xl">❌</span> নিম্নমানের পাতলা ফেব্রিক</li><li class="flex items-center gap-3"><span class="text-red-500 text-2xl">❌</span> ধোয়ার পর রং নষ্ট হয়ে যায়</li><li class="flex items-center gap-3"><span class="text-red-500 text-2xl">❌</span> কোনো গ্যারান্টি বা ওয়ারেন্টি নেই</li><li class="flex items-center gap-3"><span class="text-red-500 text-2xl">❌</span> সাইজ ছোট-বড় হওয়ার ভয় থাকে</li></ul></div><div class="bg-emerald-50 p-8 rounded-[3rem] border-2 border-emerald-200 relative shadow-2xl shadow-emerald-200/50 transform md:scale-105"><div class="absolute -top-4 left-8 bg-emerald-600 text-white px-6 py-2 rounded-full font-bold shadow-lg">আমাদের প্রিমিয়াম পণ্য</div><div class="aspect-video bg-white rounded-3xl mb-8 overflow-hidden shadow-inner"><img src="https://images.unsplash.com/photo-1523275335684-37898b6baf30?w=500&amp;q=80" class="w-full h-full object-cover"/></div><ul class="space-y-4 font-black text-gray-800"><li class="flex items-center gap-3"><span class="text-emerald-500 text-2xl">✅</span> ১০০% প্রিমিয়াম কটন ফেব্রিক</li><li class="flex items-center gap-3"><span class="text-emerald-500 text-2xl">✅</span> গ্যারান্টিড কালার ও টেকসই বুনন</li><li class="flex items-center gap-3"><span class="text-emerald-500 text-2xl">✅</span> ৭ দিনের মানি ব্যাক গ্যারান্টি</li><li class="flex items-center gap-3"><span class="text-emerald-500 text-2xl">✅</span> সঠিক এবং স্ট্যান্ডার্ড সাইজিং</li></ul></div></div></div></section><div class="bg-indigo-900 text-white py-4 px-6 text-center animate-pulse"><p class="text-lg font-bold flex items-center justify-center gap-2"><span class="bg-white text-indigo-900 rounded-full w-6 h-6 flex items-center justify-center text-xs">🔥</span>\n            গত ২৪ ঘন্টায় <span class="text-yellow-400 font-black text-2xl mx-1 social-proof-count">১২৫</span> জন এই পণ্যটি অর্ডার করেছেন!\n         </p></div><section class="py-12 bg-white px-4"><div class="max-w-5xl mx-auto"><h2 class="text-3xl font-bold text-center text-gray-900 mb-12">কেন এখনই অর্ডার করবেন?</h2><div class="grid grid-cols-1 md:grid-cols-2 gap-8"><div class="bg-red-50 p-8 rounded-3xl border border-red-100"><h3 class="text-xl font-bold text-red-700 mb-6 flex items-center gap-2"><span class="bg-red-200 p-1 rounded">🚫</span> সমস্যাগুলো (আপনাদের যা হয়)\n                 </h3><ul class="space-y-4"><li class="flex gap-3 text-gray-700"><span class="text-red-500 font-bold">✖</span>\n                       বাজারের নিম্নমানের পণ্যে ঠকে যাওয়া\n                    </li><li class="flex gap-3 text-gray-700"><span class="text-red-500 font-bold">✖</span>\n                       অতিরিক্ত দামে পণ্য কেনা\n                    </li><li class="flex gap-3 text-gray-700"><span class="text-red-500 font-bold">✖</span>\n                       কোনো ওয়ারেন্টি বা গ্যারান্টি না পাওয়া\n                    </li></ul></div><div class="bg-emerald-50 p-8 rounded-3xl border border-emerald-100 shadow-xl transform md:-translate-y-4"><h3 class="text-xl font-bold text-primary mb-6 flex items-center gap-2"><span class="bg-emerald-200 p-1 rounded">✅</span> আমাদের সমাধান\n                 </h3><ul class="space-y-4"><li class="flex gap-3 text-gray-800 font-medium"><span class="text-primary font-bold">✔</span>\n                       ১০০% প্রিমিয়াম কোয়ালিটি নিশ্চিত করি\n                    </li><li class="flex gap-3 text-gray-800 font-medium"><span class="text-primary font-bold">✔</span>\n                       সরাসরি ইম্পোর্টার থেকে কম দামে কেনা\n                    </li><li class="flex gap-3 text-gray-800 font-medium"><span class="text-primary font-bold">✔</span>\n                       ১ বছরের ফুল রিপ্লেসমেন্ট গ্যারান্টি\n                    </li></ul></div></div></div></section><section class="py-12 bg-white px-4"><div class="max-w-6xl mx-auto"><h2 class="text-3xl font-bold text-center text-gray-900 mb-10">আমাদের গ্রাহকরা যা বলছেন</h2><div class="grid grid-cols-1 md:grid-cols-3 gap-6"><div class="bg-gray-50 p-6 rounded-3xl border border-gray-100 shadow-sm relative"><div class="text-yellow-400 text-2xl mb-3">★★★★★</div><p class="text-gray-600 font-medium italic mb-6">"প্রোডাক্টটি খুবই ভালো। ডেলিভারি খুব ফাস্ট পেয়েছি। সেলারের ব্যবহারও চমৎকার।"</p><div class="flex items-center gap-3"><div class="w-10 h-10 bg-emerald-100 rounded-full flex items-center justify-center font-bold text-primary">R</div><div><h4 class="font-bold text-gray-900 text-sm">রহিম মিয়া</h4><p class="text-xs text-gray-500">ঢাকা</p></div></div></div><div class="bg-gray-50 p-6 rounded-3xl border border-gray-100 shadow-sm relative"><div class="text-yellow-400 text-2xl mb-3">★★★★★</div><p class="text-gray-600 font-medium italic mb-6">"অরিজিনাল প্রোডাক্ট পেয়েছি। ধন্যবাদ!"</p><div class="flex items-center gap-3"><div class="w-10 h-10 bg-blue-100 rounded-full flex items-center justify-center font-bold text-secondary">S</div><div><h4 class="font-bold text-gray-900 text-sm">সোহেল রানা</h4><p class="text-xs text-gray-500">চট্টগ্রাম</p></div></div></div><div class="bg-gray-50 p-6 rounded-3xl border border-gray-100 shadow-sm relative"><div class="text-yellow-400 text-2xl mb-3">★★★★★</div><p class="text-gray-600 font-medium italic mb-6">"দাম অনুযায়ী মান বেশ ভালো। আমি সন্তুষ্ট।"</p><div class="flex items-center gap-3"><div class="w-10 h-10 bg-purple-100 rounded-full flex items-center justify-center font-bold text-purple-700">T</div><div><h4 class="font-bold text-gray-900 text-sm">তানিয়া আক্তার</h4><p class="text-xs text-gray-500">সিলেট</p></div></div></div></div></div></section><section class="py-12 bg-gray-50 px-4"><div class="max-w-3xl mx-auto"><h2 class="text-3xl font-bold text-center text-gray-900 mb-8">সচরাচর জিজ্ঞাসিত প্রশ্ন</h2><div class="space-y-4"><details class="group bg-white rounded-2xl shadow-sm border border-gray-200"><summary class="flex items-center justify-between p-5 font-bold text-lg cursor-pointer list-none"><span>ডেলিভারি চার্জ কত?</span><span class="transition group-open:rotate-180"><svg fill="none" height="24" stroke="currentColor" stroke-linecap="round" stroke-linejoin="round" stroke-width="2" viewBox="0 0 24 24" width="24"><polyline points="6 9 12 15 18 9"></polyline></svg></span></summary><div class="text-gray-600 px-5 pb-5 leading-relaxed">\n                   ঢাকার ভিতরে ৭০ টাকা এবং ঢাকার বাইরে ১৩০ টাকা।\n                </div></details><details class="group bg-white rounded-2xl shadow-sm border border-gray-200"><summary class="flex items-center justify-between p-5 font-bold text-lg cursor-pointer list-none"><span>পণ্যটি কি আসল?</span><span class="transition group-open:rotate-180"><svg fill="none" height="24" stroke="currentColor" stroke-linecap="round" stroke-linejoin="round" stroke-width="2" viewBox="0 0 24 24" width="24"><polyline points="6 9 12 15 18 9"></polyline></svg></span></summary><div class="text-gray-600 px-5 pb-5 leading-relaxed">\n                   জি, আমরা ১০০% অরিজিনাল পণ্যের গ্যারান্টি দিচ্ছি।\n                </div></details><details class="group bg-white rounded-2xl shadow-sm border border-gray-200"><summary class="flex items-center justify-between p-5 font-bold text-lg cursor-pointer list-none"><span>রিটার্ন পলিসি কি?</span><span class="transition group-open:rotate-180"><svg fill="none" height="24" stroke="currentColor" stroke-linecap="round" stroke-linejoin="round" stroke-width="2" viewBox="0 0 24 24" width="24"><polyline points="6 9 12 15 18 9"></polyline></svg></span></summary><div class="text-gray-600 px-5 pb-5 leading-relaxed">\n                   পণ্য হাতে পাওয়ার পর যদি কোনো সমস্যা থাকে তবে সাথে সাথে রিটার্ন করতে পারবেন।\n                </div></details></div></div></section><section class="py-8 bg-blue-50 border-y border-blue-100"><div class="max-w-4xl mx-auto px-6 flex flex-col md:flex-row justify-center items-center gap-6 md:gap-12"><div class="flex items-center gap-4"><div class="w-12 h-12 bg-white rounded-full flex items-center justify-center text-2xl shadow-sm">🏍️</div><div><h4 class="font-bold text-gray-900">ঢাকার ভিতরে</h4><p class="text-blue-700 font-bold">৭০ টাকা (২৪-৪৮ ঘন্টা)</p></div></div><div class="hidden md:block w-px h-12 bg-blue-200"></div><div class="flex items-center gap-4"><div class="w-12 h-12 bg-white rounded-full flex items-center justify-center text-2xl shadow-sm">🚛</div><div><h4 class="font-bold text-gray-900">ঢাকার বাইরে</h4><p class="text-blue-700 font-bold">১৩০ টাকা (২-৩ দিন)</p></div></div></div></section><div class="max-w-3xl mx-auto my-10 p-1 rounded-2xl bg-gradient-to-r from-yellow-400 via-orange-500 to-red-500"><div class="bg-white rounded-xl p-8 text-center"><div class="w-20 h-20 bg-yellow-100 rounded-full flex items-center justify-center text-4xl mx-auto mb-4">🛡️</div><h3 class="text-2xl font-black text-gray-900 mb-3">১০০% মানি ব্যাক গ্যারান্টি</h3><p class="text-gray-600 leading-relaxed">\n               আমরা পণ্যের মানের ব্যাপারে আপোষ করি না। পন্য হাতে পাওয়ার পর যদি মনে হয় এটি আপনার জন্য নয়, তবে আমরা কোনো প্রশ্ন ছাড়াই টাকা ফেরত দেব। আপনার সন্তুষ্টিই আমাদের কাম্য।\n            </p></div></div><section id="order" class="py-16 bg-emerald-50/50 px-4"><div class="max-w-6xl mx-auto"><div class="text-center mb-10"><h2 class="text-3xl md:text-5xl font-black text-gray-900 mb-4">অর্ডার কনফার্ম করুন</h2><p class="text-xl text-gray-600 font-medium">নিচের ফর্মটি পূরণ করুন, আমরা আপনাকে কল করবো</p></div><div class="bg-white rounded-[2.5rem] p-6 md:p-12 shadow-2xl shadow-emerald-200/50 border border-gray-100 grid grid-cols-1 lg:grid-cols-2 gap-10 lg:gap-16"><!-- Product Info Summary --><div class="space-y-8"><div class="bg-emerald-50 rounded-3xl p-6 border border-emerald-100 relative overflow-hidden"><div class="flex items-center gap-6"><div class="w-24 h-24 bg-white rounded-2xl overflow-hidden shadow-md flex-shrink-0 p-1"><img src="https://images.unsplash.com/photo-1523275335684-37898b6baf30?w=300&amp;q=80" class="w-full h-full object-cover rounded-xl product-image"/></div><div><h4 class="text-xl font-black text-gray-900 mb-2">প্রিমিয়াম কোয়ালিটি পণ্য</h4><div class="flex items-center gap-3"><span class="text-emerald-600 font-black text-3xl product-price">৳৯৫০</span><span class="text-gray-400 line-through text-lg product-compare-price">৳১,৯৫০</span></div></div></div></div><div class="space-y-4"><h5 class="text-lg font-bold text-gray-800 flex items-center gap-2"><span class="w-2 h-8 bg-emerald-500 rounded-full"></span>\n                   কেন আপনি আমাদের পণ্যটি কিনবেন?\n                </h5><ul class="space-y-3"><li class="flex items-start gap-3 font-medium text-gray-700"><span class="text-emerald-500 text-xl font-bold">✓</span>\n                    ১০০% অরিজিনাল কালার গ্যারান্টি।\n                  </li><li class="flex items-start gap-3 font-medium text-gray-700"><span class="text-emerald-500 text-xl font-bold">✓</span>\n                    প্রিমিয়াম মেটেরিয়াল দিয়ে তৈরী।\n                  </li><li class="flex items-start gap-3 font-medium text-gray-700"><span class="text-emerald-500 text-xl font-bold">✓</span>\n                    ৭ দিনের রিপ্লেসমেন্ট ওয়ারেন্টি।\n                  </li></ul></div><div class="bg-blue-50 p-6 rounded-3xl border border-blue-100 flex items-center gap-4 animate-pulse"><div class="w-12 h-12 bg-white rounded-full flex items-center justify-center text-2xl shadow-sm">🔥</div><p class="text-blue-900 font-bold">গত ২৪ ঘণ্টায় ১২৫ জন নতুন গ্রাহক অর্ডার করেছেন!</p></div></div><!-- Form --><form method="POST" action="/api/create-order" class="space-y-6"><div class="space-y-2"><label class="block text-sm font-bold text-gray-500 uppercase tracking-widest px-1">আপনার নাম</label><input type="text" name="customer_name" placeholder="নাম লিখুন" required class="w-full px-6 py-4 rounded-2xl border-2 border-gray-100 focus:border-emerald-500 focus:ring-4 focus:ring-emerald-500/10 outline-none transition"/></div><div class="space-y-2"><label class="block text-sm font-bold text-gray-500 uppercase tracking-widest px-1">মোবাইল নাম্বার</label><input type="tel" name="phone" placeholder="017XXXXXXXX" required class="w-full px-6 py-4 rounded-2xl border-2 border-gray-100 focus:border-emerald-500 focus:ring-4 focus:ring-emerald-500/10 outline-none transition"/></div><div class="space-y-2"><label class="block text-sm font-bold text-gray-500 uppercase tracking-widest px-1">সম্পূর্ণ ঠিকানা</label><textarea name="address" placeholder="বাসা নং, রোড, থানা, জেলা লিখুন" required class="w-full px-6 py-4 rounded-2xl border-2 border-gray-100 focus:border-emerald-500 focus:ring-4 focus:ring-emerald-500/10 outline-none h-32 transition resize-none"></textarea></div><div class="bg-gray-50 p-6 rounded-3xl border border-dashed border-gray-300 space-y-3"><div class="flex justify-between items-center text-gray-600 font-medium"><span>পণ্যের নাম:</span><span class="font-bold text-gray-900 text-xl product-name">প্রিমিয়াম পণ্য</span></div><div class="flex justify-between items-center text-emerald-600 font-medium"><span>ডেলিভারি চার্জ:</span><span class="font-bold text-lg">ফ্রি</span></div><div class="pt-3 border-t border-gray-200 flex justify-between items-center text-gray-900"><span class="text-xl font-black">সর্বমোট মূল্য:</span><span class="text-3xl font-black text-emerald-600 product-price">৳৯৫০</span></div></div><div class="flex flex-col gap-4"><button type="submit" class="w-full bg-gradient-to-r from-emerald-600 to-emerald-500 text-white font-black text-2xl py-6 rounded-3xl shadow-2xl shadow-emerald-200 hover:shadow-emerald-300 hover:scale-[1.02] active:scale-95 transition-all">অর্ডার কনফার্ম করুন</button><a href="https://wa.me/8801XXXXXXXXX" class="w-full bg-white text-emerald-600 border-2 border-emerald-100 font-bold py-4 rounded-3xl flex items-center justify-center gap-2 hover:bg-emerald-50 transition whatsapp-link"><svg viewBox="0 0 24 24" width="24" height="24" fill="currentColor"><path d="M17.472 14.382c-.297-.149-1.758-.867-2.03-.967-.273-.099-.471-.148-.67.15-.197.297-.767.966-.94 1.164-.173.199-.347.223-.644.075-.297-.15-1.255-.463-2.39-1.475-.883-.788-1.48-1.761-1.653-2.059-.173-.297-.018-.458.13-.606.134-.133.298-.347.446-.52.149-.174.198-.298.298-.497.099-.198.05-.371-.025-.52-.075-.149-.669-1.612-.916-2.207-.242-.579-.487-.5-.669-.51-.173-.008-.371-.01-.57-.01-.198 0-.52.074-.792.372-.272.297-1.04 1.016-1.04 2.479 0 1.462 1.065 2.875 1.213 3.074.149.198 2.096 3.2 5.077 4.487.709.306 1.262.489 1.694.625.712.227 1.36.195 1.871.118.571-.085 1.758-.719 2.006-1.413.248-.694.248-1.289.173-1.413-.074-.124-.272-.198-.57-.347m-5.421 7.403h-.004a9.87 9.87 0 01-5.031-1.378l-.361-.214-3.741.982.998-3.648-.235-.374a9.86 9.86 0 01-1.51-5.26c.001-5.45 4.436-9.884 9.888-9.884 2.64 0 5.122 1.03 6.988 2.898a9.825 9.825 0 012.893 6.994c-.003 5.45-4.437 9.884-9.885 9.884m8.413-18.297A11.815 11.815 0 0012.05 0C5.495 0 .16 5.335.157 11.892c0 2.096.547 4.142 1.588 5.945L.057 24l6.305-1.654a11.882 11.882 0 005.683 1.448h.005c6.554 0 11.89-5.335 11.893-11.893a11.821 11.821 0 00-3.48-8.413z"></path></svg>\n                  সরাসরি কথা বলুন\n                </a></div></form></div></div></section><footer class="bg-white border-t border-gray-100 py-12 px-4"><div class="max-w-6xl mx-auto flex flex-col md:flex-row items-center justify-between gap-6"><div class="text-center md:text-left"><div class="font-black text-xl text-gray-900 mb-2">YOUR STORE</div><p class="text-gray-500 text-sm">© 2024 All rights reserved.</p></div><div class="flex gap-4"><a href="#" class="w-10 h-10 bg-gray-100 text-gray-600 rounded-full flex items-center justify-center hover:bg-blue-500 hover:text-white transition">f</a><a href="#" class="w-10 h-10 bg-gray-100 text-gray-600 rounded-full flex items-center justify-center hover:bg-pink-500 hover:text-white transition">i</a><a href="#" class="w-10 h-10 bg-gray-100 text-gray-600 rounded-full flex items-center justify-center hover:bg-red-500 hover:text-white transition">y</a></div><div class="flex gap-6 text-sm font-medium text-gray-600"><a href="#" class="hover:text-primary">Terms</a><a href="#" class="hover:text-primary">Privacy</a><a href="#" class="hover:text-primary">Refund Policy</a></div></div></footer></body>','\n',char(10)),'* { box-sizing: border-box; } body {margin: 0;}@keyframes scroll{0%{transform:translateX(0px);}100%{transform:translateX(-50%);}}',1,1768302548,'2026-01-19T08:10:33.223Z','{}');
CREATE TABLE `agents` (
	`id` integer PRIMARY KEY AUTOINCREMENT NOT NULL,
	`store_id` integer NOT NULL,
	`name` text NOT NULL,
	`agent_settings` text,
	`is_active` integer DEFAULT true,
	`created_at` integer,
	`updated_at` integer, `system_prompt` text, `tone` text DEFAULT 'friendly', `language` text DEFAULT 'bn', `objectives` text, `knowledge_base_id` text, `enabled_channels` text, `whatsapp_phone_id` text, `messenger_page_id` text,
	FOREIGN KEY (`store_id`) REFERENCES `stores`(`id`) ON UPDATE no action ON DELETE cascade
);
INSERT INTO "agents" VALUES(1,5,'Sales Assistant','{"tone":"friendly","language":"bn"}',1,1768037507,1768037507,NULL,'friendly','bn',NULL,NULL,NULL,NULL,NULL);
CREATE TABLE `conversations` (
	`id` integer PRIMARY KEY AUTOINCREMENT NOT NULL,
	`agent_id` integer NOT NULL,
	`customer_phone` text,
	`customer_fb_id` text,
	`session_id` text,
	`customer_name` text,
	`status` text DEFAULT 'active',
	`last_message_at` integer,
	`created_at` integer,
	FOREIGN KEY (`agent_id`) REFERENCES `agents`(`id`) ON UPDATE no action ON DELETE cascade
);
INSERT INTO "conversations" VALUES(1,1,NULL,NULL,NULL,'Rahmatullah Zisan','active',1768357620,1768106463);
CREATE TABLE `faqs` (
	`id` integer PRIMARY KEY AUTOINCREMENT NOT NULL,
	`agent_id` integer NOT NULL,
	`question` text NOT NULL,
	`answer` text NOT NULL,
	`is_active` integer DEFAULT true,
	`created_at` integer,
	FOREIGN KEY (`agent_id`) REFERENCES `agents`(`id`) ON UPDATE no action ON DELETE cascade
);
CREATE TABLE `knowledge_sources` (
	`id` integer PRIMARY KEY AUTOINCREMENT NOT NULL,
	`agent_id` integer NOT NULL,
	`name` text NOT NULL,
	`type` text NOT NULL,
	`content` text,
	`status` text DEFAULT 'pending',
	`vector_id` text,
	`created_at` integer,
	`updated_at` integer,
	FOREIGN KEY (`agent_id`) REFERENCES `agents`(`id`) ON UPDATE no action ON DELETE cascade
);
CREATE TABLE `visitor_messages` (
	`id` integer PRIMARY KEY AUTOINCREMENT NOT NULL,
	`visitor_id` integer NOT NULL,
	`role` text NOT NULL,
	`content` text NOT NULL,
	`created_at` integer,
	FOREIGN KEY (`visitor_id`) REFERENCES `visitors`(`id`) ON UPDATE no action ON DELETE cascade
);
INSERT INTO "visitor_messages" VALUES(1,1,'user','ha',1768061272);
INSERT INTO "visitor_messages" VALUES(2,1,'assistant',replace('হ্যাঁ! 👋 আমি Ozzyl AI, বাংলাদেশের সেরা e-commerce platform Ozzyl এর official assistant।\n\nআপনি কি Ozzyl সম্পর্কে জানতে চান? আমি আপনাকে নিম্নলিখিত বিষয়ে সাহায্য করতে পারি:\n\n✅ Free plan নিয়ে জানতে চান?\n✅ Starter/ Premium plan এর বিস্তারিত জানতে চান?\n✅ কিভাবে store খুলবেন জানতে চান?\n✅ Payment method সম্পর্কে জানতে চান?\n✅ কোনো specific প্রশ্ন আছে?\n\nআপনার কোন প্রশ্নের উত্তর জানতে চান? বা আপনার বিজনেস সম্পর্কে বলুন, আমি আপনাকে ১০ মিনিটে online store খুলতে সাহায্য করব! 😊','\n',char(10)),1768061291);
INSERT INTO "visitor_messages" VALUES(3,1,'user','ha',1768071545);
INSERT INTO "visitor_messages" VALUES(4,1,'assistant',replace('আসসালামু আলাইকুম! 👋\n\n"ha" বললে আমি বুঝতে পারছি না। আপনার কি কোনো specific প্রশ্ন আছে Ozzyl নিয়ে? যেমন:\n- Store কিভাবে শুরু করবেন?\n- Pricing plan সম্পর্কে জানতে চান?\n- কোনো ফিচার সম্পর্কে বিশদ জানতে চান?\n\nআমি আপনার সব প্রশ্নের উত্তর দিতে পারি। বলুন কিভাবে সাহায্য করতে পারি? 😊','\n',char(10)),1768071550);
INSERT INTO "visitor_messages" VALUES(5,1,'user','pricing plan',1768071564);
INSERT INTO "visitor_messages" VALUES(6,1,'assistant',replace('Ozzyl এর pricing plan সম্পর্কে জানতে চাচ্ছেন? আমাদের ৩টি plan আছে:\n\n**Free Plan (৳০/মাস)**\n✅ ১টি প্রোডাক্ট\n✅ ৫০ অর্ডার/মাস\n✅ Landing Page Mode\n✅ Cash on Delivery\n✅ yourstore.ozzyl.com subdomain\n\n**Starter Plan (৳৫০০/মাস)** ⭐ সবচেয়ে popular\n✅ ৫০টি প্রোডাক্ট\n✅ ৫০০ অর্ডার/মাস\n✅ Full Store Mode\n✅ বিকাশ + নগদ + COD\n✅ Inventory Tracking\n✅ Email Notifications\n\n**Premium Plan (৳২,০০০/মাস)**\n✅ আনলিমিটেড প্রোডাক্ট\n✅ আনলিমিটেড অর্ডার\n✅ কাস্টম ডোমেইন\n✅ Priority Support\n✅ Team Members (৩ জন)\n✅ কুরিয়ার Integration (Pathao, RedX, Steadfast)\n✅ AI-Powered Features\n\nকোন plan আপনার জন্য উপযুক্ত হবে? Free plan দিয়ে শুরু করতে চান?','\n',char(10)),1768071573);
INSERT INTO "visitor_messages" VALUES(7,1,'user','ha',1768071662);
INSERT INTO "visitor_messages" VALUES(8,1,'assistant',replace('আসসালামু আলাইকুম! 👋\n\n"ha" বললে আমি বুঝতে পারছি না। আপনার কি কোনো specific প্রশ্ন আছে Ozzyl নিয়ে? যেমন:\n- Store কিভাবে শুরু করবেন?\n- Pricing plan সম্পর্কে জানতে চান?\n- কোনো ফিচার সম্পর্কে বিশদ জানতে চান?\n\nআমি আপনার সব প্রশ্নের উত্তর দিতে পারি। বলুন কিভাবে সাহায্য করতে পারি? 😊','\n',char(10)),1768071666);
INSERT INTO "visitor_messages" VALUES(9,1,'user','free plan diye suru korte chai',1768071680);
INSERT INTO "visitor_messages" VALUES(10,1,'assistant',replace('অভিনন্দন! আপনার জন্য Free Plan একদম perfect। আসুন, আমি আপনাকে শুরু করতে সাহায্য করি।\n\n**Free Plan এর সুবিধাসমূহ:**\n✅ ১টি প্রোডাক্ট\n✅ ৫০ অর্ডার/মাস\n✅ Landing Page Mode\n✅ Cash on Delivery\n✅ yourstore.ozzyl.com subdomain\n\n**শুরু করতে:**\n১. Sign Up করুন - আপনার email দিন\n২. Store Name দিন - আপনার ব্র্যান্ডের নাম\n৩. Product যোগ করুন - ছবি, দাম, বিবরণ\n৪. Link share করুন - Facebook এ শেয়ার করুন\n\n১০ মিনিটেই আপনার অনলাইন স্টোর ready! আপনার প্রোডাক্টটা কি?','\n',char(10)),1768071685);
INSERT INTO "visitor_messages" VALUES(11,2,'user','Hello',1768301500);
INSERT INTO "visitor_messages" VALUES(12,2,'assistant',replace('আসসালামু আলাইকুম! 👋\n\nআমি Ozzyl AI - Ozzyl এর official AI assistant। আপনার অনলাইন বিজনেস নিয়ে কিভাবে সাহায্য করতে পারি?\n\nআমাদের সাথে আপনার অনলাইন স্টোর ১০ মিনিটে ready হতে পারে! বিস্তারিত জানতে বলুন অথবা sign up করে শুরু করুন। 😊','\n',char(10)),1768301503);
CREATE TABLE `visitors` (
	`id` integer PRIMARY KEY AUTOINCREMENT NOT NULL,
	`name` text NOT NULL,
	`phone` text NOT NULL,
	`created_at` integer
);
INSERT INTO "visitors" VALUES(1,'Zisan','0173',1768061268);
INSERT INTO "visitors" VALUES(2,'Zisan','01739416661',1768301496);
CREATE TABLE `password_resets` (
	`id` integer PRIMARY KEY AUTOINCREMENT NOT NULL,
	`user_id` integer NOT NULL,
	`token` text NOT NULL,
	`expires_at` integer NOT NULL,
	`used_at` integer,
	`created_at` integer,
	FOREIGN KEY (`user_id`) REFERENCES `users`(`id`) ON UPDATE no action ON DELETE cascade
);
INSERT INTO "password_resets" VALUES(1,1,'ee09139cbd43874da99dd5f5641f20b0ed1e76147fcc5c76812bd92b0fa1a32a',1768280054,NULL,1768276454);
CREATE TABLE `store_themes` (
	`id` integer PRIMARY KEY AUTOINCREMENT NOT NULL,
	`store_id` integer NOT NULL,
	`template_id` text,
	`marketplace_theme_id` integer,
	`name` text NOT NULL,
	`config` text NOT NULL,
	`thumbnail` text,
	`is_active` integer DEFAULT false,
	`installed_at` integer,
	`last_used_at` integer,
	`updated_at` integer,
	FOREIGN KEY (`store_id`) REFERENCES `stores`(`id`) ON UPDATE no action ON DELETE cascade,
	FOREIGN KEY (`marketplace_theme_id`) REFERENCES `marketplace_themes`(`id`) ON UPDATE no action ON DELETE set null
);
INSERT INTO "store_themes" VALUES(1,5,'luxe-boutique',NULL,'Luxe Boutique','{"storeTemplateId":"luxe-boutique","primaryColor":"#1a1a1a","accentColor":"#c9a961","backgroundColor":"#faf9f7","textColor":"#1a1a1a","sections":[]}','/templates/luxe-boutique.png',1,1768304442,1768304442,1768304442);
CREATE TABLE `ai_conversations` (
	`id` integer PRIMARY KEY AUTOINCREMENT NOT NULL,
	`agent_id` integer NOT NULL,
	`store_id` integer NOT NULL,
	`customer_id` integer,
	`visitor_id` text,
	`customer_phone` text,
	`customer_name` text,
	`channel` text DEFAULT 'web',
	`external_id` text,
	`status` text DEFAULT 'active',
	`last_message_at` integer,
	`created_at` integer,
	FOREIGN KEY (`agent_id`) REFERENCES `agents`(`id`) ON DELETE cascade,
	FOREIGN KEY (`store_id`) REFERENCES `stores`(`id`) ON DELETE cascade,
	FOREIGN KEY (`customer_id`) REFERENCES `customers`(`id`) ON DELETE set null
);
CREATE TABLE loyalty_transactions (
  id integer PRIMARY KEY AUTOINCREMENT NOT NULL,
  store_id integer NOT NULL REFERENCES stores(id) ON DELETE CASCADE,
  customer_id integer NOT NULL REFERENCES customers(id) ON DELETE CASCADE,
  points integer NOT NULL,
  type text NOT NULL,
  description text,
  created_at integer
);
INSERT INTO "loyalty_transactions" VALUES(1,5,5,5,'purchase','First Order ORD-MKMG5OBJ-5SN (Spent ৳560 @ 1x)',1768904651);
INSERT INTO "loyalty_transactions" VALUES(2,5,6,5,'purchase','First Order ORD-MKMLWEND-8DY (Spent ৳560 @ 1x)',1768914297);
INSERT INTO "loyalty_transactions" VALUES(3,5,5,3,'purchase','Order ORD-MKMLZ0BQ-CLF (Spent ৳310 @ 1.2x)',1768914418);
INSERT INTO "loyalty_transactions" VALUES(4,5,5,3,'purchase','Order ORD-MKMM4QHX-CPT (Spent ৳310 @ 1.2x)',1768914685);
CREATE TABLE `push_subscriptions` (
	`id` integer PRIMARY KEY AUTOINCREMENT NOT NULL,
	`store_id` integer NOT NULL,
	`user_id` integer,
	`endpoint` text NOT NULL,
	`p256dh` text NOT NULL,
	`auth` text NOT NULL,
	`user_agent` text,
	`created_at` integer,
	FOREIGN KEY (`store_id`) REFERENCES `stores`(`id`) ON UPDATE no action ON DELETE cascade,
	FOREIGN KEY (`user_id`) REFERENCES `users`(`id`) ON UPDATE no action ON DELETE no action
);
INSERT INTO "push_subscriptions" VALUES(1,5,NULL,'https://fcm.googleapis.com/fcm/send/ePQVmvEJou8:APA91bHpJU_OZJ5-qvy-G1ZfMqOSwLEKXEsm3w-2iIx6huTYsGOAEgVSksrc2r86ZzU4FNJMxKUWDW2xn0G9t0Jh4LhSCYldPJFzNu0lsIb38bltzsBKgQp-Ltn6GUy5aH9VEysOSi-C','BP1-t7gS9ZUH7s9NJ-LljRW5DVFQW6iqGxOYkoKsHQBeDI2e9mZpAwNxZXS6soPXJcWbfIaULKzoUr7uEISP-Ag','PHbvEvjHz25Mon8CTKv8RA','Mozilla/5.0 (Macintosh; Intel Mac OS X 10_15_7) AppleWebKit/537.36 (KHTML, like Gecko) Chrome/143.0.0.0 Safari/537.36',1768834516);
INSERT INTO "push_subscriptions" VALUES(2,5,NULL,'https://fcm.googleapis.com/fcm/send/duWwZ7AJOqA:APA91bGnh7ZPUI6WM0FcVExs69aahBvU_bvlssDusfEQOOtu3MOja8FEN2YDjEDJRcHQDNaSKAEIt5VgN5AuA31j2D9JJfseqJJXRfhSipSzXDeN_9fi9ciZ98-6tjTbxZloVut6ivRB','BJDD3xc3MwZPMoEAaVGogY27uupaZoGn-Q8TwHhK2fmIKatSG1Bcv7oOHqfQZQDuf8dEf5OzQ2j78mOK2ewAgUw','5b61M8s3YWMDnRkevzOIqQ','Mozilla/5.0 (Macintosh; Intel Mac OS X 10_15_7) AppleWebKit/537.36 (KHTML, like Gecko) Chrome/143.0.0.0 Safari/537.36',1768836295);
CREATE TABLE IF NOT EXISTS "admin_audit_logs" (
	`id` integer PRIMARY KEY AUTOINCREMENT NOT NULL,
	`store_id` integer NOT NULL,
	`actor_id` integer NOT NULL,
	`action` text NOT NULL,
	`resource` text NOT NULL,
	`resource_id` text,
	`diff` text,
	`ip_address` text,
	`user_agent` text,
	`created_at` integer,
	FOREIGN KEY (`store_id`) REFERENCES `stores`(`id`) ON UPDATE no action ON DELETE cascade,
	FOREIGN KEY (`actor_id`) REFERENCES `users`(`id`) ON UPDATE no action ON DELETE no action
);
INSERT INTO "admin_audit_logs" VALUES(1,5,1,'login','user','1','{"method":"google_oauth"}','2a09:bac1:b40:10::19c:2a7','Mozilla/5.0 (Macintosh; Intel Mac OS X 10_15_7) AppleWebKit/537.36 (KHTML, like Gecko) Chrome/143.0.0.0 Safari/537.36',1768568066);
INSERT INTO "admin_audit_logs" VALUES(2,5,1,'login','user','1','{"method":"google_oauth"}','2a09:bac1:b40:10::19c:2a7','Mozilla/5.0 (Macintosh; Intel Mac OS X 10_15_7) AppleWebKit/537.36 (KHTML, like Gecko) Chrome/143.0.0.0 Safari/537.36',1768568270);
INSERT INTO "admin_audit_logs" VALUES(3,5,1,'login','user','1','{"method":"google_oauth"}','2a09:bac1:b40:10::19c:2a7','Mozilla/5.0 (Macintosh; Intel Mac OS X 10_15_7) AppleWebKit/537.36 (KHTML, like Gecko) Chrome/143.0.0.0 Safari/537.36',1768568517);
INSERT INTO "admin_audit_logs" VALUES(4,17,12,'login','user','12','{"method":"google_oauth"}','118.179.74.209','Mozilla/5.0 (Linux; Android 10; K) AppleWebKit/537.36 (KHTML, like Gecko) Chrome/143.0.0.0 Mobile Safari/537.36',1768569399);
INSERT INTO "admin_audit_logs" VALUES(5,5,1,'login','user','1','{"method":"google_oauth"}','2a09:bac1:b40:10::19c:2a7','Mozilla/5.0 (Macintosh; Intel Mac OS X 10_15_7) AppleWebKit/537.36 (KHTML, like Gecko) Chrome/143.0.0.0 Safari/537.36',1768579571);
INSERT INTO "admin_audit_logs" VALUES(6,5,1,'login','user','1','{"method":"google_oauth"}','2a09:bac1:b40:10::278:d5','Mozilla/5.0 (Macintosh; Intel Mac OS X 10_15_7) AppleWebKit/537.36 (KHTML, like Gecko) Chrome/143.0.0.0 Safari/537.36',1768614390);
INSERT INTO "admin_audit_logs" VALUES(7,5,1,'login','user','1','{"method":"google_oauth"}','118.179.74.209','Mozilla/5.0 (Macintosh; Intel Mac OS X 10_15_7) AppleWebKit/537.36 (KHTML, like Gecko) Chrome/143.0.0.0 Safari/537.36',1768732015);
INSERT INTO "admin_audit_logs" VALUES(8,5,1,'login','user','1','{"method":"google_oauth"}','118.179.74.209','Mozilla/5.0 (Macintosh; Intel Mac OS X 10_15_7) AppleWebKit/537.36 (KHTML, like Gecko) Chrome/143.0.0.0 Safari/537.36',1768732066);
INSERT INTO "admin_audit_logs" VALUES(9,5,1,'login','user','1','{"method":"google_oauth"}','118.179.74.209','Mozilla/5.0 (Linux; Android 10; K) AppleWebKit/537.36 (KHTML, like Gecko) Chrome/143.0.0.0 Mobile Safari/537.36',1768790685);
INSERT INTO "admin_audit_logs" VALUES(10,5,1,'login','user','1','{"method":"google_oauth"}','118.179.74.209','Mozilla/5.0 (Macintosh; Intel Mac OS X 10_15_7) AppleWebKit/605.1.15 (KHTML, like Gecko) Version/26.2 Safari/605.1.15',1768801647);
CREATE TABLE `credit_usage_logs` (
	`id` integer PRIMARY KEY AUTOINCREMENT NOT NULL,
	`store_id` integer NOT NULL,
	`amount` integer NOT NULL,
	`type` text NOT NULL,
	`description` text,
	`metadata` text,
	`created_at` integer DEFAULT (strftime('%s', 'now')),
	FOREIGN KEY (`store_id`) REFERENCES `stores`(`id`) ON UPDATE no action ON DELETE no action
);
CREATE TABLE `marketplace_themes` (
	`id` integer PRIMARY KEY AUTOINCREMENT NOT NULL,
	`name` text NOT NULL,
	`description` text,
	`thumbnail` text,
	`config` text NOT NULL,
	`created_by` integer,
	`author_name` text,
	`is_public` integer DEFAULT true,
	`created_at` integer,
	`updated_at` integer,
	FOREIGN KEY (`created_by`) REFERENCES `stores`(`id`) ON UPDATE no action ON DELETE set null
);
CREATE TABLE webhook_delivery_logs (id integer PRIMARY KEY AUTOINCREMENT NOT NULL, webhook_id integer NOT NULL, event_type text NOT NULL, payload text NOT NULL, status_code integer, response_body text, success integer DEFAULT false, error_message text, attempt_count integer DEFAULT 1, delivered_at integer, FOREIGN KEY (webhook_id) REFERENCES webhooks(id) ON DELETE CASCADE);
CREATE TABLE cache_store (
  key TEXT PRIMARY KEY,
  value TEXT NOT NULL,
  expires_at INTEGER NOT NULL
);
INSERT INTO "cache_store" VALUES('store:5:categories','["Other"]',1768917701);
INSERT INTO "cache_store" VALUES('store:5:config','{"themeConfig":{"storeTemplateId":"starter-store","primaryColor":"#1a1a1a","accentColor":"#c9a961","backgroundColor":"#faf9f7","textColor":"#1a1a1a","sections":[{"id":"hero-1768322503373","type":"hero","settings":{"heading":"Welcome to Our Store","subheading":"Discover our premium collection","primaryAction":{"label":"Shop Now","url":"/#products"},"alignment":"center","layout":"standard"}},{"id":"modern-hero-1768322513158","type":"modern-hero","settings":{"heading":"Premium Quality Products","subheading":"Discover our amazing collection...","primaryAction":{"label":"Shop Now","url":"/products"},"secondaryAction":{"label":"Browse Categories","url":"/about"},"image":""}},{"id":"rich-text-1768322518959","type":"rich-text","settings":{"heading":"Our Story","text":"Share your brand story here.","alignment":"center"}},{"id":"modern-features-1768323137024","type":"modern-features","settings":{"heading":"Why Choose Us?","subheading":"We''re committed to providing the best shopping experience","features":[{"icon":"✨","title":"Premium Quality","description":"Highest quality standards."},{"icon":"⚡","title":"Fast Delivery","description":"24-48 hours delivery."},{"icon":"💬","title":"24/7 Support","description":"Always ready to help."}]}},{"id":"product-scroll-1768323150023","type":"product-scroll","settings":{"heading":"Featured Products","limit":10,"mode":"default"}},{"id":"product-grid-1768323196140","type":"product-grid","settings":{"heading":"Featured Products","productCount":8,"paddingTop":"large","paddingBottom":"large","addToCartText":"Add to Bag","showWishlist":true}},{"id":"features-1768323211291","type":"features","settings":{"heading":"Why Choose Us","backgroundColor":"white"}}],"borderColor":"#e5e7eb","typography":{"headingSize":"medium","bodySize":"medium","lineHeight":"normal","letterSpacing":"normal"},"bannerUrl":"","bannerText":"","customCSS":"","headerLayout":"centered","headerShowSearch":true,"headerShowCart":true,"footerDescription":"","copyrightText":"","footerColumns":[],"floatingWhatsappEnabled":true,"floatingCallEnabled":true,"checkoutStyle":"standard","productSections":[{"id":"p-header","type":"product-header","settings":{}},{"id":"p-gallery","type":"product-gallery","settings":{}},{"id":"p-info","type":"product-info","settings":{}},{"id":"p-reviews","type":"product-reviews","settings":{}}]},"businessInfo":{"phone":"","email":"","address":""},"shippingConfig":null,"landingConfig":{"templateId":"premium-bd","headline":"বাসমতি চাল ","subheadline":"সেরা মানের বাসমতি চাল ","ctaText":"Buy Now","ctaSubtext":"Best product guarantee","urgencyText":"Limited time offer","videoUrl":"","sectionOrder":["hero","cta","features","video","testimonials","faq","trust","gallery","benefits","comparison","social","delivery","guarantee","custom"],"hiddenSections":[],"whatsappEnabled":true,"whatsappNumber":"01739416661","whatsappMessage":"","callEnabled":false,"callNumber":"","guaranteeText":"১০০% সন্তুষ্টির গ্যারান্টি। পছন্দ না হলে ৭ দিনের মধ্যে ফেরত।","testimonials":[],"faq":[],"features":[{"icon":"✅","title":"প্রিমিয়াম কোয়ালিটি","description":"সেরা মানের উপাদান দিয়ে তৈরি"},{"icon":"🚚","title":"দ্রুত ডেলিভারি","description":"২-৩ কার্যদিবসের মধ্যে ডেলিভারি"},{"icon":"💯","title":"সন্তুষ্টির গ্যারান্টি","description":"পছন্দ না হলে সম্পূর্ণ টাকা ফেরত"},{"icon":"🔒","title":"নিরাপদ পেমেন্ট","description":"আপনার পেমেন্ট ১০০% নিরাপদ"}],"countdownEnabled":true,"countdownEndTime":"2026-01-30T13:52","showStockCounter":true,"lowStockThreshold":10,"showSocialProof":true,"socialProofInterval":15,"primaryColor":"#54559c","accentColor":"#c8baa2","backgroundColor":"#ffffff","textColor":"#111827","borderColor":"#e5e7eb","typography":{"headingSize":"medium","bodySize":"medium","lineHeight":"normal","letterSpacing":"normal"},"galleryImages":[],"benefits":[],"orderFormVariant":"full-width","trustBadges":[],"customSections":[],"fontFamily":"hind-siliguri","landingLanguage":"bn"},"footerConfig":null}',1768914998);
INSERT INTO "cache_store" VALUES('store:1:config','{"themeConfig":null,"businessInfo":null,"shippingConfig":null,"landingConfig":null,"footerConfig":null}',1768915977);
INSERT INTO "cache_store" VALUES('store:1:categories','["Clothing","Electronics","Accessories","Footwear"]',1768919315);
CREATE TABLE ai_cache (
  key TEXT PRIMARY KEY,
  response TEXT NOT NULL,
  expires_at INTEGER NOT NULL
);
CREATE TABLE `collections` (
	`id` integer PRIMARY KEY AUTOINCREMENT NOT NULL,
	`store_id` integer NOT NULL,
	`title` text NOT NULL,
	`slug` text NOT NULL,
	`description` text,
	`image_url` text,
	`is_active` integer DEFAULT true,
	`sort_order` integer DEFAULT 0,
	`created_at` integer,
	`updated_at` integer,
	FOREIGN KEY (`store_id`) REFERENCES `stores`(`id`) ON UPDATE no action ON DELETE cascade
);
CREATE TABLE `product_collections` (
	`id` integer PRIMARY KEY AUTOINCREMENT NOT NULL,
	`product_id` integer NOT NULL,
	`collection_id` integer NOT NULL,
	FOREIGN KEY (`product_id`) REFERENCES `products`(`id`) ON UPDATE no action ON DELETE cascade,
	FOREIGN KEY (`collection_id`) REFERENCES `collections`(`id`) ON UPDATE no action ON DELETE cascade
);
CREATE TABLE webhook_events (
  id INTEGER PRIMARY KEY AUTOINCREMENT,
  store_id INTEGER REFERENCES stores(id) ON DELETE CASCADE,
  provider TEXT NOT NULL,  -- 'stripe' | 'bkash' | 'steadfast' | 'pathao' | 'redx'
  event_id TEXT NOT NULL,  -- Provider's unique event ID
  event_type TEXT,         -- e.g., 'payment_intent.succeeded'
  payload_json TEXT,       -- Full webhook payload for debugging
  status TEXT DEFAULT 'processed',  -- 'processed' | 'failed' | 'skipped'
  processed_at INTEGER,    -- When we processed this event (timestamp)
  created_at INTEGER DEFAULT (unixepoch())
);
CREATE TABLE builder_pages (
  id TEXT PRIMARY KEY,
  store_id INTEGER NOT NULL,
  slug TEXT NOT NULL,
  title TEXT,
  product_id INTEGER,
  status TEXT NOT NULL DEFAULT 'draft',
  published_at INTEGER,
  template_id TEXT,
  seo_title TEXT,
  seo_description TEXT,
  og_image TEXT,
  view_count INTEGER DEFAULT 0,
  order_count INTEGER DEFAULT 0,
  created_at INTEGER NOT NULL DEFAULT (unixepoch()),
  updated_at INTEGER NOT NULL DEFAULT (unixepoch()), last_published_at INTEGER, whatsapp_enabled INTEGER DEFAULT 1, whatsapp_number TEXT, whatsapp_message TEXT, call_enabled INTEGER DEFAULT 1, call_number TEXT, custom_header_html TEXT, custom_footer_html TEXT, canonical_url TEXT, no_index INTEGER DEFAULT 0, order_enabled INTEGER DEFAULT 1, order_text TEXT DEFAULT 'অর্ডার করুন', order_bg_color TEXT DEFAULT '#6366F1', order_text_color TEXT DEFAULT '#FFFFFF', button_position TEXT DEFAULT 'bottom-right', intent_json TEXT, style_tokens_json TEXT,
  FOREIGN KEY(store_id) REFERENCES stores(id) ON DELETE CASCADE,
  FOREIGN KEY(product_id) REFERENCES products(id),
  UNIQUE(store_id, slug)
);
INSERT INTO "builder_pages" VALUES('p5m3mQDbtltfFSQ8TLlOz',5,'quick-start','কুইক স্টার্ট',21,'published',1768661934,'quick-start',NULL,NULL,NULL,0,0,1768649182,1768661934,1768661934,1,'01739416661','হ্যালো! আমি অর্ডার করতে চাই।',1,NULL,NULL,NULL,NULL,0,1,'অর্ডার করুন','#6366F1','#FFFFFF','bottom-right',NULL,NULL);
INSERT INTO "builder_pages" VALUES('rBVheh8hbd5-GXHbWcUsG',5,'bd-high-conversion-mki9qbub','হাই-কনভার্শন প্রো',NULL,'published',1768652021,'bd-high-conversion',NULL,NULL,NULL,0,0,1768651994,1768652021,1768652021,1,NULL,NULL,1,NULL,NULL,NULL,NULL,0,1,'অর্ডার করুন','#6366F1','#FFFFFF','bottom-right',NULL,NULL);
INSERT INTO "builder_pages" VALUES('4HCyzfVXNPs2GqfqjVy2w',5,'flash-sale-mki9tyi1','ফ্ল্যাশ সেল',21,'published',1768733455,'flash-sale',NULL,NULL,NULL,0,0,1768652164,1768733455,1768733455,1,NULL,NULL,1,NULL,NULL,NULL,NULL,0,1,'অর্ডার করুন','#6366F1','#FFFFFF','bottom-right',NULL,NULL);
INSERT INTO "builder_pages" VALUES('r0kTg6EHqyEVP-Ft4MOEj',5,'urgency-scarcity-mkimjxus','আর্জেন্সি স্কারসিটি',21,'draft',NULL,'urgency-scarcity',NULL,NULL,NULL,0,0,1768673531,1768673571,NULL,1,NULL,NULL,1,NULL,NULL,NULL,NULL,0,1,'অর্ডার করুন','#6366F1','#FFFFFF','bottom-right',NULL,NULL);
INSERT INTO "builder_pages" VALUES('qN7rN_IjpheUZhRzACo6l',5,'bd-high-conversion-mkjuj9f0','হাই-কনভার্শন প্রো',NULL,'draft',NULL,'bd-high-conversion',NULL,NULL,NULL,0,0,1768747403,1768747403,NULL,1,NULL,NULL,1,NULL,NULL,NULL,NULL,0,1,'অর্ডার করুন','#6366F1','#FFFFFF','bottom-right',NULL,NULL);
CREATE TABLE builder_sections (
  id TEXT PRIMARY KEY,
  page_id TEXT NOT NULL,
  type TEXT NOT NULL,
  enabled INTEGER NOT NULL DEFAULT 1,
  sort_order INTEGER NOT NULL,
  props_json TEXT NOT NULL DEFAULT '{}',
  version INTEGER NOT NULL DEFAULT 1,
  created_at INTEGER NOT NULL DEFAULT (unixepoch()),
  updated_at INTEGER NOT NULL DEFAULT (unixepoch()), published_props_json TEXT, published_at INTEGER, variant TEXT,
  FOREIGN KEY(page_id) REFERENCES builder_pages(id) ON DELETE CASCADE
);
INSERT INTO "builder_sections" VALUES('xFPSdI78HVmqUT5_ykOFn','p5m3mQDbtltfFSQ8TLlOz','hero',1,0,'{"headline":"আপনার জীবনকে আরো সহজ ও সুন্দর করুন আমাদের প্রিমিয়াম প্রোডাক্ট দিয়ে","subheadline":"১০,০০০+ সন্তুষ্ট গ্রাহক আমাদের উপর ভরসা করেছেন। ১০০% অরিজিনাল প্রোডাক্ট, ক্যাশ অন ডেলিভারি সুবিধা সহ সারা বাংলাদেশে দ্রুত ডেলিভারি।","ctaText":"এখনই অর্ডার করুন","variant":"centered","features":[],"badgeText":"🔥 সবচেয়ে বিক্রিত প্রোডাক্ট"}',1,1768649182,1768649182,'{"headline":"আপনার জীবনকে আরো সহজ ও সুন্দর করুন আমাদের প্রিমিয়াম প্রোডাক্ট দিয়ে","subheadline":"১০,০০০+ সন্তুষ্ট গ্রাহক আমাদের উপর ভরসা করেছেন। ১০০% অরিজিনাল প্রোডাক্ট, ক্যাশ অন ডেলিভারি সুবিধা সহ সারা বাংলাদেশে দ্রুত ডেলিভারি।","ctaText":"এখনই অর্ডার করুন","variant":"centered","features":[],"badgeText":"🔥 সবচেয়ে বিক্রিত প্রোডাক্ট"}',1768661934041,NULL);
INSERT INTO "builder_sections" VALUES('ynVxKNvjOda0yKGYnMVAe','p5m3mQDbtltfFSQ8TLlOz','trust-badges',1,1,'{"badges":[{"icon":"✓","text":"১০০% অরিজিনাল"},{"icon":"🚚","text":"ক্যাশ অন ডেলিভারি"},{"icon":"↩️","text":"৭ দিনে রিটার্ন"},{"icon":"📞","text":"২৪/৭ সাপোর্ট"}],"variant":"grid"}',1,1768649182,1768649182,'{"badges":[{"icon":"✓","text":"১০০% অরিজিনাল"},{"icon":"🚚","text":"ক্যাশ অন ডেলিভারি"},{"icon":"↩️","text":"৭ দিনে রিটার্ন"},{"icon":"📞","text":"২৪/৭ সাপোর্ট"}],"variant":"grid"}',1768661934041,NULL);
INSERT INTO "builder_sections" VALUES('lcqf3UR5n7N6ppt3_XqaC','p5m3mQDbtltfFSQ8TLlOz','problem-solution',1,2,'{"beforeTitle":"সমস্যা","afterTitle":"সমাধান","problems":["বাজারে অরিজিনাল প্রোডাক্ট পাওয়া কঠিন","দাম বেশি কিন্তু কোয়ালিটি খারাপ","ডেলিভারি পেতে অনেক দেরি হয়"],"solutions":["১০০% অরিজিনাল ও ওয়ারেন্টি সহ প্রোডাক্ট","ফ্যাক্টরি ডাইরেক্ট দামে সেরা কোয়ালিটি","২-৩ দিনে দ্রুত ডেলিভারি"],"problemTitle":"আপনি কি এই সমস্যায় ভুগছেন?","solutionTitle":"আমাদের সমাধান"}',1,1768649182,1768649182,'{"beforeTitle":"সমস্যা","afterTitle":"সমাধান","problems":["বাজারে অরিজিনাল প্রোডাক্ট পাওয়া কঠিন","দাম বেশি কিন্তু কোয়ালিটি খারাপ","ডেলিভারি পেতে অনেক দেরি হয়"],"solutions":["১০০% অরিজিনাল ও ওয়ারেন্টি সহ প্রোডাক্ট","ফ্যাক্টরি ডাইরেক্ট দামে সেরা কোয়ালিটি","২-৩ দিনে দ্রুত ডেলিভারি"],"problemTitle":"আপনি কি এই সমস্যায় ভুগছেন?","solutionTitle":"আমাদের সমাধান"}',1768661934041,NULL);
INSERT INTO "builder_sections" VALUES('g_ni6lRxUaV7BEHntxJx-','p5m3mQDbtltfFSQ8TLlOz','benefits',1,3,'{"title":"কেন আমাদের থেকে কিনবেন?","benefits":[{"icon":"🏆","title":"প্রিমিয়াম কোয়ালিটি","description":"বিশ্বমানের প্রোডাক্ট যা দীর্ঘদিন টেকসই"},{"icon":"🛡️","title":"১০০% গ্যারান্টি","description":"সমস্যা থাকলে সম্পূর্ণ টাকা ফেরত"},{"icon":"💰","title":"সাশ্রয়ী মূল্য","description":"মিডলম্যান ছাড়া সরাসরি আপনার কাছে"},{"icon":"🚚","title":"নিরাপদ প্যাকেজিং","description":"প্রিমিয়াম প্যাকেজিং এ ডেলিভারি"},{"icon":"↩️","title":"ইজি রিটার্ন","description":"৭ দিনের মধ্যে প্রশ্নহীন রিটার্ন"},{"icon":"👥","title":"১০,০০০+ খুশি গ্রাহক","description":"হাজারো গ্রাহক আমাদের উপর ভরসা রাখেন"}],"subtitle":"আমরা নিশ্চিত করি আপনার সেরা অভিজ্ঞতা"}',1,1768649182,1768649182,'{"title":"কেন আমাদের থেকে কিনবেন?","benefits":[{"icon":"🏆","title":"প্রিমিয়াম কোয়ালিটি","description":"বিশ্বমানের প্রোডাক্ট যা দীর্ঘদিন টেকসই"},{"icon":"🛡️","title":"১০০% গ্যারান্টি","description":"সমস্যা থাকলে সম্পূর্ণ টাকা ফেরত"},{"icon":"💰","title":"সাশ্রয়ী মূল্য","description":"মিডলম্যান ছাড়া সরাসরি আপনার কাছে"},{"icon":"🚚","title":"নিরাপদ প্যাকেজিং","description":"প্রিমিয়াম প্যাকেজিং এ ডেলিভারি"},{"icon":"↩️","title":"ইজি রিটার্ন","description":"৭ দিনের মধ্যে প্রশ্নহীন রিটার্ন"},{"icon":"👥","title":"১০,০০০+ খুশি গ্রাহক","description":"হাজারো গ্রাহক আমাদের উপর ভরসা রাখেন"}],"subtitle":"আমরা নিশ্চিত করি আপনার সেরা অভিজ্ঞতা"}',1768661934041,NULL);
INSERT INTO "builder_sections" VALUES('ANqZ-7_WdTZIZrkxEFhsL','p5m3mQDbtltfFSQ8TLlOz','testimonials',1,4,'{"title":"সন্তুষ্ট গ্রাহকদের মতামত","testimonials":[{"name":"রাহাত হোসেন","location":"ঢাকা","text":"অসাধারণ প্রোডাক্ট! দ্রুত ডেলিভারি পেয়েছি। কোয়ালিটি দেখে মুগ্ধ।","rating":5},{"name":"সাবরিনা আক্তার","location":"চট্টগ্রাম","text":"এত কম দামে এত ভালো প্রোডাক্ট আশা করিনি। আবার অর্ডার করব।","rating":5},{"name":"কামরুল ইসলাম","location":"সিলেট","text":"ক্যাশ অন ডেলিভারি সুবিধা চমৎকার! প্রোডাক্ট দেখে পেমেন্ট করলাম।","rating":5}]}',1,1768649182,1768649182,'{"title":"সন্তুষ্ট গ্রাহকদের মতামত","testimonials":[{"name":"রাহাত হোসেন","location":"ঢাকা","text":"অসাধারণ প্রোডাক্ট! দ্রুত ডেলিভারি পেয়েছি। কোয়ালিটি দেখে মুগ্ধ।","rating":5},{"name":"সাবরিনা আক্তার","location":"চট্টগ্রাম","text":"এত কম দামে এত ভালো প্রোডাক্ট আশা করিনি। আবার অর্ডার করব।","rating":5},{"name":"কামরুল ইসলাম","location":"সিলেট","text":"ক্যাশ অন ডেলিভারি সুবিধা চমৎকার! প্রোডাক্ট দেখে পেমেন্ট করলাম।","rating":5}]}',1768661934041,NULL);
INSERT INTO "builder_sections" VALUES('YJNa8qTnTpODhRoYDjlgN','p5m3mQDbtltfFSQ8TLlOz','how-to-order',1,5,'{"title":"অর্ডার করা একদম সহজ!","steps":[{"step":"১","title":"ফর্ম পূরণ করুন","description":"নিচের ফর্মে আপনার নাম ও ঠিকানা দিন"},{"step":"২","title":"কনফার্ম করুন","description":"আমাদের টিম কল করে অর্ডার কনফার্ম করবে"},{"step":"৩","title":"ডেলিভারি নিন","description":"হাতে পেয়ে টাকা দিন, হ্যাপি শপিং!"}]}',1,1768649182,1768649182,'{"title":"অর্ডার করা একদম সহজ!","steps":[{"step":"১","title":"ফর্ম পূরণ করুন","description":"নিচের ফর্মে আপনার নাম ও ঠিকানা দিন"},{"step":"২","title":"কনফার্ম করুন","description":"আমাদের টিম কল করে অর্ডার কনফার্ম করবে"},{"step":"৩","title":"ডেলিভারি নিন","description":"হাতে পেয়ে টাকা দিন, হ্যাপি শপিং!"}]}',1768661934041,NULL);
INSERT INTO "builder_sections" VALUES('-Gwb9--v0tW6U_D2yMGEY','p5m3mQDbtltfFSQ8TLlOz','faq',1,6,'{"title":"সাধারণ জিজ্ঞাসা","items":[{"question":"ডেলিভারি কত দিনে পাব?","answer":"ঢাকায় ১-২ দিন, ঢাকার বাইরে ৩-৫ কার্যদিবস।"},{"question":"প্রোডাক্ট অরিজিনাল তো?","answer":"হ্যাঁ, ১০০% অরিজিনাল। নকল প্রোডাক্ট পেলে টাকা ফেরত।"},{"question":"রিটার্ন করতে পারব?","answer":"৭ দিনের মধ্যে কোনো প্রশ্ন ছাড়াই রিটার্ন করতে পারবেন।"},{"question":"পেমেন্ট কিভাবে করব?","answer":"ক্যাশ অন ডেলিভারি - হাতে পেয়ে টাকা দিন।"}]}',1,1768649182,1768649182,'{"title":"সাধারণ জিজ্ঞাসা","items":[{"question":"ডেলিভারি কত দিনে পাব?","answer":"ঢাকায় ১-২ দিন, ঢাকার বাইরে ৩-৫ কার্যদিবস।"},{"question":"প্রোডাক্ট অরিজিনাল তো?","answer":"হ্যাঁ, ১০০% অরিজিনাল। নকল প্রোডাক্ট পেলে টাকা ফেরত।"},{"question":"রিটার্ন করতে পারব?","answer":"৭ দিনের মধ্যে কোনো প্রশ্ন ছাড়াই রিটার্ন করতে পারবেন।"},{"question":"পেমেন্ট কিভাবে করব?","answer":"ক্যাশ অন ডেলিভারি - হাতে পেয়ে টাকা দিন।"}]}',1768661934041,NULL);
INSERT INTO "builder_sections" VALUES('KF28MTy7OtQhx90gli2t-','p5m3mQDbtltfFSQ8TLlOz','guarantee',1,7,'{"title":"আমাদের গ্যারান্টি","text":"১০০% সন্তুষ্টির গ্যারান্টি। পণ্য পছন্দ না হলে ৭ দিনের মধ্যে ফেরত দিন, টাকা ফেরত পান।","badgeLabel":"৭ দিন রিটার্ন গ্যারান্টি"}',1,1768649182,1768649182,'{"title":"আমাদের গ্যারান্টি","text":"১০০% সন্তুষ্টির গ্যারান্টি। পণ্য পছন্দ না হলে ৭ দিনের মধ্যে ফেরত দিন, টাকা ফেরত পান।","badgeLabel":"৭ দিন রিটার্ন গ্যারান্টি"}',1768661934041,NULL);
INSERT INTO "builder_sections" VALUES('uC2iDWQW1efjuwCl3Tksu','p5m3mQDbtltfFSQ8TLlOz','cta',1,8,'{"headline":"🔥 এখনই অর্ডার করুন!","subheadline":"সীমিত স্টক! দেরি না করে এখনই অর্ডার প্লেস করুন","buttonText":"অর্ডার কনফার্ম করুন","template":"minimal","productId":21,"productPrice":250,"discountedPrice":250,"insideDhakaCharge":60,"outsideDhakaCharge":120,"enableFreeShipping":false,"freeShippingThreshold":2000,"freeShippingMessage":"৳{remaining} আরো কিনলে ফ্রি ডেলিভারি!","enableCodSurcharge":false,"codSurchargeAmount":50,"variants":[{"id":"1","name":"১ kg","price":250},{"id":"2","name":"২ kg","price":490},{"id":"3","name":"৩ kg","price":700}],"variantLabel":"প্যাকেজ নির্বাচন করুন","phonePlaceholder":"আপনার মোবাইল নম্বর","addressPlaceholder":"বাসা নম্বর, রোড, এলাকা","quantityLabel":"পরিমাণ","insideDhakaLabel":"ঢাকার ভিতরে","outsideDhakaLabel":"ঢাকার বাইরে","subtotalLabel":"সাবটোটাল","deliveryLabel":"ডেলিভারি চার্জ","totalLabel":"সর্বমোট","showDistrictField":true,"showUpazilaField":true,"districtLabel":"জেলা","upazilaLabel":"উপজেলা/থানা","addressLabel":"বিস্তারিত ঠিকানা","districtPlaceholder":"জেলা নির্বাচন করুন","upazilaPlaceholder":"উপজেলা নির্বাচন করুন","shippingZoneMode":"auto","showEmailField":false,"showAltPhoneField":false,"showNoteField":true,"nameLabel":"আপনার নাম","namePlaceholder":"আপনার নাম লিখুন","emailLabel":"ইমেইল","emailPlaceholder":"আপনার ইমেইল (ঐচ্ছিক)","altPhoneLabel":"বিকল্প ফোন","altPhonePlaceholder":"বিকল্প মোবাইল নম্বর","noteLabel":"অর্ডার নোট","notePlaceholder":"অতিরিক্ত তথ্য/নির্দেশনা (ঐচ্ছিক)","thankYouHeadline":"অর্ডার সফল হয়েছে! 🎉","thankYouMessage":"ধন্যবাদ! আমরা শীঘ্রই আপনার সাথে যোগাযোগ করবো।","showOrderDetails":true,"showWhatsAppButton":false,"showTrustBadges":true,"codLabel":"ক্যাশ অন ডেলিভারি","secureLabel":"১০০% সিকিউর অর্ডার"}',4,1768649182,1768661932,'{"headline":"🔥 এখনই অর্ডার করুন!","subheadline":"সীমিত স্টক! দেরি না করে এখনই অর্ডার প্লেস করুন","buttonText":"অর্ডার কনফার্ম করুন","template":"minimal","productId":21,"productPrice":250,"discountedPrice":250,"insideDhakaCharge":60,"outsideDhakaCharge":120,"enableFreeShipping":false,"freeShippingThreshold":2000,"freeShippingMessage":"৳{remaining} আরো কিনলে ফ্রি ডেলিভারি!","enableCodSurcharge":false,"codSurchargeAmount":50,"variants":[{"id":"1","name":"১ kg","price":250},{"id":"2","name":"২ kg","price":490},{"id":"3","name":"৩ kg","price":700}],"variantLabel":"প্যাকেজ নির্বাচন করুন","phonePlaceholder":"আপনার মোবাইল নম্বর","addressPlaceholder":"বাসা নম্বর, রোড, এলাকা","quantityLabel":"পরিমাণ","insideDhakaLabel":"ঢাকার ভিতরে","outsideDhakaLabel":"ঢাকার বাইরে","subtotalLabel":"সাবটোটাল","deliveryLabel":"ডেলিভারি চার্জ","totalLabel":"সর্বমোট","showDistrictField":true,"showUpazilaField":true,"districtLabel":"জেলা","upazilaLabel":"উপজেলা/থানা","addressLabel":"বিস্তারিত ঠিকানা","districtPlaceholder":"জেলা নির্বাচন করুন","upazilaPlaceholder":"উপজেলা নির্বাচন করুন","shippingZoneMode":"auto","showEmailField":false,"showAltPhoneField":false,"showNoteField":true,"nameLabel":"আপনার নাম","namePlaceholder":"আপনার নাম লিখুন","emailLabel":"ইমেইল","emailPlaceholder":"আপনার ইমেইল (ঐচ্ছিক)","altPhoneLabel":"বিকল্প ফোন","altPhonePlaceholder":"বিকল্প মোবাইল নম্বর","noteLabel":"অর্ডার নোট","notePlaceholder":"অতিরিক্ত তথ্য/নির্দেশনা (ঐচ্ছিক)","thankYouHeadline":"অর্ডার সফল হয়েছে! 🎉","thankYouMessage":"ধন্যবাদ! আমরা শীঘ্রই আপনার সাথে যোগাযোগ করবো।","showOrderDetails":true,"showWhatsAppButton":false,"showTrustBadges":true,"codLabel":"ক্যাশ অন ডেলিভারি","secureLabel":"১০০% সিকিউর অর্ডার"}',1768661934041,NULL);
INSERT INTO "builder_sections" VALUES('cffO6nniey_-BOOptAwxz','rBVheh8hbd5-GXHbWcUsG','hero',1,0,'{"headline":"আপনার কাঙ্ক্ষিত প্রিমিয়াম প্রোডাক্ট এখন বাংলাদেশে!","subheadline":"অরিজিনাল কোয়ালিটি এবং সেরা দামের নিশ্চয়তা। স্টক শেষ হওয়ার আগেই আজই আপনার অর্ডারটি কনফার্ম করুন।","ctaText":"অর্ডার করতে ক্লিক করুন","variant":"centered","features":[],"badgeText":"🔥 ট্রেন্ডিং প্রোডাক্ট"}',1,1768651994,1768651994,'{"headline":"আপনার কাঙ্ক্ষিত প্রিমিয়াম প্রোডাক্ট এখন বাংলাদেশে!","subheadline":"অরিজিনাল কোয়ালিটি এবং সেরা দামের নিশ্চয়তা। স্টক শেষ হওয়ার আগেই আজই আপনার অর্ডারটি কনফার্ম করুন।","ctaText":"অর্ডার করতে ক্লিক করুন","variant":"centered","features":[],"badgeText":"🔥 ট্রেন্ডিং প্রোডাক্ট"}',1768652021724,NULL);
INSERT INTO "builder_sections" VALUES('NafE9S79i00ik7oB7pGPp','rBVheh8hbd5-GXHbWcUsG','trust-badges',1,1,'{"badges":[{"icon":"🚚","text":"সারাদেশে ক্যাশ অন ডেলিভারি"},{"icon":"✅","text":"১০০% অরিজিনাল প্রোডাক্ট"},{"icon":"↩️","text":"৩ দিনের ইজি রিটার্ন"},{"icon":"📞","text":"লাইভ কাস্টমার সাপোর্ট"}],"variant":"grid"}',1,1768651994,1768651994,'{"badges":[{"icon":"🚚","text":"সারাদেশে ক্যাশ অন ডেলিভারি"},{"icon":"✅","text":"১০০% অরিজিনাল প্রোডাক্ট"},{"icon":"↩️","text":"৩ দিনের ইজি রিটার্ন"},{"icon":"📞","text":"লাইভ কাস্টমার সাপোর্ট"}],"variant":"grid"}',1768652021724,NULL);
INSERT INTO "builder_sections" VALUES('6UfxHdH99ZvwM49Ruu9Uy','rBVheh8hbd5-GXHbWcUsG','video',1,2,'{"title":"আমাদের প্রোডাক্টটি কিভাবে ব্যবহার করবেন দেখুন","videoUrl":""}',1,1768651994,1768651994,'{"title":"আমাদের প্রোডাক্টটি কিভাবে ব্যবহার করবেন দেখুন","videoUrl":""}',1768652021724,NULL);
INSERT INTO "builder_sections" VALUES('9Fss4t4uVhNt2nnwmP9TL','rBVheh8hbd5-GXHbWcUsG','problem-solution',1,3,'{"beforeTitle":"সমস্যা","afterTitle":"সমাধান","problems":["বাজারে নকল প্রোডাক্টের ছড়াছড়ি","প্রয়োজনের সময় ভালো সাপোর্ট না পাওয়া","অতিরিক্ত ডেলিভারি চার্জের ভয়"],"solutions":["১০০% গ্যারান্টি সহ অরিজিনাল প্রোডাক্ট","অভিজ্ঞ কাস্টমার কেয়ার টিম","খুবই সাশ্রয়ী ডেলিভারি চার্জ"],"problemTitle":"আপনি কি এই ঝামেলার সম্মুখীন হচ্ছেন?","solutionTitle":"আমরা দিচ্ছি সেরা সমাধান"}',1,1768651994,1768651994,'{"beforeTitle":"সমস্যা","afterTitle":"সমাধান","problems":["বাজারে নকল প্রোডাক্টের ছড়াছড়ি","প্রয়োজনের সময় ভালো সাপোর্ট না পাওয়া","অতিরিক্ত ডেলিভারি চার্জের ভয়"],"solutions":["১০০% গ্যারান্টি সহ অরিজিনাল প্রোডাক্ট","অভিজ্ঞ কাস্টমার কেয়ার টিম","খুবই সাশ্রয়ী ডেলিভারি চার্জ"],"problemTitle":"আপনি কি এই ঝামেলার সম্মুখীন হচ্ছেন?","solutionTitle":"আমরা দিচ্ছি সেরা সমাধান"}',1768652021724,NULL);
INSERT INTO "builder_sections" VALUES('MEWSiqtmxIfOvoxxayYoN','rBVheh8hbd5-GXHbWcUsG','benefits',1,4,'{"title":"কেন এই প্রোডাক্টটি আপনার পছন্দ হবে?","benefits":[{"icon":"✨","title":"এক্সক্লুসিভ ডিজাইন","description":"আধুনিক ও আকর্ষণীয় লুক"},{"icon":"⚙️","title":"টেকসই মেটেরিয়াল","description":"দীর্ঘদিন ব্যবহারের নিশ্চয়তা"},{"icon":"🚀","title":"উন্নত প্রযুক্তি","description":"সেরা পারফরম্যান্স পাবেন"},{"icon":"💖","title":"সহজ ব্যবহারযোগ্য","description":"যে কেউ খুব সহজে ব্যবহার করতে পারবে"}]}',1,1768651994,1768651994,'{"title":"কেন এই প্রোডাক্টটি আপনার পছন্দ হবে?","benefits":[{"icon":"✨","title":"এক্সক্লুসিভ ডিজাইন","description":"আধুনিক ও আকর্ষণীয় লুক"},{"icon":"⚙️","title":"টেকসই মেটেরিয়াল","description":"দীর্ঘদিন ব্যবহারের নিশ্চয়তা"},{"icon":"🚀","title":"উন্নত প্রযুক্তি","description":"সেরা পারফরম্যান্স পাবেন"},{"icon":"💖","title":"সহজ ব্যবহারযোগ্য","description":"যে কেউ খুব সহজে ব্যবহার করতে পারবে"}]}',1768652021724,NULL);
INSERT INTO "builder_sections" VALUES('_rIHwfN0ZCpSgG0OtJfi4','rBVheh8hbd5-GXHbWcUsG','testimonials',1,5,'{"title":"আমাদের হ্যাপি কাস্টমারদের রিভিউ","testimonials":[{"name":"আরিফ আহমেদ","location":"ঢাকা","text":"প্রোডাক্ট হাতে পাওয়ার পর খুবি ভালো লাগলো। কোয়ালিটি আসলেই দারুণ!","rating":5},{"name":"ফারজানা আক্তার","location":"খুলনা","text":"খুবই দ্রুত ডেলিভারি পেয়েছি। ধন্যবাদ আপনাদের!","rating":5}]}',1,1768651994,1768651994,'{"title":"আমাদের হ্যাপি কাস্টমারদের রিভিউ","testimonials":[{"name":"আরিফ আহমেদ","location":"ঢাকা","text":"প্রোডাক্ট হাতে পাওয়ার পর খুবি ভালো লাগলো। কোয়ালিটি আসলেই দারুণ!","rating":5},{"name":"ফারজানা আক্তার","location":"খুলনা","text":"খুবই দ্রুত ডেলিভারি পেয়েছি। ধন্যবাদ আপনাদের!","rating":5}]}',1768652021724,NULL);
INSERT INTO "builder_sections" VALUES('nAoUYxiSsyJtdslBJMCIu','rBVheh8hbd5-GXHbWcUsG','delivery',1,6,'{"title":"ডেলিভারি সংক্রান্ত তথ্য","areas":["ঢাকা","চট্টগ্রাম","সিলেট","রাজশাহী"],"description":"আমরা সারা বাংলাদেশে কুরিয়ারের মাধ্যমে ডেলিভারি দিয়ে থাকি।","insideDhakaPrice":60,"outsideDhakaPrice":120}',1,1768651994,1768651994,'{"title":"ডেলিভারি সংক্রান্ত তথ্য","areas":["ঢাকা","চট্টগ্রাম","সিলেট","রাজশাহী"],"description":"আমরা সারা বাংলাদেশে কুরিয়ারের মাধ্যমে ডেলিভারি দিয়ে থাকি।","insideDhakaPrice":60,"outsideDhakaPrice":120}',1768652021724,NULL);
INSERT INTO "builder_sections" VALUES('istLx8EOvWvc2Hq_B5M-2','rBVheh8hbd5-GXHbWcUsG','cta',1,7,'{"headline":"অফার শেষ হতে আর অল্প সময় বাকি!","subheadline":"নিচের ফর্মটি পূরণ করে এখনই অর্ডার করুন","buttonText":"অর্ডার কনফার্ম করুন","template":"minimal","productId":21,"productPrice":250,"discountedPrice":250,"insideDhakaCharge":60,"outsideDhakaCharge":120,"enableFreeShipping":false,"freeShippingThreshold":2000,"freeShippingMessage":"৳{remaining} আরো কিনলে ফ্রি ডেলিভারি!","enableCodSurcharge":false,"codSurchargeAmount":50,"variants":[{"id":"1","name":"১ kg","price":250},{"id":"2","name":"২ kg","price":490},{"id":"3","name":"৩ kg","price":700}],"variantLabel":"প্যাকেজ নির্বাচন করুন","phonePlaceholder":"আপনার মোবাইল নম্বর","addressPlaceholder":"বাসা নম্বর, রোড, এলাকা","quantityLabel":"পরিমাণ","insideDhakaLabel":"ঢাকার ভিতরে","outsideDhakaLabel":"ঢাকার বাইরে","subtotalLabel":"সাবটোটাল","deliveryLabel":"ডেলিভারি চার্জ","totalLabel":"সর্বমোট","showDistrictField":true,"showUpazilaField":true,"districtLabel":"জেলা","upazilaLabel":"উপজেলা/থানা","addressLabel":"বিস্তারিত ঠিকানা","districtPlaceholder":"জেলা নির্বাচন করুন","upazilaPlaceholder":"উপজেলা নির্বাচন করুন","shippingZoneMode":"auto","showEmailField":false,"showAltPhoneField":false,"showNoteField":true,"nameLabel":"আপনার নাম","namePlaceholder":"আপনার নাম লিখুন","emailLabel":"ইমেইল","emailPlaceholder":"আপনার ইমেইল (ঐচ্ছিক)","altPhoneLabel":"বিকল্প ফোন","altPhonePlaceholder":"বিকল্প মোবাইল নম্বর","noteLabel":"অর্ডার নোট","notePlaceholder":"অতিরিক্ত তথ্য/নির্দেশনা (ঐচ্ছিক)","thankYouHeadline":"অর্ডার সফল হয়েছে! 🎉","thankYouMessage":"ধন্যবাদ! আমরা শীঘ্রই আপনার সাথে যোগাযোগ করবো।","showOrderDetails":true,"showWhatsAppButton":false,"showTrustBadges":true,"codLabel":"ক্যাশ অন ডেলিভারি","secureLabel":"১০০% সিকিউর অর্ডার"}',2,1768651994,1768652015,'{"headline":"অফার শেষ হতে আর অল্প সময় বাকি!","subheadline":"নিচের ফর্মটি পূরণ করে এখনই অর্ডার করুন","buttonText":"অর্ডার কনফার্ম করুন","template":"minimal","productId":21,"productPrice":250,"discountedPrice":250,"insideDhakaCharge":60,"outsideDhakaCharge":120,"enableFreeShipping":false,"freeShippingThreshold":2000,"freeShippingMessage":"৳{remaining} আরো কিনলে ফ্রি ডেলিভারি!","enableCodSurcharge":false,"codSurchargeAmount":50,"variants":[{"id":"1","name":"১ kg","price":250},{"id":"2","name":"২ kg","price":490},{"id":"3","name":"৩ kg","price":700}],"variantLabel":"প্যাকেজ নির্বাচন করুন","phonePlaceholder":"আপনার মোবাইল নম্বর","addressPlaceholder":"বাসা নম্বর, রোড, এলাকা","quantityLabel":"পরিমাণ","insideDhakaLabel":"ঢাকার ভিতরে","outsideDhakaLabel":"ঢাকার বাইরে","subtotalLabel":"সাবটোটাল","deliveryLabel":"ডেলিভারি চার্জ","totalLabel":"সর্বমোট","showDistrictField":true,"showUpazilaField":true,"districtLabel":"জেলা","upazilaLabel":"উপজেলা/থানা","addressLabel":"বিস্তারিত ঠিকানা","districtPlaceholder":"জেলা নির্বাচন করুন","upazilaPlaceholder":"উপজেলা নির্বাচন করুন","shippingZoneMode":"auto","showEmailField":false,"showAltPhoneField":false,"showNoteField":true,"nameLabel":"আপনার নাম","namePlaceholder":"আপনার নাম লিখুন","emailLabel":"ইমেইল","emailPlaceholder":"আপনার ইমেইল (ঐচ্ছিক)","altPhoneLabel":"বিকল্প ফোন","altPhonePlaceholder":"বিকল্প মোবাইল নম্বর","noteLabel":"অর্ডার নোট","notePlaceholder":"অতিরিক্ত তথ্য/নির্দেশনা (ঐচ্ছিক)","thankYouHeadline":"অর্ডার সফল হয়েছে! 🎉","thankYouMessage":"ধন্যবাদ! আমরা শীঘ্রই আপনার সাথে যোগাযোগ করবো।","showOrderDetails":true,"showWhatsAppButton":false,"showTrustBadges":true,"codLabel":"ক্যাশ অন ডেলিভারি","secureLabel":"১০০% সিকিউর অর্ডার"}',1768652021724,NULL);
INSERT INTO "builder_sections" VALUES('kPJLo-7GAzCCVGVdBB51W','4HCyzfVXNPs2GqfqjVy2w','hero',1,0,'{"headline":"⚡ ফ্ল্যাশ সেল - শুধুমাত্র আজ ৫০% ছাড়!","subheadline":"⏰ অফার শেষ হতে আর মাত্র কয়েক ঘণ্টা বাকি! এই সুযোগ মিস করবেন না।","ctaText":"🔥 এখনই কিনুন","variant":"centered","features":[],"badgeText":"⚡ ফ্ল্যাশ সেল চলছে"}',1,1768652164,1768652164,'{"headline":"⚡ ফ্ল্যাশ সেল - শুধুমাত্র আজ ৫০% ছাড়!","subheadline":"⏰ অফার শেষ হতে আর মাত্র কয়েক ঘণ্টা বাকি! এই সুযোগ মিস করবেন না।","ctaText":"🔥 এখনই কিনুন","variant":"centered","features":[],"badgeText":"⚡ ফ্ল্যাশ সেল চলছে"}',1768733455347,NULL);
INSERT INTO "builder_sections" VALUES('YKNdk1cM9lv93WGYIFxHZ','4HCyzfVXNPs2GqfqjVy2w','trust-badges',1,1,'{"badges":[{"icon":"⏰","text":"সীমিত সময়"},{"icon":"📦","text":"মাত্র ৫০টি বাকি"},{"icon":"🚚","text":"ফ্রি ডেলিভারি"},{"icon":"💯","text":"১০০% অরিজিনাল"}],"variant":"grid"}',1,1768652164,1768652164,'{"badges":[{"icon":"⏰","text":"সীমিত সময়"},{"icon":"📦","text":"মাত্র ৫০টি বাকি"},{"icon":"🚚","text":"ফ্রি ডেলিভারি"},{"icon":"💯","text":"১০০% অরিজিনাল"}],"variant":"grid"}',1768733455347,NULL);
INSERT INTO "builder_sections" VALUES('BkP_FpNMWDnl4EyHmzpqI','4HCyzfVXNPs2GqfqjVy2w','features',1,2,'{"title":"কেন এই অফার মিস করা যাবে না?","features":[{"icon":"✅","title":"রেগুলার দাম ৩,৯৯৯ টাকা","description":"আজ মাত্র ১,৯৯৯ টাকা!"},{"icon":"🎁","title":"ফ্রি গিফট সহ","description":"প্রতিটি অর্ডারে বিশেষ উপহার"},{"icon":"🚚","title":"ফ্রি ডেলিভারি","description":"সারাদেশে বিনামূল্যে ডেলিভারি"}],"variant":"grid"}',1,1768652164,1768652164,'{"title":"কেন এই অফার মিস করা যাবে না?","features":[{"icon":"✅","title":"রেগুলার দাম ৩,৯৯৯ টাকা","description":"আজ মাত্র ১,৯৯৯ টাকা!"},{"icon":"🎁","title":"ফ্রি গিফট সহ","description":"প্রতিটি অর্ডারে বিশেষ উপহার"},{"icon":"🚚","title":"ফ্রি ডেলিভারি","description":"সারাদেশে বিনামূল্যে ডেলিভারি"}],"variant":"grid"}',1768733455347,NULL);
INSERT INTO "builder_sections" VALUES('hcHw7lVBmL9-kEzC65Z5B','4HCyzfVXNPs2GqfqjVy2w','testimonials',1,3,'{"title":"🌟 সন্তুষ্ট কাস্টমার","testimonials":[{"name":"রাহাত হোসেন","text":"গতবার ফ্ল্যাশ সেলে কিনেছিলাম, অসাধারণ মানের!","rating":5},{"name":"সাবরিনা আক্তার","text":"এত কম দামে এই কোয়ালিটি অবিশ্বাস্য!","rating":5},{"name":"কামরুল ইসলাম","text":"দ্রুত ডেলিভারি পেয়েছি, ধন্যবাদ!","rating":5}]}',1,1768652164,1768652164,'{"title":"🌟 সন্তুষ্ট কাস্টমার","testimonials":[{"name":"রাহাত হোসেন","text":"গতবার ফ্ল্যাশ সেলে কিনেছিলাম, অসাধারণ মানের!","rating":5},{"name":"সাবরিনা আক্তার","text":"এত কম দামে এই কোয়ালিটি অবিশ্বাস্য!","rating":5},{"name":"কামরুল ইসলাম","text":"দ্রুত ডেলিভারি পেয়েছি, ধন্যবাদ!","rating":5}]}',1768733455347,NULL);
INSERT INTO "builder_sections" VALUES('owFZGyZTu9RG9xJjlXW5T','4HCyzfVXNPs2GqfqjVy2w','faq',1,4,'{"title":"সাধারণ জিজ্ঞাসা","items":[{"question":"এই অফার কতক্ষণ চলবে?","answer":"শুধুমাত্র আজ রাত ১২টা পর্যন্ত!"},{"question":"স্টক থাকবে তো?","answer":"সীমিত স্টক! শেষ হলে আর পাওয়া যাবে না।"},{"question":"ক্যাশ অন ডেলিভারি আছে?","answer":"হ্যাঁ, হাতে পেয়ে টাকা দিন।"}]}',1,1768652164,1768652164,'{"title":"সাধারণ জিজ্ঞাসা","items":[{"question":"এই অফার কতক্ষণ চলবে?","answer":"শুধুমাত্র আজ রাত ১২টা পর্যন্ত!"},{"question":"স্টক থাকবে তো?","answer":"সীমিত স্টক! শেষ হলে আর পাওয়া যাবে না।"},{"question":"ক্যাশ অন ডেলিভারি আছে?","answer":"হ্যাঁ, হাতে পেয়ে টাকা দিন।"}]}',1768733455347,NULL);
INSERT INTO "builder_sections" VALUES('S0BWV6W6vtSQrIgBk7eYn','4HCyzfVXNPs2GqfqjVy2w','guarantee',1,5,'{"title":"১০০% সন্তুষ্টি গ্যারান্টি","text":"পছন্দ না হলে ৭ দিনের মধ্যে ফেরত দিন।","badgeLabel":"রিস্ক ফ্রি পারচেজ"}',1,1768652164,1768652164,'{"title":"১০০% সন্তুষ্টি গ্যারান্টি","text":"পছন্দ না হলে ৭ দিনের মধ্যে ফেরত দিন।","badgeLabel":"রিস্ক ফ্রি পারচেজ"}',1768733455347,NULL);
INSERT INTO "builder_sections" VALUES('VE7uLSrKdikN5JA2dv9pb','4HCyzfVXNPs2GqfqjVy2w','cta',1,6,'{"headline":"⏰ অফার শেষ হওয়ার আগেই অর্ডার করুন!","subheadline":"মাত্র ৫০টি স্টক বাকি আছে","buttonText":"🔥 এখনই অর্ডার করুন","template":"withImage","productId":21,"productPrice":250,"discountedPrice":250,"insideDhakaCharge":60,"outsideDhakaCharge":120,"enableFreeShipping":false,"freeShippingThreshold":2000,"freeShippingMessage":"৳{remaining} আরো কিনলে ফ্রি ডেলিভারি!","enableCodSurcharge":false,"codSurchargeAmount":50,"variants":[{"id":"1","name":"১ kg","price":250},{"id":"2","name":"২ kg","price":490},{"id":"3","name":"৩ kg","price":700}],"variantLabel":"প্যাকেজ নির্বাচন করুন","phonePlaceholder":"আপনার মোবাইল নম্বর","addressPlaceholder":"বাসা নম্বর, রোড, এলাকা","quantityLabel":"পরিমাণ","insideDhakaLabel":"ঢাকার ভিতরে","outsideDhakaLabel":"ঢাকার বাইরে","subtotalLabel":"সাবটোটাল","deliveryLabel":"ডেলিভারি চার্জ","totalLabel":"সর্বমোট","showDistrictField":true,"showUpazilaField":true,"districtLabel":"জেলা","upazilaLabel":"উপজেলা/থানা","addressLabel":"বিস্তারিত ঠিকানা","districtPlaceholder":"জেলা নির্বাচন করুন","upazilaPlaceholder":"উপজেলা নির্বাচন করুন","shippingZoneMode":"auto","showEmailField":false,"showAltPhoneField":false,"showNoteField":true,"nameLabel":"আপনার নাম","namePlaceholder":"আপনার নাম লিখুন","emailLabel":"ইমেইল","emailPlaceholder":"আপনার ইমেইল (ঐচ্ছিক)","altPhoneLabel":"বিকল্প ফোন","altPhonePlaceholder":"বিকল্প মোবাইল নম্বর","noteLabel":"অর্ডার নোট","notePlaceholder":"অতিরিক্ত তথ্য/নির্দেশনা (ঐচ্ছিক)","thankYouHeadline":"অর্ডার সফল হয়েছে! 🎉","thankYouMessage":"ধন্যবাদ! আমরা শীঘ্রই আপনার সাথে যোগাযোগ করবো।","showOrderDetails":true,"showWhatsAppButton":false,"showTrustBadges":true,"codLabel":"ক্যাশ অন ডেলিভারি","secureLabel":"১০০% সিকিউর অর্ডার"}',10,1768652164,1768733434,'{"headline":"⏰ অফার শেষ হওয়ার আগেই অর্ডার করুন!","subheadline":"মাত্র ৫০টি স্টক বাকি আছে","buttonText":"🔥 এখনই অর্ডার করুন","template":"withImage","productId":21,"productPrice":250,"discountedPrice":250,"insideDhakaCharge":60,"outsideDhakaCharge":120,"enableFreeShipping":false,"freeShippingThreshold":2000,"freeShippingMessage":"৳{remaining} আরো কিনলে ফ্রি ডেলিভারি!","enableCodSurcharge":false,"codSurchargeAmount":50,"variants":[{"id":"1","name":"১ kg","price":250},{"id":"2","name":"২ kg","price":490},{"id":"3","name":"৩ kg","price":700}],"variantLabel":"প্যাকেজ নির্বাচন করুন","phonePlaceholder":"আপনার মোবাইল নম্বর","addressPlaceholder":"বাসা নম্বর, রোড, এলাকা","quantityLabel":"পরিমাণ","insideDhakaLabel":"ঢাকার ভিতরে","outsideDhakaLabel":"ঢাকার বাইরে","subtotalLabel":"সাবটোটাল","deliveryLabel":"ডেলিভারি চার্জ","totalLabel":"সর্বমোট","showDistrictField":true,"showUpazilaField":true,"districtLabel":"জেলা","upazilaLabel":"উপজেলা/থানা","addressLabel":"বিস্তারিত ঠিকানা","districtPlaceholder":"জেলা নির্বাচন করুন","upazilaPlaceholder":"উপজেলা নির্বাচন করুন","shippingZoneMode":"auto","showEmailField":false,"showAltPhoneField":false,"showNoteField":true,"nameLabel":"আপনার নাম","namePlaceholder":"আপনার নাম লিখুন","emailLabel":"ইমেইল","emailPlaceholder":"আপনার ইমেইল (ঐচ্ছিক)","altPhoneLabel":"বিকল্প ফোন","altPhonePlaceholder":"বিকল্প মোবাইল নম্বর","noteLabel":"অর্ডার নোট","notePlaceholder":"অতিরিক্ত তথ্য/নির্দেশনা (ঐচ্ছিক)","thankYouHeadline":"অর্ডার সফল হয়েছে! 🎉","thankYouMessage":"ধন্যবাদ! আমরা শীঘ্রই আপনার সাথে যোগাযোগ করবো।","showOrderDetails":true,"showWhatsAppButton":false,"showTrustBadges":true,"codLabel":"ক্যাশ অন ডেলিভারি","secureLabel":"১০০% সিকিউর অর্ডার"}',1768733455347,NULL);
INSERT INTO "builder_sections" VALUES('Ao1q2KyBBSKStfxGLuXmM','r0kTg6EHqyEVP-Ft4MOEj','hero',1,0,'{"headline":"⚠️ সতর্কতা: মাত্র ১৫টি বাকি!","subheadline":"⏰ অফার শেষ হতে আর মাত্র ২ ঘণ্টা ৪৫ মিনিট বাকি! এই সুযোগ মিস করবেন না।","ctaText":"🔥 এখনই অর্ডার করুন","variant":"urgency","features":[],"badgeText":"⚡ ফ্ল্যাশ সেল চলছে"}',1,1768673531,1768673531,NULL,NULL,NULL);
INSERT INTO "builder_sections" VALUES('j3Tom-rV_tYyLNqFMN90G','r0kTg6EHqyEVP-Ft4MOEj','trust-badges',1,1,'{"badges":[{"icon":"👁️","text":"৪৭ জন এখন দেখছে"},{"icon":"📦","text":"মাত্র ১৫টি বাকি"},{"icon":"⏰","text":"সীমিত সময়"},{"icon":"🔥","text":"দ্রুত বিক্রি হচ্ছে"}],"variant":"marquee"}',2,1768673531,1768679876,NULL,NULL,NULL);
INSERT INTO "builder_sections" VALUES('KFcGvlhQwiU9Hl__4HQ25','r0kTg6EHqyEVP-Ft4MOEj','features',1,2,'{"title":"🔥 কেন এখনই অর্ডার করবেন?","features":[{"icon":"💰","title":"৫০% ছাড়","description":"শুধু আজকের জন্য"},{"icon":"🎁","title":"ফ্রি গিফট","description":"প্রথম ২০ অর্ডারে"},{"icon":"🚚","title":"ফ্রি ডেলিভারি","description":"আজই অর্ডার করলে"}],"variant":"urgency"}',1,1768673531,1768673531,NULL,NULL,NULL);
INSERT INTO "builder_sections" VALUES('FCnS2CDCaCH5ALVMolv5B','r0kTg6EHqyEVP-Ft4MOEj','benefits',1,3,'{"title":"🎁 বোনাস যা পাচ্ছেন","benefits":[{"icon":"🎁","title":"ফ্রি গিফট","description":"বিশেষ উপহার"},{"icon":"📦","title":"এক্সট্রা প্যাক","description":"অতিরিক্ত স্যাম্পল"},{"icon":"🏷️","title":"ডিসকাউন্ট কুপন","description":"পরবর্তী অর্ডারে"}],"variant":"urgency"}',1,1768673531,1768673531,NULL,NULL,NULL);
INSERT INTO "builder_sections" VALUES('JNRIENJJ8kPrxd7ZFUsjF','r0kTg6EHqyEVP-Ft4MOEj','testimonials',1,4,'{"title":"⭐ সাম্প্রতিক অর্ডার","testimonials":[{"name":"Rahim","location":"ঢাকা","text":"২ মিনিট আগে অর্ডার করেছেন","rating":5},{"name":"Fatema","location":"চট্টগ্রাম","text":"৫ মিনিট আগে অর্ডার করেছেন","rating":5},{"name":"Karim","location":"সিলেট","text":"১২ মিনিট আগে অর্ডার করেছেন","rating":5}],"variant":"chat-bubbles"}',1,1768673531,1768673531,NULL,NULL,NULL);
INSERT INTO "builder_sections" VALUES('XdKmI2U6kiH-H4tzW-rsr','r0kTg6EHqyEVP-Ft4MOEj','faq',1,5,'{"title":"❓ সাধারণ প্রশ্ন","items":[{"question":"এই অফার কতক্ষণ চলবে?","answer":"শুধুমাত্র আজ রাত ১২টা পর্যন্ত!"},{"question":"স্টক থাকবে তো?","answer":"সীমিত স্টক! শেষ হলে আর পাওয়া যাবে না।"}],"variant":"accordion"}',1,1768673531,1768673531,NULL,NULL,NULL);
INSERT INTO "builder_sections" VALUES('IE2slgL1z4hFQQKAAwu5i','r0kTg6EHqyEVP-Ft4MOEj','guarantee',1,6,'{"title":"🛡️ রিস্ক ফ্রি পারচেজ","text":"পছন্দ না হলে ৭ দিনের মধ্যে টাকা ফেরত।","variant":"urgency","badgeLabel":"১০০% মানি ব্যাক গ্যারান্টি"}',1,1768673531,1768673531,NULL,NULL,NULL);
INSERT INTO "builder_sections" VALUES('gFnOtKTUPsrJ0BnxuytFC','r0kTg6EHqyEVP-Ft4MOEj','cta',1,7,'{"headline":"⏰ অফার শেষ হওয়ার আগেই অর্ডার করুন!","subheadline":"মাত্র ১৫টি স্টক বাকি আছে","buttonText":"🔥 এখনই অর্ডার করুন","template":"minimal","productId":21,"productPrice":250,"discountedPrice":250,"insideDhakaCharge":60,"outsideDhakaCharge":120,"enableFreeShipping":false,"freeShippingThreshold":2000,"freeShippingMessage":"৳{remaining} আরো কিনলে ফ্রি ডেলিভারি!","enableCodSurcharge":false,"codSurchargeAmount":50,"variants":[{"id":"1","name":"১ kg","price":250},{"id":"2","name":"২ kg","price":490},{"id":"3","name":"৩ kg","price":700}],"variantLabel":"প্যাকেজ নির্বাচন করুন","phonePlaceholder":"আপনার মোবাইল নম্বর","addressPlaceholder":"বাসা নম্বর, রোড, এলাকা","quantityLabel":"পরিমাণ","insideDhakaLabel":"ঢাকার ভিতরে","outsideDhakaLabel":"ঢাকার বাইরে","subtotalLabel":"সাবটোটাল","deliveryLabel":"ডেলিভারি চার্জ","totalLabel":"সর্বমোট","showDistrictField":true,"showUpazilaField":true,"districtLabel":"জেলা","upazilaLabel":"উপজেলা/থানা","addressLabel":"বিস্তারিত ঠিকানা","districtPlaceholder":"জেলা নির্বাচন করুন","upazilaPlaceholder":"উপজেলা নির্বাচন করুন","shippingZoneMode":"auto","showEmailField":false,"showAltPhoneField":false,"showNoteField":true,"nameLabel":"আপনার নাম","namePlaceholder":"আপনার নাম লিখুন","emailLabel":"ইমেইল","emailPlaceholder":"আপনার ইমেইল (ঐচ্ছিক)","altPhoneLabel":"বিকল্প ফোন","altPhonePlaceholder":"বিকল্প মোবাইল নম্বর","noteLabel":"অর্ডার নোট","notePlaceholder":"অতিরিক্ত তথ্য/নির্দেশনা (ঐচ্ছিক)","thankYouHeadline":"অর্ডার সফল হয়েছে! 🎉","thankYouMessage":"ধন্যবাদ! আমরা শীঘ্রই আপনার সাথে যোগাযোগ করবো।","showOrderDetails":true,"showWhatsAppButton":false,"showTrustBadges":true,"codLabel":"ক্যাশ অন ডেলিভারি","secureLabel":"১০০% সিকিউর অর্ডার"}',2,1768673531,1768673572,NULL,NULL,NULL);
INSERT INTO "builder_sections" VALUES('PIBP-tuecG7FsP-3GtW92','qN7rN_IjpheUZhRzACo6l','hero',1,0,'{"headline":"আপনার কাঙ্ক্ষিত প্রিমিয়াম প্রোডাক্ট এখন বাংলাদেশে!","subheadline":"অরিজিনাল কোয়ালিটি এবং সেরা দামের নিশ্চয়তা। স্টক শেষ হওয়ার আগেই আজই আপনার অর্ডারটি কনফার্ম করুন।","ctaText":"অর্ডার করতে ক্লিক করুন","variant":"centered","features":[],"badgeText":"🔥 ট্রেন্ডিং প্রোডাক্ট"}',1,1768747423,1768747423,NULL,NULL,NULL);
INSERT INTO "builder_sections" VALUES('q5dqO5HjRni0oDdrdMVPC','qN7rN_IjpheUZhRzACo6l','trust-badges',1,1,'{"badges":[{"icon":"🚚","text":"সারাদেশে ক্যাশ অন ডেলিভারি"},{"icon":"✅","text":"১০০% অরিজিনাল প্রোডাক্ট"},{"icon":"↩️","text":"৩ দিনের ইজি রিটার্ন"},{"icon":"📞","text":"লাইভ কাস্টমার সাপোর্ট"}],"variant":"grid"}',1,1768747423,1768747423,NULL,NULL,NULL);
INSERT INTO "builder_sections" VALUES('YCZ5Zl0AUbb9FHBoLHWKA','qN7rN_IjpheUZhRzACo6l','video',1,2,'{"title":"আমাদের প্রোডাক্টটি কিভাবে ব্যবহার করবেন দেখুন","videoUrl":""}',1,1768747423,1768747423,NULL,NULL,NULL);
INSERT INTO "builder_sections" VALUES('MdWmVwHTxgzA4ZSnyHbOY','qN7rN_IjpheUZhRzACo6l','problem-solution',1,3,'{"beforeTitle":"সমস্যা","afterTitle":"সমাধান","problems":["বাজারে নকল প্রোডাক্টের ছড়াছড়ি","প্রয়োজনের সময় ভালো সাপোর্ট না পাওয়া","অতিরিক্ত ডেলিভারি চার্জের ভয়"],"solutions":["১০০% গ্যারান্টি সহ অরিজিনাল প্রোডাক্ট","অভিজ্ঞ কাস্টমার কেয়ার টিম","খুবই সাশ্রয়ী ডেলিভারি চার্জ"],"problemTitle":"আপনি কি এই ঝামেলার সম্মুখীন হচ্ছেন?","solutionTitle":"আমরা দিচ্ছি সেরা সমাধান"}',1,1768747424,1768747424,NULL,NULL,NULL);
INSERT INTO "builder_sections" VALUES('u7XqOlPOAhURz9JzdfeCP','qN7rN_IjpheUZhRzACo6l','benefits',1,4,'{"title":"কেন এই প্রোডাক্টটি আপনার পছন্দ হবে?","benefits":[{"icon":"✨","title":"এক্সক্লুসিভ ডিজাইন","description":"আধুনিক ও আকর্ষণীয় লুক"},{"icon":"⚙️","title":"টেকসই মেটেরিয়াল","description":"দীর্ঘদিন ব্যবহারের নিশ্চয়তা"},{"icon":"🚀","title":"উন্নত প্রযুক্তি","description":"সেরা পারফরম্যান্স পাবেন"},{"icon":"💖","title":"সহজ ব্যবহারযোগ্য","description":"যে কেউ খুব সহজে ব্যবহার করতে পারবে"}]}',1,1768747424,1768747424,NULL,NULL,NULL);
INSERT INTO "builder_sections" VALUES('XxE8pa4HTv7tK5-RbGKAH','qN7rN_IjpheUZhRzACo6l','testimonials',1,5,'{"title":"আমাদের হ্যাপি কাস্টমারদের রিভিউ","testimonials":[{"name":"আরিফ আহমেদ","location":"ঢাকা","text":"প্রোডাক্ট হাতে পাওয়ার পর খুবি ভালো লাগলো। কোয়ালিটি আসলেই দারুণ!","rating":5},{"name":"ফারজানা আক্তার","location":"খুলনা","text":"খুবই দ্রুত ডেলিভারি পেয়েছি। ধন্যবাদ আপনাদের!","rating":5}]}',1,1768747424,1768747424,NULL,NULL,NULL);
INSERT INTO "builder_sections" VALUES('Gqg2jUlJj65xCp-jYJ6vI','qN7rN_IjpheUZhRzACo6l','delivery',1,6,'{"title":"ডেলিভারি সংক্রান্ত তথ্য","areas":["ঢাকা","চট্টগ্রাম","সিলেট","রাজশাহী"],"description":"আমরা সারা বাংলাদেশে কুরিয়ারের মাধ্যমে ডেলিভারি দিয়ে থাকি।","insideDhakaPrice":60,"outsideDhakaPrice":120}',1,1768747424,1768747424,NULL,NULL,NULL);
INSERT INTO "builder_sections" VALUES('RCZIpYDypWHIn-0p1PS4A','qN7rN_IjpheUZhRzACo6l','cta',1,7,'{"headline":"অফার শেষ হতে আর অল্প সময় বাকি!","subheadline":"নিচের ফর্মটি পূরণ করে এখনই অর্ডার করুন","buttonText":"অর্ডার কনফার্ম করুন","template":"minimal","productPrice":1990,"discountedPrice":1490,"insideDhakaCharge":60,"outsideDhakaCharge":120,"enableFreeShipping":false,"freeShippingThreshold":2000,"freeShippingMessage":"৳{remaining} আরো কিনলে ফ্রি ডেলিভারি!","enableCodSurcharge":false,"codSurchargeAmount":50,"variants":[{"id":"1","name":"১ পিস","price":1490},{"id":"2","name":"২ পিস (সেভ ৳২০০)","price":2780},{"id":"3","name":"৩ পিস (সেভ ৳৫০০)","price":3970}],"variantLabel":"প্যাকেজ নির্বাচন করুন","phonePlaceholder":"আপনার মোবাইল নম্বর","addressPlaceholder":"বাসা নম্বর, রোড, এলাকা","quantityLabel":"পরিমাণ","insideDhakaLabel":"ঢাকার ভিতরে","outsideDhakaLabel":"ঢাকার বাইরে","subtotalLabel":"সাবটোটাল","deliveryLabel":"ডেলিভারি চার্জ","totalLabel":"সর্বমোট","showDistrictField":true,"showUpazilaField":true,"districtLabel":"জেলা","upazilaLabel":"উপজেলা/থানা","addressLabel":"বিস্তারিত ঠিকানা","districtPlaceholder":"জেলা নির্বাচন করুন","upazilaPlaceholder":"উপজেলা নির্বাচন করুন","shippingZoneMode":"auto","showEmailField":false,"showAltPhoneField":false,"showNoteField":true,"nameLabel":"আপনার নাম","namePlaceholder":"আপনার নাম লিখুন","emailLabel":"ইমেইল","emailPlaceholder":"আপনার ইমেইল (ঐচ্ছিক)","altPhoneLabel":"বিকল্প ফোন","altPhonePlaceholder":"বিকল্প মোবাইল নম্বর","noteLabel":"অর্ডার নোট","notePlaceholder":"অতিরিক্ত তথ্য/নির্দেশনা (ঐচ্ছিক)","thankYouHeadline":"অর্ডার সফল হয়েছে! 🎉","thankYouMessage":"ধন্যবাদ! আমরা শীঘ্রই আপনার সাথে যোগাযোগ করবো।","showOrderDetails":true,"showWhatsAppButton":false,"showTrustBadges":true,"codLabel":"ক্যাশ অন ডেলিভারি","secureLabel":"১০০% সিকিউর অর্ডার"}',1,1768747424,1768747424,NULL,NULL,NULL);
CREATE TABLE advanced_builder_pages (id text PRIMARY KEY NOT NULL, store_id integer NOT NULL, slug text NOT NULL, title text, product_id integer, status text DEFAULT 'draft', published_at integer, last_published_at integer, template_id text, seo_title text, seo_description text, og_image text, view_count integer DEFAULT 0, order_count integer DEFAULT 0, created_at integer, updated_at integer, FOREIGN KEY (store_id) REFERENCES stores(id) ON DELETE cascade, FOREIGN KEY (product_id) REFERENCES products(id) ON DELETE NO ACTION);
CREATE TABLE advanced_builder_sections (id text PRIMARY KEY NOT NULL, page_id text NOT NULL, type text NOT NULL, enabled integer DEFAULT 1 NOT NULL, sort_order integer NOT NULL, props_json text DEFAULT '{}' NOT NULL, blocks_json text DEFAULT '[]' NOT NULL, published_props_json text, published_blocks_json text, published_at integer, version integer DEFAULT 1 NOT NULL, created_at integer, updated_at integer, FOREIGN KEY (page_id) REFERENCES advanced_builder_pages(id) ON DELETE cascade);
CREATE TABLE IF NOT EXISTS "leads_data" (
	`id` integer PRIMARY KEY AUTOINCREMENT NOT NULL,
	`conversation_id` integer NOT NULL,
	`key` text NOT NULL,
	`value` text NOT NULL,
	`created_at` integer,
	FOREIGN KEY (`conversation_id`) REFERENCES `ai_conversations`(`id`) ON UPDATE no action ON DELETE cascade
);
CREATE TABLE IF NOT EXISTS "messages" (
	`id` integer PRIMARY KEY AUTOINCREMENT NOT NULL,
	`conversation_id` integer NOT NULL,
	`role` text NOT NULL,
	`content` text NOT NULL,
	`function_name` text,
	`function_args` text,
	`function_result` text,
	`tokens_used` integer,
	`credits_used` integer DEFAULT 1,
	`created_at` integer,
	FOREIGN KEY (`conversation_id`) REFERENCES `ai_conversations`(`id`) ON UPDATE no action ON DELETE cascade
);
CREATE TABLE `product_recommendations` (
	`id` integer PRIMARY KEY AUTOINCREMENT NOT NULL,
	`store_id` integer NOT NULL,
	`source_product_id` integer NOT NULL,
	`recommended_product_id` integer NOT NULL,
	`score` real DEFAULT 0,
	`reason` text DEFAULT 'similar_category',
	`created_at` integer,
	FOREIGN KEY (`store_id`) REFERENCES `stores`(`id`) ON UPDATE no action ON DELETE cascade,
	FOREIGN KEY (`source_product_id`) REFERENCES `products`(`id`) ON UPDATE no action ON DELETE cascade,
	FOREIGN KEY (`recommended_product_id`) REFERENCES `products`(`id`) ON UPDATE no action ON DELETE cascade
);
CREATE TABLE IF NOT EXISTS "ab_tests" (
	`id` integer PRIMARY KEY AUTOINCREMENT NOT NULL,
	`store_id` integer NOT NULL,
	`name` text NOT NULL,
	`test_key` text NOT NULL,
	`variant_a` text NOT NULL,
	`variant_b` text NOT NULL,
	`traffic_split` integer DEFAULT 50,
	`status` text DEFAULT 'active',
	`views_a` integer DEFAULT 0,
	`conversions_a` integer DEFAULT 0,
	`views_b` integer DEFAULT 0,
	`conversions_b` integer DEFAULT 0,
	`winner` text,
	`started_at` integer,
	`ended_at` integer,
	`created_at` integer,
	FOREIGN KEY (`store_id`) REFERENCES `stores`(`id`) ON UPDATE no action ON DELETE cascade
);
CREATE TABLE `published_pages` (
	`id` integer PRIMARY KEY AUTOINCREMENT NOT NULL,
	`store_id` integer NOT NULL,
	`page_type` text DEFAULT 'landing',
	`product_id` integer,
	`html_content` text NOT NULL,
	`css_content` text,
	`meta_tags` text,
	`template_id` text,
	`config_hash` text,
	`published_at` integer,
	`expires_at` integer,
	`created_at` integer,
	`updated_at` integer,
	FOREIGN KEY (`store_id`) REFERENCES `stores`(`id`) ON UPDATE no action ON DELETE cascade,
	FOREIGN KEY (`product_id`) REFERENCES `products`(`id`) ON UPDATE no action ON DELETE no action
);
CREATE TABLE `page_versions` (
	`id` integer PRIMARY KEY AUTOINCREMENT NOT NULL,
	`store_id` integer NOT NULL,
	`config_json` text NOT NULL,
	`version_label` text,
	`created_by` integer,
	`published_at` integer,
	`created_at` integer,
	FOREIGN KEY (`store_id`) REFERENCES `stores`(`id`) ON UPDATE no action ON DELETE cascade,
	FOREIGN KEY (`created_by`) REFERENCES `users`(`id`) ON UPDATE no action ON DELETE no action
);
CREATE TABLE `template_analytics` (
	`id` integer PRIMARY KEY AUTOINCREMENT NOT NULL,
	`store_id` integer NOT NULL,
	`template_id` text NOT NULL,
	`page_views` integer DEFAULT 0,
	`unique_visitors` integer DEFAULT 0,
	`orders_generated` integer DEFAULT 0,
	`revenue_generated` real DEFAULT 0,
	`conversion_rate` real DEFAULT 0,
	`period_start` integer,
	`period_end` integer,
	`updated_at` integer,
	`created_at` integer,
	FOREIGN KEY (`store_id`) REFERENCES `stores`(`id`) ON UPDATE no action ON DELETE cascade
);
INSERT INTO "template_analytics" VALUES(1,5,'premium-bd',7,0,4,1740,0,NULL,NULL,1768914685,1768607886);
CREATE TABLE IF NOT EXISTS "customers" (
    id INTEGER PRIMARY KEY AUTOINCREMENT,
    store_id INTEGER NOT NULL REFERENCES stores(id) ON DELETE CASCADE,
    email TEXT,
    name TEXT,
    phone TEXT,
    address TEXT,
    created_at INTEGER DEFAULT (unixepoch()),
    updated_at INTEGER DEFAULT (unixepoch()),
    risk_score INTEGER,
    risk_checked_at INTEGER,
    total_orders INTEGER DEFAULT 0,
    total_spent REAL DEFAULT 0,
    last_order_at INTEGER,
    segment TEXT DEFAULT 'new',
    tags TEXT,
    loyalty_points INTEGER DEFAULT 0,
    loyalty_tier TEXT DEFAULT 'bronze',
    referred_by INTEGER
, password_hash TEXT, google_id TEXT, auth_provider TEXT DEFAULT 'email', last_login_at INTEGER);
INSERT INTO "customers" VALUES(1,5,'01739416661@phone.local','zisab','01739416661','kuygkuyguy uygkuygkuyg',1768563715,1768563715,NULL,NULL,1,16000,NULL,'regular',NULL,0,'bronze',NULL,NULL,NULL,'email',NULL);
INSERT INTO "customers" VALUES(2,6,'01739416661@phone.local','Zisan','01739416661','jyfjyf jyfjfhgfhgftrs5 4w y3wyrwy45',1768563715,1768563715,NULL,NULL,3,449700,NULL,'regular',NULL,0,'bronze',NULL,NULL,NULL,'email',NULL);
INSERT INTO "customers" VALUES(3,12,'01739416661@phone.local','Rahmatullah Zisan','01739416661',replace('Sabiha Manjil D.K.P Road\nBabe jannat madrasa','\n',char(10)),1768563715,1768563715,NULL,NULL,2,74000,NULL,'regular',NULL,0,'bronze',NULL,NULL,NULL,'email',NULL);
INSERT INTO "customers" VALUES(4,15,'1712345678@phone.local','Grover','1712345678','asdasdasdsada',1768563715,1768563715,NULL,NULL,1,256000,NULL,'regular',NULL,0,'bronze',NULL,NULL,NULL,'email',NULL);
INSERT INTO "customers" VALUES(5,5,NULL,'zisan','01700000000','jjmhgfcmj road barguna',1768904651,1768914685,NULL,NULL,3,2360,1768914685,'vip',NULL,11,'silver',NULL,NULL,NULL,NULL,NULL);
INSERT INTO "customers" VALUES(6,5,NULL,'Test Debug','01711111111','Test Debug Address',1768914296,1768914296,NULL,NULL,1,1120,1768914296,'regular',NULL,5,'silver',NULL,NULL,NULL,NULL,NULL);
CREATE TABLE checkout_sessions (
  id TEXT PRIMARY KEY,
  store_id INTEGER NOT NULL REFERENCES stores(id) ON DELETE CASCADE,
  
  -- Cart snapshot
  cart_json TEXT NOT NULL,
  
  -- Customer info
  customer_id INTEGER REFERENCES customers(id) ON DELETE SET NULL,
  email TEXT,
  phone TEXT,
  customer_name TEXT,
  
  -- Addresses
  shipping_address_json TEXT,
  billing_address_json TEXT,
  
  -- Server-calculated pricing
  pricing_json TEXT,
  discount_code TEXT,
  
  -- Payment method
  payment_method TEXT DEFAULT 'cod' CHECK(payment_method IN ('cod', 'bkash', 'nagad', 'stripe')),
  
  -- Status
  status TEXT DEFAULT 'pending' CHECK(status IN ('pending', 'processing', 'completed', 'abandoned', 'expired')),
  
  -- Idempotency
  idempotency_key TEXT UNIQUE,
  order_id INTEGER REFERENCES orders(id) ON DELETE SET NULL,
  
  -- Expiration
  expires_at INTEGER,
  
  -- Attribution
  landing_page_id INTEGER,
  utm_source TEXT,
  utm_medium TEXT,
  utm_campaign TEXT,
  
  -- Timestamps
  created_at INTEGER DEFAULT (strftime('%s', 'now')),
  updated_at INTEGER DEFAULT (strftime('%s', 'now'))
);
INSERT INTO "checkout_sessions" VALUES('9ffd8b83-3f22-4c5a-b5ca-ce228c81d74c',5,'[{"productId":21,"quantity":2}]',NULL,NULL,'01700000000','Test User','{"address":"Test Address, Dhaka","division":"dhaka"}',NULL,'{"subtotal":500,"shipping":60,"tax":0,"total":560}',NULL,'cod','completed','5-1700000000-21-5896348',8,NULL,NULL,NULL,NULL,NULL,1768904651,1768904651);
INSERT INTO "checkout_sessions" VALUES('bfad5fa5-2fae-4b06-b576-97376a4f1f6e',5,'[{"productId":21,"quantity":2}]',NULL,NULL,'01711111111','Test Debug','{"address":"Test Debug Address","division":"dhaka"}',NULL,'{"subtotal":500,"shipping":60,"tax":0,"total":560}',NULL,'cod','completed','5-1711111111-21-5896380',9,NULL,NULL,NULL,NULL,NULL,1768914296,1768914296);
INSERT INTO "checkout_sessions" VALUES('719fcab7-aef6-4e00-922e-b2902432f2ac',5,'[{"productId":21,"quantity":1}]',NULL,NULL,'01700000000','zisan','{"address":"dkp road barguna\n","division":"dhaka"}',NULL,'{"subtotal":250,"shipping":60,"tax":0,"total":310}',NULL,'cod','completed','5-1700000000-21-5896381',10,NULL,NULL,NULL,NULL,NULL,1768914418,1768914418);
INSERT INTO "checkout_sessions" VALUES('f3e8a473-936a-4c07-ae35-242626a28973',5,'[{"productId":21,"quantity":1}]',NULL,NULL,'01700000000','zisan','{"address":"jjmhgfcmj road barguna","division":"dhaka"}',NULL,'{"subtotal":250,"shipping":60,"tax":0,"total":310}',NULL,'cod','completed','5-1700000000-21-5896382',11,NULL,NULL,NULL,NULL,NULL,1768914685,1768914685);
CREATE TABLE carts (
  id TEXT PRIMARY KEY,
  store_id INTEGER NOT NULL REFERENCES stores(id) ON DELETE CASCADE,
  
  -- Customer/Visitor identification
  customer_id INTEGER REFERENCES customers(id) ON DELETE SET NULL,
  visitor_id TEXT, -- Anonymous visitor tracking
  session_id TEXT, -- Server session ID
  
  -- Currency
  currency TEXT DEFAULT 'BDT',
  
  -- Status and expiration
  status TEXT DEFAULT 'active' CHECK(status IN ('active', 'converted', 'abandoned', 'merged')),
  expires_at INTEGER,
  
  -- Timestamps
  created_at INTEGER DEFAULT (strftime('%s', 'now')),
  updated_at INTEGER DEFAULT (strftime('%s', 'now'))
);
CREATE TABLE cart_items (
  id TEXT PRIMARY KEY,
  cart_id TEXT NOT NULL REFERENCES carts(id) ON DELETE CASCADE,
  store_id INTEGER NOT NULL REFERENCES stores(id) ON DELETE CASCADE,
  
  -- Product reference
  product_id INTEGER NOT NULL REFERENCES products(id) ON DELETE CASCADE,
  variant_id INTEGER REFERENCES product_variants(id) ON DELETE SET NULL,
  
  -- Quantity
  quantity INTEGER NOT NULL DEFAULT 1,
  
  -- Price snapshot at add time
  unit_price_snapshot REAL,
  title_snapshot TEXT,
  image_snapshot TEXT,
  variant_title_snapshot TEXT,
  
  -- Timestamps
  added_at INTEGER DEFAULT (strftime('%s', 'now')),
  updated_at INTEGER DEFAULT (strftime('%s', 'now'))
);
CREATE TABLE shop_domains (
  id INTEGER PRIMARY KEY AUTOINCREMENT,
  store_id INTEGER NOT NULL REFERENCES stores(id) ON DELETE CASCADE,
  domain TEXT NOT NULL UNIQUE,
  is_primary INTEGER DEFAULT 0, -- 1 = primary domain for the store
  ssl_status TEXT DEFAULT 'pending', -- pending, provisioning, active, failed
  verified_at INTEGER, -- Timestamp when domain was verified
  dns_verified INTEGER DEFAULT 0, -- 1 = DNS verification passed
  created_at INTEGER DEFAULT (strftime('%s', 'now') * 1000),
  updated_at INTEGER DEFAULT (strftime('%s', 'now') * 1000)
);
CREATE TABLE locations (
  id INTEGER PRIMARY KEY AUTOINCREMENT,
  store_id INTEGER NOT NULL REFERENCES stores(id) ON DELETE CASCADE,
  name TEXT NOT NULL,
  code TEXT, -- Short code like "DHK-1", "CTG-2"
  address TEXT,
  city TEXT,
  district TEXT,
  phone TEXT,
  is_default INTEGER DEFAULT 0, -- 1 = default location for new inventory
  is_active INTEGER DEFAULT 1,
  fulfillment_priority INTEGER DEFAULT 0, -- Higher = prefer for order fulfillment
  created_at INTEGER DEFAULT (strftime('%s', 'now') * 1000),
  updated_at INTEGER DEFAULT (strftime('%s', 'now') * 1000)
);
CREATE TABLE location_inventory (
  id INTEGER PRIMARY KEY AUTOINCREMENT,
  location_id INTEGER NOT NULL REFERENCES locations(id) ON DELETE CASCADE,
  product_id INTEGER NOT NULL REFERENCES products(id) ON DELETE CASCADE,
  variant_id INTEGER REFERENCES product_variants(id) ON DELETE CASCADE,
  quantity INTEGER NOT NULL DEFAULT 0,
  reserved_quantity INTEGER NOT NULL DEFAULT 0, -- Reserved for pending orders
  reorder_point INTEGER DEFAULT 0, -- Alert when quantity falls below
  created_at INTEGER DEFAULT (strftime('%s', 'now') * 1000),
  updated_at INTEGER DEFAULT (strftime('%s', 'now') * 1000),
  UNIQUE(location_id, product_id, variant_id)
);
CREATE TABLE `themes` (
	`id` text PRIMARY KEY NOT NULL,
	`shop_id` integer NOT NULL,
	`name` text DEFAULT 'Default Theme' NOT NULL,
	`preset_id` text,
	`is_active` integer DEFAULT 1,
	`created_at` integer,
	`updated_at` integer,
	FOREIGN KEY (`shop_id`) REFERENCES `stores`(`id`) ON UPDATE no action ON DELETE cascade
);
CREATE TABLE `theme_templates` (
	`id` text PRIMARY KEY NOT NULL,
	`shop_id` integer NOT NULL,
	`theme_id` text NOT NULL,
	`template_key` text NOT NULL,
	`title` text,
	`description` text,
	`created_at` integer,
	`updated_at` integer,
	FOREIGN KEY (`shop_id`) REFERENCES `stores`(`id`) ON UPDATE no action ON DELETE cascade,
	FOREIGN KEY (`theme_id`) REFERENCES `themes`(`id`) ON UPDATE no action ON DELETE cascade
);
CREATE TABLE `template_sections_draft` (
	`id` text PRIMARY KEY NOT NULL,
	`shop_id` integer NOT NULL,
	`template_id` text NOT NULL,
	`type` text NOT NULL,
	`enabled` integer DEFAULT 1,
	`sort_order` integer NOT NULL,
	`props_json` text DEFAULT '{}',
	`blocks_json` text DEFAULT '[]',
	`version` integer DEFAULT 1,
	`created_at` integer,
	`updated_at` integer,
	FOREIGN KEY (`shop_id`) REFERENCES `stores`(`id`) ON UPDATE no action ON DELETE cascade,
	FOREIGN KEY (`template_id`) REFERENCES `theme_templates`(`id`) ON UPDATE no action ON DELETE cascade
);
CREATE TABLE `template_sections_published` (
	`id` text PRIMARY KEY NOT NULL,
	`shop_id` integer NOT NULL,
	`template_id` text NOT NULL,
	`type` text NOT NULL,
	`enabled` integer DEFAULT 1,
	`sort_order` integer NOT NULL,
	`props_json` text DEFAULT '{}',
	`blocks_json` text DEFAULT '[]',
	`published_at` integer,
	FOREIGN KEY (`shop_id`) REFERENCES `stores`(`id`) ON UPDATE no action ON DELETE cascade,
	FOREIGN KEY (`template_id`) REFERENCES `theme_templates`(`id`) ON UPDATE no action ON DELETE cascade
);
CREATE TABLE `theme_settings_draft` (
	`id` text PRIMARY KEY NOT NULL,
	`shop_id` integer NOT NULL,
	`theme_id` text NOT NULL,
	`settings_json` text DEFAULT '{}',
	`version` integer DEFAULT 1,
	`updated_at` integer,
	FOREIGN KEY (`shop_id`) REFERENCES `stores`(`id`) ON UPDATE no action ON DELETE cascade,
	FOREIGN KEY (`theme_id`) REFERENCES `themes`(`id`) ON UPDATE no action ON DELETE cascade
);
CREATE TABLE `theme_settings_published` (
	`id` text PRIMARY KEY NOT NULL,
	`shop_id` integer NOT NULL,
	`theme_id` text NOT NULL,
	`settings_json` text DEFAULT '{}',
	`published_at` integer,
	FOREIGN KEY (`shop_id`) REFERENCES `stores`(`id`) ON UPDATE no action ON DELETE cascade,
	FOREIGN KEY (`theme_id`) REFERENCES `themes`(`id`) ON UPDATE no action ON DELETE cascade
);
CREATE TABLE `theme_presets` (
	`id` text PRIMARY KEY NOT NULL,
	`name` text NOT NULL,
	`description` text,
	`thumbnail_url` text,
	`category` text,
	`default_settings_json` text DEFAULT '{}',
	`default_templates_json` text DEFAULT '{}',
	`is_active` integer DEFAULT 1,
	`created_at` integer
);
CREATE TABLE saved_blocks (
    id TEXT PRIMARY KEY,
    store_id INTEGER NOT NULL REFERENCES stores(id) ON DELETE CASCADE,
    
    -- Block metadata
    name TEXT NOT NULL,
    category TEXT NOT NULL DEFAULT 'custom',
    description TEXT,
    
    -- Block content (GrapesJS JSON format)
    content TEXT NOT NULL,
    
    -- Preview thumbnail (optional)
    thumbnail TEXT,
    
    -- Usage tracking
    usage_count INTEGER NOT NULL DEFAULT 0,
    
    -- Timestamps (stored as Unix milliseconds)
    created_at INTEGER NOT NULL DEFAULT (strftime('%s', 'now') * 1000),
    updated_at INTEGER NOT NULL DEFAULT (strftime('%s', 'now') * 1000)
);
CREATE TABLE page_revisions (
    id TEXT PRIMARY KEY,
    page_id TEXT NOT NULL REFERENCES builder_pages(id) ON DELETE CASCADE,
    store_id INTEGER NOT NULL REFERENCES stores(id) ON DELETE CASCADE,
    
    -- Revision content (full GrapesJS project data)
    content TEXT NOT NULL,
    
    -- Revision metadata
    revision_type TEXT NOT NULL DEFAULT 'auto', -- 'auto', 'manual', 'publish'
    description TEXT, -- User-provided description for manual saves
    
    -- Who created this revision
    created_by INTEGER REFERENCES store_users(id) ON DELETE SET NULL,
    
    -- Timestamps
    created_at INTEGER NOT NULL DEFAULT (strftime('%s', 'now') * 1000)
);
DELETE FROM sqlite_sequence;
INSERT INTO "sqlite_sequence" VALUES('stores',17);
INSERT INTO "sqlite_sequence" VALUES('products',22);
INSERT INTO "sqlite_sequence" VALUES('d1_migrations',79);
INSERT INTO "sqlite_sequence" VALUES('users',12);
INSERT INTO "sqlite_sequence" VALUES('orders',11);
INSERT INTO "sqlite_sequence" VALUES('order_items',10);
INSERT INTO "sqlite_sequence" VALUES('activity_logs',21);
INSERT INTO "sqlite_sequence" VALUES('product_variants',13);
INSERT INTO "sqlite_sequence" VALUES('abandoned_carts',1);
INSERT INTO "sqlite_sequence" VALUES('payments',0);
INSERT INTO "sqlite_sequence" VALUES('landing_pages',2);
INSERT INTO "sqlite_sequence" VALUES('marketing_leads',1);
INSERT INTO "sqlite_sequence" VALUES('agents',1);
INSERT INTO "sqlite_sequence" VALUES('page_views',228);
INSERT INTO "sqlite_sequence" VALUES('visitors',2);
INSERT INTO "sqlite_sequence" VALUES('visitor_messages',12);
INSERT INTO "sqlite_sequence" VALUES('system_logs',29);
INSERT INTO "sqlite_sequence" VALUES('conversations',1);
INSERT INTO "sqlite_sequence" VALUES('admin_audit_logs',10);
INSERT INTO "sqlite_sequence" VALUES('password_resets',1);
INSERT INTO "sqlite_sequence" VALUES('store_themes',1);
INSERT INTO "sqlite_sequence" VALUES('leads_data',0);
INSERT INTO "sqlite_sequence" VALUES('messages',0);
INSERT INTO "sqlite_sequence" VALUES('ab_tests',0);
INSERT INTO "sqlite_sequence" VALUES('customers',6);
INSERT INTO "sqlite_sequence" VALUES('template_analytics',1);
INSERT INTO "sqlite_sequence" VALUES('saved_landing_configs',1);
INSERT INTO "sqlite_sequence" VALUES('push_subscriptions',2);
INSERT INTO "sqlite_sequence" VALUES('loyalty_transactions',4);
CREATE INDEX idx_products_store_id ON products(store_id);
CREATE INDEX idx_products_store_category ON products(store_id, category);
CREATE INDEX idx_orders_store_id ON orders(store_id);
CREATE INDEX idx_orders_customer_id ON orders(customer_id);
CREATE INDEX idx_orders_store_status ON orders(store_id, status);
CREATE INDEX idx_order_items_order_id ON order_items(order_id);
CREATE INDEX idx_stores_mode ON stores(mode);
CREATE INDEX users_email_idx ON users(email);
CREATE INDEX users_store_id_idx ON users(store_id);
CREATE INDEX `abandoned_carts_store_id_idx` ON `abandoned_carts` (`store_id`);
CREATE INDEX `abandoned_carts_session_idx` ON `abandoned_carts` (`session_id`);
CREATE INDEX `abandoned_carts_status_idx` ON `abandoned_carts` (`store_id`, `status`);
CREATE INDEX `email_campaigns_store_id_idx` ON `email_campaigns` (`store_id`);
CREATE INDEX `email_campaigns_status_idx` ON `email_campaigns` (`store_id`,`status`);
CREATE INDEX `email_subscribers_store_id_idx` ON `email_subscribers` (`store_id`);
CREATE INDEX `email_subscribers_email_idx` ON `email_subscribers` (`store_id`,`email`);
CREATE INDEX `saved_landing_configs_store_id_idx` ON `saved_landing_configs` (`store_id`);
CREATE INDEX reviews_store_product_idx ON reviews(store_id, product_id);
CREATE INDEX reviews_status_idx ON reviews(store_id, status);
CREATE INDEX saas_coupons_code_idx ON saas_coupons (code);
CREATE UNIQUE INDEX `saas_coupons_code_unique` ON `saas_coupons` (`code`);
CREATE INDEX `ab_test_assignments_visitor_idx` ON `ab_test_assignments` (`test_id`,`visitor_id`);
CREATE INDEX `ab_test_variants_test_idx` ON `ab_test_variants` (`test_id`);
CREATE INDEX `email_automation_steps_automation_idx` ON `email_automation_steps` (`automation_id`);
CREATE INDEX `email_automations_store_idx` ON `email_automations` (`store_id`);
CREATE INDEX `email_queue_scheduled_idx` ON `email_queue` (`scheduled_at`,`status`);
CREATE INDEX `email_queue_store_idx` ON `email_queue` (`store_id`);
CREATE INDEX `order_bumps_store_product_idx` ON `order_bumps` (`store_id`,`product_id`);
CREATE INDEX `upsell_offers_store_product_idx` ON `upsell_offers` (`store_id`,`product_id`);
CREATE UNIQUE INDEX `upsell_tokens_token_unique` ON `upsell_tokens` (`token`);
CREATE INDEX `upsell_tokens_token_idx` ON `upsell_tokens` (`token`);
CREATE INDEX page_views_store_idx ON page_views(store_id);
CREATE INDEX page_views_date_idx ON page_views(store_id, created_at);
CREATE INDEX page_views_visitor_idx ON page_views(store_id, visitor_id);
CREATE INDEX admin_roles_user_idx ON admin_roles(user_id);
CREATE INDEX store_tags_store_idx ON store_tags(store_id);
CREATE INDEX store_tags_tag_idx ON store_tags(tag);
CREATE UNIQUE INDEX `marketing_leads_email_unique` ON `marketing_leads` (`email`);
CREATE INDEX `marketing_leads_email_idx` ON `marketing_leads` (`email`);
CREATE INDEX landing_pages_store_id_idx ON landing_pages(store_id);
CREATE INDEX landing_pages_slug_idx ON landing_pages(store_id, slug);
CREATE INDEX `agents_store_id_idx` ON `agents` (`store_id`);
CREATE INDEX `conversations_agent_id_idx` ON `conversations` (`agent_id`);
CREATE INDEX `conversations_phone_idx` ON `conversations` (`customer_phone`);
CREATE INDEX `conversations_session_idx` ON `conversations` (`session_id`);
CREATE INDEX `faqs_agent_id_idx` ON `faqs` (`agent_id`);
CREATE INDEX `knowledge_sources_agent_id_idx` ON `knowledge_sources` (`agent_id`);
CREATE INDEX `visitor_messages_visitor_id_idx` ON `visitor_messages` (`visitor_id`);
CREATE UNIQUE INDEX `password_resets_token_unique` ON `password_resets` (`token`);
CREATE INDEX `password_resets_token_idx` ON `password_resets` (`token`);
CREATE INDEX `password_resets_user_idx` ON `password_resets` (`user_id`);
CREATE INDEX `store_themes_store_id_idx` ON `store_themes` (`store_id`);
CREATE INDEX `store_themes_active_idx` ON `store_themes` (`store_id`,`is_active`);
CREATE INDEX `ai_conversations_agent_idx` ON `ai_conversations` (`agent_id`);
CREATE INDEX `ai_conversations_store_idx` ON `ai_conversations` (`store_id`);
CREATE INDEX loyalty_tx_customer_idx ON loyalty_transactions(customer_id);
CREATE INDEX loyalty_tx_store_idx ON loyalty_transactions(store_id);
CREATE UNIQUE INDEX `push_subscriptions_endpoint_unique` ON `push_subscriptions` (`endpoint`);
CREATE INDEX `push_subscriptions_store_id_idx` ON `push_subscriptions` (`store_id`);
CREATE INDEX `push_subscriptions_user_id_idx` ON `push_subscriptions` (`user_id`);
CREATE INDEX `admin_audit_logs_store_idx` ON `admin_audit_logs` (`store_id`);
CREATE INDEX `admin_audit_logs_actor_idx` ON `admin_audit_logs` (`actor_id`);
CREATE INDEX `admin_audit_logs_action_idx` ON `admin_audit_logs` (`store_id`,`action`);
CREATE INDEX webhook_logs_webhook_idx ON webhook_delivery_logs (webhook_id);
CREATE INDEX webhook_logs_event_idx ON webhook_delivery_logs (event_type);
CREATE INDEX idx_cache_expires ON cache_store(expires_at);
CREATE INDEX idx_ai_cache_expires ON ai_cache(expires_at);
CREATE INDEX `collections_store_id_idx` ON `collections` (`store_id`);
CREATE INDEX `collections_slug_idx` ON `collections` (`store_id`,`slug`);
CREATE INDEX `saved_landing_configs_slug_idx` ON `saved_landing_configs` (`store_id`,`offer_slug`);
CREATE UNIQUE INDEX idx_webhook_events_unique 
ON webhook_events(provider, event_id);
CREATE INDEX idx_webhook_events_store 
ON webhook_events(store_id, created_at);
CREATE UNIQUE INDEX idx_orders_idempotency 
ON orders(store_id, idempotency_key);
CREATE INDEX idx_builder_pages_store
ON builder_pages(store_id);
CREATE INDEX idx_builder_sections_order
ON builder_sections(page_id, sort_order);
CREATE INDEX idx_product_variants_inventory 
ON product_variants(product_id, available);
CREATE INDEX idx_adv_builder_pages_store ON advanced_builder_pages (store_id);
CREATE UNIQUE INDEX uniq_adv_builder_pages_slug ON advanced_builder_pages (store_id, slug);
CREATE INDEX idx_adv_builder_sections_page_order ON advanced_builder_sections (page_id, sort_order);
CREATE INDEX `ai_conversations_customer_idx` ON `ai_conversations` (`customer_id`);
CREATE INDEX `leads_data_conversation_idx` ON `leads_data` (`conversation_id`);
CREATE INDEX `messages_conversation_idx` ON `messages` (`conversation_id`);
CREATE INDEX `prod_recs_source_idx` ON `product_recommendations` (`store_id`,`source_product_id`);
CREATE INDEX `ab_tests_store_key_idx` ON `ab_tests` (`store_id`,`test_key`);
CREATE INDEX `ab_tests_status_idx` ON `ab_tests` (`store_id`,`status`);
CREATE INDEX `published_pages_store_id_idx` ON `published_pages` (`store_id`);
CREATE INDEX `published_pages_config_hash_idx` ON `published_pages` (`store_id`,`config_hash`);
CREATE INDEX `page_versions_store_id_idx` ON `page_versions` (`store_id`);
CREATE INDEX `template_analytics_store_id_idx` ON `template_analytics` (`store_id`);
CREATE INDEX `template_analytics_template_idx` ON `template_analytics` (`store_id`,`template_id`);
CREATE INDEX customers_store_id_idx ON customers(store_id);
CREATE INDEX customers_segment_idx ON customers(store_id, segment);
CREATE INDEX customers_google_id_idx ON customers(store_id, google_id);
CREATE INDEX idx_checkout_sessions_store ON checkout_sessions(store_id);
CREATE INDEX idx_checkout_sessions_status ON checkout_sessions(store_id, status);
CREATE INDEX idx_checkout_sessions_expires ON checkout_sessions(expires_at);
CREATE INDEX idx_carts_store ON carts(store_id);
CREATE INDEX idx_carts_customer ON carts(customer_id);
CREATE INDEX idx_carts_visitor ON carts(visitor_id);
CREATE INDEX idx_carts_status ON carts(store_id, status);
CREATE INDEX idx_cart_items_cart ON cart_items(cart_id);
CREATE INDEX idx_cart_items_product ON cart_items(product_id);
CREATE INDEX idx_shop_domains_store ON shop_domains(store_id);
CREATE INDEX idx_shop_domains_domain ON shop_domains(domain);
CREATE INDEX idx_locations_store ON locations(store_id);
CREATE INDEX idx_locations_active ON locations(store_id, is_active);
CREATE INDEX idx_location_inventory_location ON location_inventory(location_id);
CREATE INDEX idx_location_inventory_product ON location_inventory(product_id);
CREATE INDEX idx_location_inventory_variant ON location_inventory(variant_id);
CREATE INDEX `idx_themes_shop` ON `themes` (`shop_id`);
CREATE INDEX `idx_themes_active` ON `themes` (`shop_id`, `is_active`);
CREATE INDEX `idx_theme_templates_theme` ON `theme_templates` (`theme_id`);
CREATE INDEX `idx_theme_templates_shop` ON `theme_templates` (`shop_id`);
CREATE UNIQUE INDEX `uniq_theme_template_key` ON `theme_templates` (`theme_id`, `template_key`);
CREATE INDEX idx_saved_blocks_store ON saved_blocks(store_id);
CREATE INDEX idx_saved_blocks_category ON saved_blocks(store_id, category);
CREATE INDEX idx_saved_blocks_created ON saved_blocks(store_id, created_at DESC);
CREATE INDEX idx_page_revisions_page ON page_revisions(page_id);
CREATE INDEX idx_page_revisions_store ON page_revisions(store_id);
CREATE INDEX idx_page_revisions_created ON page_revisions(page_id, created_at DESC);
CREATE INDEX idx_builder_sections_variant ON builder_sections(page_id, variant);
